{
    "_scenename":"Restaurant scene",
    "_sid":"scene_res",
    "_slabel":"This scene can be used to simulate social interactions that may trigger anxiety or paranoia in individuals with psychosis. Avatars can be used to simulate a difficult conversation with a stranger, or simulate an uncomfortable situation at the restaurant, such as a spill or a loud noise.",
    "_playarea":{
       "#pid":"p1",
       "#length":"100",
       "#breadth":"100",
       "#height":"10",
       "#comment":"Values in feets",
       "#x_scenecenter":0,
       "#y_scenecenter":5,
       "#z_scenecenter":0
    },   
    "_camera":
    { 
    "IsSceneObject":true,
    "trackingorigin":"floor"
    },
    "_initialcamerapos":{
       "#x_initialcamerapos":"0",
       "#y_initialcamerapos":"5",
       "#z_initialcamerapos":"0"
    },
    "_viewport":{
       "#x_viewport":"0",
       "#y_viewport":"0",
       "#w_viewport":"1",
       "#h_viewport":"1"
    },
    "_clippingplane":{
       "near_cp":0.01,
       "far_cp":1000
    }, 
    "_horizon":true,
    "_dof":6,
    "_skybox":1,
    "_controllers":
    {
       "type":"hand", "raycast":true, "raydistance":10, "raythinkness":1, "raycolor":"red", "raytype":"curve"
    },
    "_gravity":{
       "value":10
    },
    "_interaction":true,
    "_nestedscene":{
       "#value":false,
       "#scenecount":0,
       "#sid_order":0
    },
    "_audio":true,
    "_timeline":true,
    "_Opttxt1":"null",
    "@context_mock":"_blank",
    "usertype":[
       {
          "type": "single",
          "uplayarea":{
             "#length_uplayarea":20,
             "#breadth_uplayarea":20,
             "#height_uplayarea":50
          },
          "initialupos":{
             "#x_initialupos":-10,
             "#y_initialupos":0,
             "#z_initialupos":0
          },
          "uplayareacenter":{
             "#x_uplayareacenter":-10,
             "#y_uplayareacenter":10,
             "#z_uplayareacenter":0
          }
       }
    ]
}