{
	"ObjAction": [
        {
            "actresid": "item_collector",
            "sourceObj": "_shoppingcart",
            "targetObj": "_item1",
            "IsCollision": true,
            "response": "natural/custom",
            "comment": "<freetext>",
            "Syncronous": true,
            "repeatactionfor": "_item2, _item3, _item4, _item5, _item6, _item7, _item8, _item9, _item10"
        },
	{
	"actresid":"item_viewer1",
	"sourceObj":"_shelf",
    "targetObj":"_item1",	          
		"IsCollision":true,
    "response":"natural/custom",
    "comment":"<freetext>",
    "Syncronous":true,
	"repeatactionfor":""
	},
	
	
	{
	"actresid":"_shelf",
	"sourceObj":"_item1",
    "targetObj":"_shoppingcart",	         
		"IsCollision":true,
    "response":"natural/custom",
    "comment":"<freetext>",
    "Syncronous":true,
    "repeatactionfor":"null"
	}
	]
}	