{
    "articles": [
        {
            "_objectname": "Shopping Cart",
            "_sid": "_prodcutsCollecter",
            "_slabel": "This holds all finalised purchasing products ",
            "_IsHidden": 0,
            "_enumcount": 0,            
            "_Is3DObject":1,
            "HasChild": 0,           
            "shape": "hallow cuboid",
            "dimension": {
                "dradii": 0,                
                "dvolumn": "1000",
                "dlength": "10",
                "dbreadth": "10",
                "dheigth": "10"
            },
            "IsText": false,
            "IsText3D": false,
            "lighting": {
                "CastShadow": "true",
                "ReceiveShadow": "true",
                "ContributeGlobalIlumination": "true"
            },
            "IsIlluminate": false,
            "Transform_initialpos": {
                "#x_initialpos": 0,
                "#y_initialpos": 5,
                "#z_initialpos": 0
            },
            "Transform_initialrotation": {
                "#x_initialrotation": 0,
                "#y_initialrotation": 0,
                "#z_initialrotation": 0
            },
            "Transform_objectscale": {
                "#x_objectscale": "0",
                "#y_objectscale": "0",
                "#z_objectscale": "0"
            },
            "repeattransfrom": {
                "distfactorx": "null",
                "distfactory": "null",
                "distfactorz": "null"
            },
            "Interaction": {
                "XRGrabInteractable": "true",
                "XRInteractionMaskLayer":  "nothing/everything/custom",
                "TrackPosition": "true",
                "TrackRotation": "true",
                "Throw_Detach":"0",
                    "forcegravity": "false",
                    "velocity": "3",
                    "angularvelocity": "2"},
                "Smoothing": "true",
                "Smoothing_duration": "0.5",
                "attachtransform": {
                    "#rotate_x": "0",
                    "#rotate_y": "0",
                    "#rotate_z": "0",
                    "#pos_x": "0",
                    "#pos_y": "0",
                    "#pos_z": "0"
                },
                "XRRigidObject": {
                    "value": "true",
                    "mass":"50",
                    "dragfriction": "5",
                    "angulardrag": "4",
                    "Isgravityenable": "true",
                    "IsKinematic": "true",
                    "CanInterpolate": "true",
                    "CollisionPolling": "NA"
              
            },
            "aud_hasaudio": "true",
            "aud_type": "static/dynamic",
            "aud_src": "/path",
            "aud_volume": "10",
            "aud_PlayInloop": "true",
            "aud_IsSurround": "true",
            "aud_Dopplerlevel": "0.9",
            "aud_spread": "0",
            "aud_mindist": "0",
            "aud_maxdist": "10",
            "_timeline": "true",
            "_Opttxt1": "null",
            "@context_img_source": "_blank"
        },
        {
            "_objectname": "Item_2",
            "_sid": "_item2",
            "_slabel": "This is Item2",
            "_IsHidden":  0,
            "_enumcount": 1,
            "_Is3DObject":1,
            "HasChild": 0,
            "shape": "Cuboid",
            "dimension": {
                "dradii": 0,
                "dvolumn": "125",
                "dlength": "5",
                "dbreadth": "5",
                "dheigth": "5"
            },
            "IsText": false,
            "IsText3D": false,
            "lighting": {
                "CastShadow": "true",
                "ReceiveShadow": "true",
                "ContributeGlobalIlumination": "true"
            },
            "IsIlluminate": false,
            "Transform_initialpos": {
                "#x_initialpos": "20",
                "#y_initialpos": "5",
                "#z_initialpos": "0"
            },
            "Transform_initialrotation": {
                "#x_initialrotation": "20",
                "#y_initialrotation": "0",
                "#z_initialrotation": "0"
            },
            "Transform_objectscale": {
                "#x_objectscale": "20",
                "#y_objectscale": "0",
                "#z_objectscale": "0"
            },
            "repeattransfrom": {
                "distfactorx": "null",
                "distfactory": "null",
                "distfactorz": "null"
            },
            "Interaction": {
                "XRGrabInteractable": "true",
                "XRInteractionMaskLayer":  "nothing/everything/custom",
                "TrackPosition": "true",
                "TrackRotation": "true",
                "Throw_Detach":"0",
                    "forcegravity": "false",
                    "velocity": "3",
                    "angularvelocity": "2"},
                "Smoothing": "true",
                "Smoothing_duration": "0.5",
                "attachtransform": {
                    "#rotate_x": "0",
                    "#rotate_y": "0",
                    "#rotate_z": "0",
                    "#pos_x": "0",
                    "#pos_y": "0",
                    "#pos_z": "0"
                },
                "XRRigidObject": {
                    "value": "true",
                    "mass": "23",
                    "dragfriction": "5",
                    "angulardrag": "4",
                    "Isgravityenable": "true",
                    "IsKinematic": "true",
                    "CanInterpolate": "false",
                    "CollisionPolling": "NO"
                
            },
            "aud_hasaudio": "true",
            "aud_type": "static/dynamic",
            "aud_src": "/path",
            "aud_volume": "10",
            "aud_PlayInloop": "false",
            "aud_IsSurround": "true",
            "aud_Dopplerlevel": "0.9",
            "aud_spread": "0",
            "aud_mindist": "0",
            "aud_maxdist": "10",
            "_timeline": "true",
            "_Opttxt1": "null",
            "@context_img_source": "_blank"
        },
        {
            "_objectname": "Item_3",
            "_sid": "_item3",
            "_slabel": "This is Item3",
            "_IsHidden":  0,
            "_enumcount": 1,
            "_Is3DObject":1,
            "HasChild": 0,
            "shape": "Cuboid",
            "dimension": {
                "dradii": 0,
                "dvolumn": "125",
                "dlength": "5",
                "dbreadth": "5",
                "dheigth": "5"
            },
            "IsText": false,
            "IsText3D": false,
            "lighting": {
                "CastShadow": "true",
                "ReceiveShadow": "true",
                "ContributeGlobalIlumination": "true"
            },
            "IsIlluminate": false,
            "Transform_initialpos": {
                "#x_initialpos": "25",
                "#y_initialpos": "5",
                "#z_initialpos": "0"
            },
            "Transform_initialrotation": {
                "#x_initialrotation": "25",
                "#y_initialrotation": "0",
                "#z_initialrotation": "0"
            },
            "Transform_objectscale": {
                "#x_objectscale": "25",
                "#y_objectscale": "0",
                "#z_objectscale": "0"
            },
            "repeattransfrom": {
                "distfactorx": "null",
                "distfactory": "null",
                "distfactorz": "null"
            },
            "Interaction": {
                "XRGrabInteractable": "true",
                "XRInteractionMaskLayer":  "nothing/everything/custom",
                "TrackPosition": "true",
                "TrackRotation": "true",
                "Throw_Detach":"0",
                    "forcegravity": "false",
                    "velocity": "3",
                    "angularvelocity": "2"},
                "Smoothing": "true",
                "Smoothing_duration": "0.5",
                "attachtransform": {
                    "#rotate_x": "0",
                    "#rotate_y": "0",
                    "#rotate_z": "0",
                    "#pos_x": "0",
                    "#pos_y": "0",
                    "#pos_z": "0"
                },
                "XRRigidObject": {
                    "value": "true",
                    "mass": "10",
                    "dragfriction": "5",
                    "angulardrag": "4",
                    "Isgravityenable": "true",
                    "IsKinematic": "true",
                    "CanInterpolate": "false",
                    "CollisionPolling": "NO"
                
            },
            "aud_hasaudio": "true",
            "aud_type": "static/dynamic",
            "aud_src": "/path",
            "aud_volume": "10",
            "aud_PlayInloop": "false",
            "aud_IsSurround": "true",
            "aud_Dopplerlevel": "0.9",
            "aud_spread": "0",
            "aud_mindist": "0",
            "aud_maxdist": "10",
            "_timeline": "true",
            "_Opttxt1": "null",
            "@context_img_source": "_blank"
        },
        {
            "_objectname": "Item_4",
            "_sid": "_item4",
            "_slabel": "This is Item4",
            "_IsHidden":  0,
            "_enumcount": 1,
            "_Is3DObject":1,
            "HasChild": 0,
            "shape": "Cuboid",
            "dimension": {
                "dradii": 0,
                "dvolumn": "125",
                "dlength": "5",
                "dbreadth": "5",
                "dheigth": "5"
            },
            "IsText": false,
            "IsText3D": false,
            "lighting": {
                "CastShadow": "true",
                "ReceiveShadow": "true",
                "ContributeGlobalIlumination": "true"
            },
            "IsIlluminate": false,
            "Transform_initialpos": {
                "#x_initialpos": "15",
                "#y_initialpos": "5",
                "#z_initialpos": "2"
            },
            "Transform_initialrotation": {
                "#x_initialrotation": "15",
                "#y_initialrotation": "0",
                "#z_initialrotation": "2"
            },
            "Transform_objectscale": {
                "#x_objectscale": "15",
                "#y_objectscale": "0",
                "#z_objectscale": "2"
            },
            "repeattransfrom": {
                "distfactorx": "null",
                "distfactory": "null",
                "distfactorz": "null"
            },
            "Interaction": {
                "XRGrabInteractable": "true",
                "XRInteractionMaskLayer":  "nothing/everything/custom",
                "TrackPosition": "true",
                "TrackRotation": "true",
                "Throw_Detach":"0",
                    "forcegravity": "false",
                    "velocity": "3",
                    "angularvelocity": "2"},
                "Smoothing": "true",
                "Smoothing_duration": "0.5",
                "attachtransform": {
                    "#rotate_x": "0",
                    "#rotate_y": "0",
                    "#rotate_z": "0",
                    "#pos_x": "0",
                    "#pos_y": "0",
                    "#pos_z": "0"
                },
                "XRRigidObject": {
                    "value": "true",
                    "mass": "15",
                    "dragfriction": "5",
                    "angulardrag": "4",
                    "Isgravityenable": "true",
                    "IsKinematic": "true",
                    "CanInterpolate": "false",
                    "CollisionPolling": "NO"
                
            },
            "aud_hasaudio": "true",
            "aud_type": "static/dynamic",
            "aud_src": "/path",
            "aud_volume": "10",
            "aud_PlayInloop": "false",
            "aud_IsSurround": "true",
            "aud_Dopplerlevel": "0.9",
            "aud_spread": "0",
            "aud_mindist": "0",
            "aud_maxdist": "10",
            "_timeline": "true",
            "_Opttxt1": "null",
            "@context_img_source": "_blank"
        },
        {
            "_objectname": "Item_5",
            "_sid": "_item5",
            "_slabel": "This is Item5",
            "_IsHidden":  0,
            "_enumcount": 1,
            "_Is3DObject":1,
            "HasChild": 0,
            "shape": "Cuboid",
            "dimension": {
                "dradii": 0,
                "dvolumn": "125",
                "dlength": "5",
                "dbreadth": "5",
                "dheigth": "5"
            },
            "IsText": false,
            "IsText3D": false,
            "lighting": {
                "CastShadow": "true",
                "ReceiveShadow": "true",
                "ContributeGlobalIlumination": "true"
            },
            "IsIlluminate": false,
            "Transform_initialpos": {
                "#x_initialpos": "20",
                "#y_initialpos": "5",
                "#z_initialpos": "2"
            },
            "Transform_initialrotation": {
                "#x_initialrotation": "20",
                "#y_initialrotation": "5",
                "#z_initialrotation": "2"
            },
            "Transform_objectscale": {
                "#x_objectscale": "20",
                "#y_objectscale": "5",
                "#z_objectscale": "2"
            },
            "repeattransfrom": {
                "distfactorx": "null",
                "distfactory": "null",
                "distfactorz": "null"
            },
            "Interaction": {
                "XRGrabInteractable": "true",
                "XRInteractionMaskLayer":  "nothing/everything/custom",
                "TrackPosition": "true",
                "TrackRotation": "true",
                "Throw_Detach":"0",
                    "forcegravity": "false",
                    "velocity": "3",
                    "angularvelocity": "2"},
                "Smoothing": "true",
                "Smoothing_duration": "0.5",
                "attachtransform": {
                    "#rotate_x": "0",
                    "#rotate_y": "0",
                    "#rotate_z": "0",
                    "#pos_x": "0",
                    "#pos_y": "0",
                    "#pos_z": "0"
                },
                "XRRigidObject": {
                    "value": "true",
                    "mass": "30",
                    "dragfriction": "5",
                    "angulardrag": "4",
                    "Isgravityenable": "true",
                    "IsKinematic": "true",
                    "CanInterpolate": "false",
                    "CollisionPolling": "NO"
                
            },
            "aud_hasaudio": "true",
            "aud_type": "static/dynamic",
            "aud_src": "/path",
            "aud_volume": "10",
            "aud_PlayInloop": "false",
            "aud_IsSurround": "true",
            "aud_Dopplerlevel": "0.9",
            "aud_spread": "0",
            "aud_mindist": "0",
            "aud_maxdist": "10",
            "_timeline": "true",
            "_Opttxt1": "null",
            "@context_img_source": "_blank"
        },
        {
            "_objectname": "Item_6",
            "_sid": "_item6",
            "_slabel": "This is Item6",
            "_IsHidden": 0,
            "_enumcount": 1,
            "_Is3DObject":1,
            "HasChild": 0,
            "shape": "Cuboid",
            "dimension": {
                "dradii": 0,
                "dvolumn": "125",
                "dlength": "5",
                "dbreadth": "5",
                "dheigth": "5"
            },
            "IsText": false,
            "IsText3D": false,
            "lighting": {
                "CastShadow": "true",
                "ReceiveShadow": "true",
                "ContributeGlobalIlumination": "true"
            },
            "IsIlluminate": false,
            "Transform_initialpos": {
                "#x_initialpos": "25",
                "#y_initialpos": "5",
                "#z_initialpos": "4"
            },
            "Transform_initialrotation": {
                "#x_initialrotation": "25",
                "#y_initialrotation": "5",
                "#z_initialrotation": "4"
            },
            "Transform_objectscale": {
                "#x_objectscale": "25",
                "#y_objectscale": "5",
                "#z_objectscale": "4"
            },
            "repeattransfrom": {
                "distfactorx": "null",
                "distfactory": "null",
                "distfactorz": "null"
            },
            "Interaction": {
                "XRGrabInteractable": "true",
                "XRInteractionMaskLayer":  "nothing/everything/custom",
                "TrackPosition": "true",
                "TrackRotation": "true",
                "Throw_Detach":"0",
                    "forcegravity": "false",
                    "velocity": "3",
                    "angularvelocity": "2"},
                "Smoothing": "true",
                "Smoothing_duration": "0.5",
                "attachtransform": {
                    "#rotate_x": "0",
                    "#rotate_y": "0",
                    "#rotate_z": "0",
                    "#pos_x": "0",
                    "#pos_y": "0",
                    "#pos_z": "0"
                },
                "XRRigidObject": {
                    "value": "true",
                    "mass": "8",
                    "dragfriction": "5",
                    "angulardrag": "4",
                    "Isgravityenable": "true",
                    "IsKinematic": "true",
                    "CanInterpolate": "false",
                    "CollisionPolling": "NO"
                
            },
            "aud_hasaudio": "true",
            "aud_type": "static/dynamic",
            "aud_src": "/path",
            "aud_volume": "10",
            "aud_PlayInloop": "false",
            "aud_IsSurround": "true",
            "aud_Dopplerlevel": "0.9",
            "aud_spread": "0",
            "aud_mindist": "0",
            "aud_maxdist": "10",
            "_timeline": "true",
            "_Opttxt1": "null",
            "@context_img_source": "_blank"
        },
        {
            "_objectname": "Item_7",
            "_sid": "_item7",
            "_slabel": "This is Item7",
            "_IsHidden":  0,
            "_enumcount": 1,
            "_Is3DObject":1,
            "HasChild": 0,
            "shape": "Cuboid",
            "dimension": {
                "dradii": 0,
                "dvolumn": "125",
                "dlength": "5",
                "dbreadth": "5",
                "dheigth": "5"
            },
            "IsText": false,
            "IsText3D": false,
            "lighting": {
                "CastShadow": "true",
                "ReceiveShadow": "true",
                "ContributeGlobalIlumination": "true"
            },
            "IsIlluminate": false,
            "Transform_initialpos": {
                "#x_initialpos": "15",
                "#y_initialpos": "5",
                "#z_initialpos": "-2"
            },
            "Transform_initialrotation": {
                "#x_initialrotation": "15",
                "#y_initialrotation": "5",
                "#z_initialrotation": "-2"
            },
            "Transform_objectscale": {
                "#x_objectscale": "15",
                "#y_objectscale": "5",
                "#z_objectscale": "-2"
            },
            "repeattransfrom": {
                "distfactorx": "null",
                "distfactory": "null",
                "distfactorz": "null"
            },
            "Interaction": {
                "XRGrabInteractable": "true",
                "XRInteractionMaskLayer":  "nothing/everything/custom",
                "TrackPosition": "true",
                "TrackRotation": "true",
                "Throw_Detach":"0",
                    "forcegravity": "false",
                    "velocity": "3",
                    "angularvelocity": "2"},
                "Smoothing": "true",
                "Smoothing_duration": "0.5",
                "attachtransform": {
                    "#rotate_x": "0",
                    "#rotate_y": "0",
                    "#rotate_z": "0",
                    "#pos_x": "0",
                    "#pos_y": "0",
                    "#pos_z": "0"
                },
                "XRRigidObject": {
                    "value": "true",
                    "mass": "20",
                    "dragfriction": "5",
                    "angulardrag": "4",
                    "Isgravityenable": "true",
                    "IsKinematic": "true",
                    "CanInterpolate": "false",
                    "CollisionPolling": "NO"
                
            },
            "aud_hasaudio": "true",
            "aud_type": "static/dynamic",
            "aud_src": "/path",
            "aud_volume": "10",
            "aud_PlayInloop": "false",
            "aud_IsSurround": "true",
            "aud_Dopplerlevel": "0.9",
            "aud_spread": "0",
            "aud_mindist": "0",
            "aud_maxdist": "10",
            "_timeline": "true",
            "_Opttxt1": "null",
            "@context_img_source": "_blank"
        },
        {
            "_objectname": "Item_8",
            "_sid": "_item8",
            "_slabel": "This is Item8",
            "_IsHidden": 0,
            "_enumcount": 1,
            "_Is3DObject":1,
            "HasChild": 0,
            "shape": "Cuboid",
            "dimension": {
                "dradii": 0,
                "dvolumn": "125",
                "dlength": "5",
                "dbreadth": "5",
                "dheigth": "5"
            },
            "IsText": false,
            "IsText3D": false,
            "lighting": {
                "CastShadow": "true",
                "ReceiveShadow": "true",
                "ContributeGlobalIlumination": "true"
            },
            "IsIlluminate": false,
            "Transform_initialpos": {
                "#x_initialpos": "20",
                "#y_initialpos": "5",
                "#z_initialpos": "-4"
            },
            "Transform_initialrotation": {
                "#x_initialrotation": "20",
                "#y_initialrotation": "5",
                "#z_initialrotation": "-4"

            },
            "Transform_objectscale": {
                "#x_objectscale": "25",
                "#y_objectscale": "5",
                "#z_objectscale": "-4"
            },
            "repeattransfrom": {
                "distfactorx": "null",
                "distfactory": "null",
                "distfactorz": "null"
            },
            "Interaction": {
                "XRGrabInteractable": "true",
                "XRInteractionMaskLayer":  "nothing/everything/custom",
                "TrackPosition": "true",
                "TrackRotation": "true",
                "Throw_Detach":"0",
                    "forcegravity": "false",
                    "velocity": "3",
                    "angularvelocity": "2"},
                "Smoothing": "true",
                "Smoothing_duration": "0.5",
                "attachtransform": {
                    "#rotate_x": "0",
                    "#rotate_y": "0",
                    "#rotate_z": "0",
                    "#pos_x": "0",
                    "#pos_y": "0",
                    "#pos_z": "0"
                },
                "XRRigidObject": {
                    "value": "true",
                    "mass": "28",
                    "dragfriction": "5",
                    "angulardrag": "4",
                    "Isgravityenable": "true",
                    "IsKinematic": "true",
                    "CanInterpolate": "false",
                    "CollisionPolling": "NO"
            },
            "aud_hasaudio": "true",
            "aud_type": "static/dynamic",
            "aud_src": "/path",
            "aud_volume": "10",
            "aud_PlayInloop": "false",
            "aud_IsSurround": "true",
            "aud_Dopplerlevel": "0.9",
            "aud_spread": "0",
            "aud_mindist": "0",
            "aud_maxdist": "10",
            "_timeline": "true",
            "_Opttxt1": "null",
            "@context_img_source": "_blank"
        },
        {
            "_objectname": "Item_9",
            "_sid": "_item9",
            "_slabel": "This is Item9",
            "_IsHidden":  0,
            "_enumcount": 1,
            "_Is3DObject":1,
            "HasChild": 0,
            "shape": "Cuboid",
            "dimension": {
                "dradii": 0,
                "dvolumn": "125",
                "dlength": "5",
                "dbreadth": "5",
                "dheigth": "5"
            },
            "IsText": false,
            "IsText3D": false,
            "lighting": {
                "CastShadow": "true",
                "ReceiveShadow": "true",
                "ContributeGlobalIlumination": "true"
            },
            "IsIlluminate": false,
            "Transform_initialpos": {
                "#x_initialpos": "25",
                "#y_initialpos": "5",
                "#z_initialpos": "-6"
            },
            "Transform_initialrotation": {
                "#x_initialrotation": "25",
                "#y_initialrotation": "5",
                "#z_initialrotation": "-6"
            },
            "Transform_objectscale": {
                "#x_objectscale": "25",
                "#y_objectscale": "5",
                "#z_objectscale": "-6"
            },
            "repeattransfrom": {
                "distfactorx": "null",
                "distfactory": "null",
                "distfactorz": "null"
            },
            "Interaction": {
                "XRGrabInteractable": "true",
                "XRInteractionMaskLayer":  "nothing/everything/custom",
                "TrackPosition": "true",
                "TrackRotation": "true",
                "Throw_Detach":"0",
                    "forcegravity": "false",
                    "velocity": "3",
                    "angularvelocity": "2"
            },
                "Smoothing": "true",
                "Smoothing_duration": "0.5",
                "attachtransform": {
                    "#rotate_x": "0",
                    "#rotate_y": "0",
                    "#rotate_z": "0",
                    "#pos_x": "0",
                    "#pos_y": "0",
                    "#pos_z": "0"
                },
                "XRRigidObject": {
                    "value": "true",
                    "mass": "16",
                    "dragfriction": "5",
                    "angulardrag": "4",
                    "Isgravityenable": "true",
                    "IsKinematic": "true",
                    "CanInterpolate": "false",
                    "CollisionPolling": "NO"
                },
            "aud_hasaudio": "true",
            "aud_type": "static/dynamic",
            "aud_src": "/path",
            "aud_volume": "10",
            "aud_PlayInloop": "false",
            "aud_IsSurround": "true",
            "aud_Dopplerlevel": "0.9",
            "aud_spread": "0",
            "aud_mindist": "0",
            "aud_maxdist": "10",
            "_timeline": "true",
            "_Opttxt1": "null",
            "@context_img_source": "_blank"
        },
        {
            "_objectname": "Item_10",
            "_sid": "_item10",
            "_slabel": "This is Item10",
            "_IsHidden":  0,
            "_enumcount": 1,
            "_Is3DObject":1,
            "HasChild": 0,
            "shape": "Cuboid",
            "dimension": {
                "dradii": 0,
                "dvolumn": "125",
                "dlength": "5",
                "dbreadth": "5",
                "dheigth": "5"
            },
            "IsText": false,
            "IsText3D": false,
            "lighting": {
                "CastShadow": "true",
                "ReceiveShadow": "true",
                "ContributeGlobalIlumination": "true"
            },
            "IsIlluminate": false,
            "Transform_initialpos": {
                "#x_initialpos": "15",
                "#y_initialpos": "5",
                "#z_initialpos": "-2"
            },
            "Transform_initialrotation": {
                "#x_initialrotation": "15",
                "#y_initialrotation": "5",
                "#z_initialrotation": "-2"
            },
            "Transform_objectscale": {
                "#x_objectscale": "15",
                "#y_objectscale": "5",
                "#z_objectscale": "-2"
            },
            "repeattransfrom": {
                "distfactorx": "null",
                "distfactory": "null",
                "distfactorz": "null"
            },
            "Interaction": {
                "XRGrabInteractable": "true",
                "XRInteractionMaskLayer":  "nothing/everything/custom",
                "TrackPosition": "true",
                "TrackRotation": "true",
                "Throw_Detach":"0",
                    "forcegravity": "false",
                    "velocity": "3",
                    "angularvelocity": "2"
            },
                "Smoothing": "true",
                "Smoothing_duration": "0.5",
                "attachtransform": {
                    "#rotate_x": "0",
                    "#rotate_y": "0",
                    "#rotate_z": "0",
                    "#pos_x": "0",
                    "#pos_y": "0",
                    "#pos_z": "0"
                },
                "XRRigidObject": {
                    "value": "true",
                    "mass": "22",
                    "dragfriction": "5",
                    "angulardrag": "4",
                    "Isgravityenable": "true",
                    "IsKinematic": "true",
                    "CanInterpolate": "false",
                    "CollisionPolling": "NO"
                
            },
            "aud_hasaudio": "true",
            "aud_type": "static/dynamic",
            "aud_src": "/path",
            "aud_volume": "10",
            "aud_PlayInloop": "false",
            "aud_IsSurround": "true",
            "aud_Dopplerlevel": "0.9",
            "aud_spread": "0",
            "aud_mindist": "0",
            "aud_maxdist": "10",
            "_timeline": "true",
            "_Opttxt1": "null",
            "@context_img_source": "_blank"
        },
        {
            "_objectname": "Shelf",
            "_sid": "_platformshelf",
            "_slabel": "This is a platform to view the products and whole shopping site experience",
            "_IsHidden": 0,
            "_enumcount": 1,
            "_Is3DObject": 1,
            "HasChild": 0,
            "shape": "Cuboid",
            "dimension": {
                "dradii": 0,
                "dvolumn": "91125",
                "dlength": "45",
                "dbreadth": "45",
                "dheigth": "45"
            },
            "IsText": false,
            "IsText3D": false,
            "lighting": {
                "CastShadow": "true",
                "ReceiveShadow": "true",
                "ContributeGlobalIlumination": "true"
            },
            "IsIlluminate": false,
            "Transform_initialpos": {
                "#x_initialpos": "5",
                "#y_initialpos": "5",
                "#z_initialpos": "0"
            },
            "Transform_initialrotation": {
                "#x_initialrotation": "0",
                "#y_initialrotation": "0",
                "#z_initialrotation": "0"
            },
            "Transform_objectscale": {
                "#x_objectscale": "0",
                "#y_objectscale": "0",
                "#z_objectscale": "0"
            },
            "repeattransfrom": {
                "distfactorx": "null",
                "distfactory": "null",
                "distfactorz": "null"
            },
            "Interaction": {
                "XRGrabInteractable": "true",
                "XRInteractionMaskLayer": "nothing/everything/custom",
                "TrackPosition": "true",
                "TrackRotation": "true",
                "Throw_Detach": "0",
                "forcegravity": "false",
                "velocity": "3",
                "angularvelocity": "2"
            },
            "Smoothing": "true",
            "Smoothing_duration": "0.5",
            "attachtransform": {
                "#rotate_x": "0",
                "#rotate_y": "0",
                "#rotate_z": "0",
                "#pos_x": "0",
                "#pos_y": "0",
                "#pos_z": "0"
            },
            "XRRigidObject": {
                "value": "true",
                "mass": "90",
                "dragfriction": "5",
                "angulardrag": "4",
                "Isgravityenable": "true",
                "IsKinematic": "false",
                "CanInterpolate": "false",
                "CollisionPolling": "NO"
            },
            "aud_hasaudio": "true",
            "aud_type": "static/dynamic",
            "aud_src": "/path",
            "aud_volume": "10",
            "aud_PlayInloop": "false",
            "aud_IsSurround": "true",
            "aud_Dopplerlevel": "0.9",
            "aud_spread": "0",
            "aud_mindist": "0",
            "aud_maxdist": "10",
            "_timeline": "true",
            "_Opttxt1": "null",
            "@context_img_source": "_blank"
        }
    ]
}