{
    "setvalues": {
        "custom_variables": "$observe,$addtocart,$removefromcart",
        "cost": 0,
        "rObjList": [
            "_item1",
            "_item2",
            "_item3",
            "_item4",
            "_item5",
            "_item6",
            "_item7",
            "_item8",
            "_item9",
            "_item10",
            "_shoppingcart"
        ]
    },
    "rules": [
        {
            "rid": "addtocart",
            "rtitle": "rule to add item to shopping cart",
            "logic": "aWYoIHtfZ2FtZWJhbGwgJGhpdHMgX2FueXBpbn0gT1Ige19hbnlwaW4gJGhpdHMgX2FueXBpbn0pCnRoZW4gJGZhbGwoX2FueXBpbik="
        },
        {
            "rid": "removefromcart",
            "rtitle": "rule to remove item from shopping cart",
            "logic": "aWYgKCRyb2xsID0gdHJ1ZSkKcG9pbnQgPSAjY291bnQoJGZhbGwoX2FueXBpbikpICogaW5kX3BvaW50CmVsc2UgCnBvaW50ID0gbnVsbAo="
        },
        {
            "rid": "observe",
            "rtitle": "rule to observe item",
            "logic": "aWYgKHskcm9sbCA9IHRydWV9IEFORCB7I2NvdW50KCRmYWxsKF9hbnlwaW4pPTEwfSkKdGhlbiBwb2ludCA9IHN0cmlrZV9wb2ludAplbHNlCnBvaW50ID0gbnVsbA=="
        }
    ],
    "ruleorder": {
        "ordertype": "asc",
        "rorder": [
            "observe",
            "addtocart",
            "removefromcart"
        ]
    }
}