{
    "_scenename": "VR Shopping Platform",
    "_sid": "123",
    "_slabel": "An interactive virtual store with products",
    "_playarea": {
        "#pid": "p1",
        "#length_playarea": 50,
        "#breadth_playarea": 50,
        "#height_playarea": 50,
        "#comment": "Values in ",
        "#x_scenecenter": 0,
        "#y_scenecenter": 5,
        "#z_scenecenter": 0
    },
    "_camera": {
        "IsSceneObject": true,
        "trackingorigin": "floor"
    },
    "_initialcamerapos": {
        "#x_initialcamerapos": 0,
        "#y_initialcamerapos": 5,
        "#z_initialcamerapos": 0
    },
    "_viewport": {
        "#x_viewport": 0,
        "#y_viewport": 0,
        "#w_viewport": 1,
        "#h_viewport": 1
    },
    "_clippingplane": {
        "near_cp": 0.01,
        "far_cp": 1000
    },
    "_horizon": true,
    "_dof": 6,
    "_skybox": 1,
    "_controllers": {
        "type": "hand",
        "raycast": false,
        "raydistance": 0,
        "raythinkness": 0,
        "raycolor": "null",
        "raytype": "null"
    },
    "_gravity": {
        "value": 10
    },
    "_interaction": true,
    "_nestedscene": {
        "#value": false,
        "#scenecount": 0,
        "#sid_order": 0
    },
    "_audio": true,
    "_timeline": true,
    "_Opttxt1": "null",
    "@context_mock": "_blank",
    "usertype": [
        {
            "type": "single",
            "uplayarea": {
                "#length_uplayarea": 20,
                "#breadth_uplayarea": 20,
                "#height_uplayarea": 50
            },
            "initialupos": {
                "#x_initialupos": 10,
                "#y_initialupos": 0,
                "#z_initialupos": 0
            },
            "uplayareacenter": {
                "#x_uplayareacenter": -10,
                "#y_uplayareacenter": 10,
                "#z_uplayareacenter": 0
            }
        },
        {
            "type": "multi",
            "uplayarea": {
                "#length_uplayarea": 25,
                "#breadth_uplayarea": 25,
                "#height_uplayarea": 50
            },
            "initialupos": {
                "#x_initialupos": -10,
                "#y_initialupos": 0,
                "#z_initialupos": 0
            },
            "uplayareacenter": {
                "#x_uplayareacenter": 0,
                "#y_uplayareacenter": 0,
                "#z_uplayareacenter": 0
            }
        }
    ]
}