{
   
    "ObjAction": [
        {
			"actresid": "throttle_aircraft",
            "sourceObj": "_throttlelever",
            "targetObj": "_aircraft",
                    "IsCollision": false,
                    "response": "natural/custom",
                    "comment": "<freetext>",
                    "Syncronous": true,
                    "repeatactionfor":""
                
			},
			{
			"actresid": "throttle_navigation",
            "sourceObj": "_throttlelever",
			"targetObj": "_navigation",

                    "IsCollision": false,
                    "response": "natural/custom",
                    "comment": "<freetext>",
                    "Syncronous": true,
                    "repeatactionfor":""
		}
        ,
        {
			"actresid": "controlwheel_aircraft",
            "sourceObj": "_controlwheel",
            "targetObj": "_aircraft",
                   
                    "IsCollision": false,
                    "response": "natural/custom",
                    "comment": "<freetext>",
                    "Syncronous": true,
                    "repeatactionfor":""
                },
				{
					"actresid": "controlwheel_navigation",
                    "sourceObj": "_controlwheel",
                
                    "targetObj": "_navigation",
                    "IsCollision": false,
                    "response": "natural/custom",
                    "comment": "<freetext>",
                    "Syncronous": true,
                    "repeatactionfor":""
			
        },
        {
			"actresid": "elevator_aircraft",
            "sourceObj": "_elevator",
            "targetObj": "_aircraft",
                   
                    "IsCollision": false,
                    "response": "natural/custom",
                    "comment": "<freetext>",
                    "Syncronous": true,
                    "repeatactionfor":""
                },
                {
					"actresid": "elevator_navigation",
					"sourceObj": "_elevator",
                    "targetObj": "_navigation",
                    
                    "IsCollision": false,
                    "response": "natural/custom",
                    "comment": "<freetext>",
                    "Syncronous": true,
                    "repeatactionfor":""
        },
        {
			"actresid": "aircraft_runway",
            "sourceObj": "_aircraft",
            "targetObj": "_runway",
                   
                    "IsCollision": true,
                    "response": "natural/custom",
                    "comment": "<freetext>",
                    "Syncronous": false,
                    "repeatactionfor":""
                },

                {
					"actresid": "aircraft_runway",
                    "sourceObj": "_aircraft",
                    "targetObj": "_skybox",
                    "IsCollision": true,
                    "response": "natural/custom",
                    "comment": "<freetext>",
                    "Syncronous": false,
					"repeatactionfor":""
                }
            ]
}