{
   "articles": [
      {
         "_objectname": "Aircraft",
         "_sid": "_aircraft",
         "_slabel": "This is used to ",
         "_IsHidden": 0,
         "_enumcount": 1,
         "_Is3DObject": 1,
         "HasChild": 0,
         "shape": "cylindrical",
         "dimension": {
            "dradii": 0,
            "dvolumn": "null",
            "dlength": "50",
            "dbreadth": "50",
            "dheigth": "50"
         },
         "IsText": false,
         "IsText3D": false,
         "lighting": {
            "CastShadow": "0",
            "ReceiveShadow": "0",
            "ContributeGlobalIlumination": "1"
         },
         "IsIlluminate": true,
         "Transform_initialpos": {
            "#x_initialpos": "0",
            "#y_initialpos": "5",
            "#z_initialpos": "0"
         },
         "Transform_initialrotation": {
            "#x_initialrotation": "0",
            "#y_initialrotation": "5",
            "#z_initialrotation": "0"
         },
         "Transform_objectscale": {
            "#x_objectscale": "0",
            "#y_objectscale": "5",
            "#z_objectscale": "0"
         },
         "repeattransfrom": {
            "distfactorx": "null",
            "distfactory": "null",
            "distfactorz": "null"
         },
         "Interaction": {
            "XRGrabInteractable": "0",
            "XRInteractionMaskLayer": "1",
            "TrackPosition": "1",
            "TrackRotation": "1",
            "Throw_Detach": "0",
            "forcegravity": "1",
            "velocity": "1",
            "angularvelocity": "1"
         },
         "Smoothing": "1",
         "Smoothing_duration": "0.5",
         "attachtransform": {
            "#rotate_x": "null",
            "#rotate_y": "null",
            "#rotate_z": "null",
            "#pos_x": "null",
            "#pos_y": "null",
            "#pos_z": "null"
         },
         "XRRigidObject": {
            "value": "7",
            "mass": "100",
            "dragfriction": "20",
            "angulardrag": "15",
            "Isgravityenable": "true",
            "IsKinematic": "1",
            "CanInterpolate": "0",
            "CollisionPolling": "Periodic"
         },
         "aud_hasaudio": "1",
         "aud_type": "static/dynamic",
         "aud_src": "/path",
         "aud_volume": "10",
         "aud_PlayInloop": "0",
         "aud_IsSurround": "1",
         "aud_Dopplerlevel": "0.3",
         "aud_spread": "0.4",
         "aud_mindist": "5",
         "aud_maxdist": "15",
         "_Opttxt1": "This object resembles the aircraft with cockpit and control simulated",
         "@context_img_source": "/img/aircraft"
      },
      {
         "_objectname": "Runway",
         "_sid": "_runway",
         "_slabel": "This is where aircraft takes off and lands ",
         "_IsHidden": 0,
         "_enumcount": 1,
         "_Is3DObject": 1,
         "HasChild": 0,
         "shape": "rectangle",
         "dimension": {
            "dradii": 0,
            "dvolumn": "null",
            "dlength": "1000",
            "dbreadth": "70",
            "dheigth": "5"
         },
         "IsText": false,
         "IsText3D": false,
         "lighting": {
            "CastShadow": "0",
            "ReceiveShadow": "0",
            "ContributeGlobalIlumination": "1"
         },
         "IsIlluminate": true,
         "Transform_initialpos": {
            "#x_initialpos": "0",
            "#y_initialpos": "5",
            "#z_initialpos": "0"
         },
         "Transform_initialrotation": {
            "#x_initialrotation": "0",
            "#y_initialrotation": "5",
            "#z_initialrotation": "0"
         },
         "Transform_objectscale": {
            "#x_objectscale": "0",
            "#y_objectscale": "5",
            "#z_objectscale": "0"
         },
         "repeattransfrom": {
            "distfactorx": "null",
            "distfactory": "null",
            "distfactorz": "null"
         },
         "Interaction": {
            "XRGrabInteractable": "0",
            "XRInteractionMaskLayer": "1",
            "TrackPosition": "1",
            "TrackRotation": "1",
            "Throw_Detach": "0",
            "forcegravity": "1",
            "velocity": "0",
            "angularvelocity": "0"
         },
         "Smoothing": "0",
         "Smoothing_duration": "0",
         "attachtransform": {
            "#rotate_x": "null",
            "#rotate_y": "null",
            "#rotate_z": "null",
            "#pos_x": "null",
            "#pos_y": "null",
            "#pos_z": "null"
         },
         "XRRigidObject": {
            "value": "10",
            "mass": "100",
            "dragfriction": "20",
            "angulardrag": "0",
            "Isgravityenable": "false",
            "IsKinematic": "0",
            "CanInterpolate": "0",
            "CollisionPolling": "false"
         },
         "aud_hasaudio": "1",
         "aud_type": "static/dynamic",
         "aud_src": "/path",
         "aud_volume": "10",
         "aud_PlayInloop": "0",
         "aud_IsSurround": "1",
         "aud_Dopplerlevel": "0.3",
         "aud_spread": "0.4",
         "aud_mindist": "5",
         "aud_maxdist": "15",
         "_Opttxt1": "This object resembles the runway",
         "@context_img_source": "/img/runway"
      },
      {
         "_objectname": "skybox",
         "_sid": "_skybox",
         "_slabel": "This is surrounding environment of scene",
         "_IsHidden": 0,
         "_enumcount": 1,
         "_Is3DObject": 1,
         "HasChild": 0,
         "shape": "cuboid",
         "dimension": {
            "dradii": 0,
            "dvolumn": "null",
            "dlength": "1000",
            "dbreadth": "1000",
            "dheigth": "1000"
         },
         "IsText": false,
         "IsText3D": false,
         "lighting": {
            "CastShadow": "1",
            "ReceiveShadow": "1",
            "ContributeGlobalIlumination": "1"
         },
         "IsIlluminate": true,
         "Transform_initialpos": {
            "#x_initialpos": "0",
            "#y_initialpos": "0",
            "#z_initialpos": "0"
         },
         "Transform_initialrotation": {
            "#x_initialrotation": "0",
            "#y_initialrotation": "5",
            "#z_initialrotation": "0"
         },
         "Transform_objectscale": {
            "#x_objectscale": "0",
            "#y_objectscale": "5",
            "#z_objectscale": "0"
         },
         "repeattransfrom": {
            "distfactorx": "null",
            "distfactory": "null",
            "distfactorz": "null"
         },
         "Interaction": {
            "XRGrabInteractable": "0",
            "XRInteractionMaskLayer": "1",
            "TrackPosition": "1",
            "TrackRotation": "1",
            "Throw_Detach": "0",
            "forcegravity": "1",
            "velocity": "0",
            "angularvelocity": "0"
         },
         "Smoothing": "0",
         "Smoothing_duration": "0",
         "attachtransform": {
            "#rotate_x": "null",
            "#rotate_y": "null",
            "#rotate_z": "null",
            "#pos_x": "null",
            "#pos_y": "null",
            "#pos_z": "null"
         },
         "XRRigidObject": {
            "value": "4",
            "mass": "0",
            "dragfriction": "0",
            "angulardrag": "0",
            "Isgravityenable": "false",
            "IsKinematic": "0",
            "CanInterpolate": "0",
            "CollisionPolling": "false"
         },
         "aud_hasaudio": "1",
         "aud_type": "static/dynamic",
         "aud_src": "/path",
         "aud_volume": "10",
         "aud_PlayInloop": "1",
         "aud_IsSurround": "1",
         "aud_Dopplerlevel": "0.3",
         "aud_spread": "0.4",
         "aud_mindist": "5",
         "aud_maxdist": "15",
         "_Opttxt1": "This object is the surrounding weather scene of flight which can be windy,heat,rain",
         "@context_img_source": "/img/skybox"
      },
      {
         "_objectname": "Navigation",
         "_sid": "_navigation",
         "_slabel": "This dispalys navigation control of cockpit",
         "_IsHidden": 0,
         "_enumcount": 1,
         "_Is3DObject": 1,
         "HasChild": 1,
         "shape": "cuboid",
         "dimension": {
            "dradii": 0,
            "dvolumn": "null",
            "dlength": "100",
            "dbreadth": "100",
            "dheigth": "100"
         },
         "IsText": true,
         "IsText3D": true,
         "lighting": {
            "CastShadow": "0",
            "ReceiveShadow": "0",
            "ContributeGlobalIlumination": "1"
         },
         "IsIlluminate": true,
         "Transform_initialpos": {
            "#x_initialpos": "2",
            "#y_initialpos": "2",
            "#z_initialpos": "0"
         },
         "Transform_initialrotation": {
            "#x_initialrotation": "0",
            "#y_initialrotation": "0",
            "#z_initialrotation": "0"
         },
         "Transform_objectscale": {
            "#x_objectscale": "2",
            "#y_objectscale": "2",
            "#z_objectscale": "0"
         },
         "repeattransfrom": {
            "distfactorx": "null",
            "distfactory": "null",
            "distfactorz": "null"
         },
         "Interaction": {
            "XRGrabInteractable": "1",
            "XRInteractionMaskLayer": "1",
            "TrackPosition": "1",
            "TrackRotation": "1",
            "Throw_Detach": "0",
            "forcegravity": "0",
            "velocity": "0",
            "angularvelocity": "0"
         },
         "Smoothing": "0",
         "Smoothing_duration": "0",
         "attachtransform": {
            "#rotate_x": "null",
            "#rotate_y": "null",
            "#rotate_z": "null",
            "#pos_x": "null",
            "#pos_y": "null",
            "#pos_z": "null"
         },
         "XRRigidObject": {
            "value": "10",
            "mass": "0",
            "dragfriction": "0",
            "angulardrag": "0",
            "Isgravityenable": "false",
            "IsKinematic": "0",
            "CanInterpolate": "0",
            "CollisionPolling": "false"
         },
         "aud_hasaudio": "1",
         "aud_type": "static/dynamic",
         "aud_src": "/path",
         "aud_volume": "10",
         "aud_PlayInloop": "1",
         "aud_IsSurround": "1",
         "aud_Dopplerlevel": "0.3",
         "aud_spread": "0.4",
         "aud_mindist": "5",
         "aud_maxdist": "15",
         "_Opttxt1": "This displays the navigation of aircraft",
         "@context_img_source": "/img/navigation_control"
      },
      {
         "_objectname": "throttle_lever",
         "_sid": "_throttlelever",
         "_slabel": "This controls the fuel flow to those engines",
         "_IsHidden": 0,
         "_enumcount": 1,
         "_Is3DObject": 1,
         "HasChild": 0,
         "shape": "cylinder",
         "dimension": {
            "dradii": 0,
            "dvolumn": "null",
            "dlength": "50",
            "dbreadth": "20",
            "dheigth": "20"
         },
         "IsText": false,
         "IsText3D": false,
         "lighting": {
            "CastShadow": "1",
            "ReceiveShadow": "1",
            "ContributeGlobalIlumination": "1"
         },
         "IsIlluminate": true,
         "Transform_initialpos": {
            "#x_initialpos": "0",
            "#y_initialpos": "0",
            "#z_initialpos": "0"
         },
         "Transform_initialrotation": {
            "#x_initialrotation": "0",
            "#y_initialrotation": "0",
            "#z_initialrotation": "0"
         },
         "Transform_objectscale": {
            "#x_objectscale": "0",
            "#y_objectscale": "0",
            "#z_objectscale": "0"
         },
         "repeattransfrom": {
            "distfactorx": "null",
            "distfactory": "null",
            "distfactorz": "null"
         },
         "Interaction": {
            "XRGrabInteractable": "1",
            "XRInteractionMaskLayer": "1",
            "TrackPosition": "1",
            "TrackRotation": "1",
            "Throw_Detach": "0",
            "forcegravity": "0",
            "velocity": "0",
            "angularvelocity": "0"
         },
         "Smoothing": "0",
         "Smoothing_duration": "0",
         "attachtransform": {
            "#rotate_x": "null",
            "#rotate_y": "null",
            "#rotate_z": "null",
            "#pos_x": "null",
            "#pos_y": "null",
            "#pos_z": "null"
         },
         "XRRigidObject": {
            "value": "10",
            "mass": "10",
            "dragfriction": "0",
            "angulardrag": "0",
            "Isgravityenable": "false",
            "IsKinematic": "0",
            "CanInterpolate": "0",
            "CollisionPolling": "false"
         },
         "aud_hasaudio": "1",
         "aud_type": "static/dynamic",
         "aud_src": "/path",
         "aud_volume": "10",
         "aud_PlayInloop": "1",
         "aud_IsSurround": "1",
         "aud_Dopplerlevel": "0.3",
         "aud_spread": "0.4",
         "aud_mindist": "5",
         "aud_maxdist": "15",
         "_Opttxt1": "This object controls the fuel flow to engine",
         "@context_img_source": "/img/throttle"
      },
      {
         "_objectname": "control_wheel",
         "_sid": "_controlwheel",
         "_slabel": "This controls the direction of aircraft movement",
         "_IsHidden": 0,
         "_enumcount": 2,
         "_Is3DObject": 1,
         "HasChild": 0,
         "shape": "T-shape",
         "dimension": {
            "dradii": 0,
            "dvolumn": "null",
            "dlength": "50",
            "dbreadth": "20",
            "dheigth": "50"
         },
         "IsText": false,
         "IsText3D": false,
         "lighting": {
            "CastShadow": "1",
            "ReceiveShadow": "1",
            "ContributeGlobalIlumination": "1"
         },
         "IsIlluminate": true,
         "Transform_initialpos": {
            "#x_initialpos": "0",
            "#y_initialpos": "0",
            "#z_initialpos": "0"
         },
         "Transform_initialrotation": {
            "#x_initialrotation": "0",
            "#y_initialrotation": "0",
            "#z_initialrotation": "0"
         },
         "Transform_objectscale": {
            "#x_objectscale": "0",
            "#y_objectscale": "0",
            "#z_objectscale": "0"
         },
         "repeattransfrom": {
            "distfactorx": "null",
            "distfactory": "null",
            "distfactorz": "null"
         },
         "Interaction": {
            "XRGrabInteractable": "1",
            "XRInteractionMaskLayer": "1",
            "TrackPosition": "1",
            "TrackRotation": "1",
            "Throw_Detach": "0",
            "forcegravity": "0",
            "velocity": "0",
            "angularvelocity": "0"
         },
         "Smoothing": "0",
         "Smoothing_duration": "0",
         "attachtransform": {
            "#rotate_x": "null",
            "#rotate_y": "null",
            "#rotate_z": "null",
            "#pos_x": "null",
            "#pos_y": "null",
            "#pos_z": "null"
         },
         "XRRigidObject": {
            "value": "10",
            "mass": "10",
            "dragfriction": "0",
            "angulardrag": "0",
            "Isgravityenable": "false",
            "IsKinematic": "0",
            "CanInterpolate": "0",
            "CollisionPolling": "false"
         },
         "aud_hasaudio": "1",
         "aud_type": "static/dynamic",
         "aud_src": "/path",
         "aud_volume": "10",
         "aud_PlayInloop": "1",
         "aud_IsSurround": "1",
         "aud_Dopplerlevel": "0.3",
         "aud_spread": "0.4",
         "aud_mindist": "5",
         "aud_maxdist": "15",
         "_Opttxt1": "This object controls the movement of aircarft and direction",
         "@context_img_source": "/img/control"
      },
      {
         "_objectname": "elevator",
         "_sid": "_elevator",
         "_slabel": "This controls the latitude and longitude of aircraft",
         "_IsHidden": 0,
         "_enumcount": 1,
         "_Is3DObject": 1,
         "HasChild": 0,
         "shape": "cylinder",
         "dimension": {
            "dradii": 0,
            "dvolumn": "null",
            "dlength": "50",
            "dbreadth": "20",
            "dheigth": "20"
         },
         "IsText": false,
         "IsText3D": false,
         "lighting": {
            "CastShadow": "1",
            "ReceiveShadow": "1",
            "ContributeGlobalIlumination": "1"
         },
         "IsIlluminate": true,
         "Transform_initialpos": {
            "#x_initialpos": "0",
            "#y_initialpos": "0",
            "#z_initialpos": "0"
         },
         "Transform_initialrotation": {
            "#x_initialrotation": "0",
            "#y_initialrotation": "0",
            "#z_initialrotation": "0"
         },
         "Transform_objectscale": {
            "#x_objectscale": "0",
            "#y_objectscale": "0",
            "#z_objectscale": "0"
         },
         "repeattransfrom": {
            "distfactorx": "null",
            "distfactory": "null",
            "distfactorz": "null"
         },
         "Interaction": {
            "XRGrabInteractable": "1",
            "XRInteractionMaskLayer": "1",
            "TrackPosition": "1",
            "TrackRotation": "1",
            "Throw_Detach": "0",
            "forcegravity": "0",
            "velocity": "0",
            "angularvelocity": "0"
         },
         "Smoothing": "0",
         "Smoothing_duration": "0",
         "attachtransform": {
            "#rotate_x": "null",
            "#rotate_y": "null",
            "#rotate_z": "null",
            "#pos_x": "null",
            "#pos_y": "null",
            "#pos_z": "null"
         },
         "XRRigidObject": {
            "value": "10",
            "mass": "10",
            "dragfriction": "0",
            "angulardrag": "0",
            "Isgravityenable": "false",
            "IsKinematic": "0",
            "CanInterpolate": "0",
            "CollisionPolling": "false"
         },
         "aud_hasaudio": "1",
         "aud_type": "static/dynamic",
         "aud_src": "/path",
         "aud_volume": "10",
         "aud_PlayInloop": "1",
         "aud_IsSurround": "1",
         "aud_Dopplerlevel": "0.3",
         "aud_spread": "0.4",
         "aud_mindist": "5",
         "aud_maxdist": "15",
         "_Opttxt1": "This object controls the height of aircraft",
         "@context_img_source": "/img/elevator"
      }
   ]
}