{
    "_scenename": "VR Flight Simulator",
    "_sid": "12345",
    "_slabel": "This is a flight simulator game",
    "_playarea": {
        "#pid": "p1",
        "#length": "500",
        "#breadth": "500",
        "#height": "500",
        "#comment": "Values in feet",
        "#x_scenecenter": 0,
        "#y_scenecenter": 250,
        "#z_scenecenter": 0
    },
    "_camera": {
        "IsSceneObject": true,
        "trackingorigin": "floor"
    },
    "_initialcamerapos": {
        "#x_initialcamerapos": "0",
        "#y_initialcamerapos": "250",
        "#z_initialcamerapos": "0"
    },
    "_viewport": {
        "#x_viewport": "0",
        "#y_viewport": "0",
        "#w_viewport": "1",
        "#h_viewport": "1"
    },
    "_clippingplane": {
        "near_cp": 0.01,
        "far_cp": 10000
    },
    "_horizon": true,
    "_dof": 6,
    "_skybox": 1,
    "_controllers": {
        "type": "hand",
        "raycast": true,
        "raydistance": 1000,
        "raythinkness": 1,
        "raycolor": "red",
        "raytype": "curve"
    },
    "_gravity": {
        "value": 9.81
    },
    "_interaction": true,
    "_nestedscene": {
        "#value": false,
        "#scenecount": 0,
        "#sid_order": 0
    },
    "_audio": true,
    "_timeline": true,
    "_Opttxt1": "null",
    "@context_mock": "_blank",
    "usertype": [
        {
            "type": "single",
            "uplayarea": {
                "#length_uplayarea": 50,
                "#breadth_uplayarea": 50,
                "#height_uplayarea": 50
            },
            "initialupos": {
                "#x_initialupos": 0,
                "#y_initialupos": 250,
                "#z_initialupos": 0
            },
            "uplayareacenter": {
                "#x_uplayareacenter": 0,
                "#y_uplayareacenter": 250,
                "#z_uplayareacenter": 0
            }
        },
        {
            "type": "multi",
            "uplayarea": {
                "#length_uplayarea": 50,
                "#breadth_uplayarea": 50,
                "#height_uplayarea": 50
            },
            "initialupos": {
                "#x_initialupos": 0,
                "#y_initialupos": 250,
                "#z_initialupos": 0
            },
            "uplayareacenter": {
                "#x_uplayareacenter": 0,
                "#y_uplayareacenter": 250,
                "#z_uplayareacenter": 0
            }
        }
    ],
    "airport": [
        {
            "type": "start",
            "airport_details": {
                "name": "Rajiv Gandhi International Airport",
                "code": "HYD",
                "#latitude": "17.240263",
                "#longitude": "78.429385",
                "#altitude": "617"
            }
        },
        {
            "type": "end",
            "_destination_airport": {
                "name": "John F. Kennedy International Airport",
                "code": "JFK",
                "#latitude": "40.7128",
                "#longitude": "-74.0060",
                "#altitude": "590"
            }
        }
    ],
    "models": [
        {
            "name": "Boeing 747",
            "type": "airliner",
            "performance": {
                "max_speed": "614 mph",
                "range": "8,000 nautical miles",
                "ceiling": "45,100 ft",
                "fuel_capacity": "53,985 US gallons",
                "empty_weight": "394,100 lb",
                "max_takeoff_weight": "875,000 lb",
                "max_landing_weight": "660,000 lb",
                "engine_type": "4 x General Electric CF6-80C2B1 turbofans",
                "cruise_speed": "560 mph"
            },
            "handling": {
                "roll_rate": "2.2°/sec",
                "pitch_rate": "1.8°/sec",
                "yaw_rate": "3.6°/sec",
                "stall_speed": "140 mph",
                "landing_speed": "145 mph"
            }
        },
        {
            "name": "Cessna 172",
            "type": "small plane",
            "performance": {
                "max_speed": "141 mph",
                "range": "640 nautical miles",
                "ceiling": "14,000 ft",
                "fuel_capacity": "56 US gallons",
                "empty_weight": "1,691 lb",
                "max_takeoff_weight": "2,450 lb",
                "max_landing_weight": "2,450 lb",
                "engine_type": "Lycoming O-320-D2J",
                "cruise_speed": "122 mph"
            },
            "handling": {
                "roll_rate": "3.6°/sec",
                "pitch_rate": "2.3°/sec",
                "yaw_rate": "3.6°/sec",
                "stall_speed": "44 mph",
                "landing_speed": "51 mph"
            }
        },
        {
            "name": "Bell 206",
            "type": "helicopter",
            "performance": {
                "max_speed": "138 mph",
                "range": "374 nautical miles",
                "ceiling": "14,000 ft",
                "fuel_capacity": "86 US gallons",
                "empty_weight": "1,700 lb",
                "max_takeoff_weight": "3,200 lb",
                "max_landing_weight": "3,200 lb",
                "engine_type": "Allison 250-C20B",
                "cruise_speed": "112 mph"
            },
            "handling": {
                "roll_rate": "1.9°/sec",
                "pitch_rate": "2.5°/sec",
                "yaw_rate": "3.6°/sec",
                "stall_speed": "47 mph",
                "landing_speed": "0 mph"
            }
        }
    ],
    "weather": {
        "type": "clear",
        "wind_speed": "5 knots",
        "wind_direction": "north"
    },
    "_physics": {
        "lift": true,
        "drag": true,
        "gravity": true
    },
    "time": {
        "hour": 12,
        "minute": 30,
        "day": 15,
        "month": "June",
        "year": 2023
    }
}