{
      "animate_trigSync": {
            "tsyncid": 11,
            "tsOntrigger": true,
            "SyncObjList": [
                  "_aircraft",
                  "_runway",
                  "_navigation",
                  "_throttlelever",
                  "_controlwheel",
                  "_elevator"
            ],
            "tSyncNote": "All the changes in their state is in real-time based on player action"
      },
      "animate_nontrigSync": {
            "ntsyncid": 12,
            "ntsOntrigger": false,
            "ntSyncObjList": [],
            "ntSyncNote": "blank"
      },
      "animate_trigAsync": {
            "tasyncid": 13,
            "taOntrigger": true,
            "tAsyncObjList": [
                  "_skybox"
            ],
            "tAsyncNote": "the state will not change , it is based on user choice before starting the simulation"
      },
      "animate_nontrigAsync": {
            "ntasyncid": 14,
            "ntaOntrigger": false,
            "ntAsyncObjList": [],
            "ntAsyncNote": "blank"
      },
      "routine": [
            {
                  "routeid": 1,
                  "starttime": "00:12:00",
                  "endtime": "00:32:00",
                  "order": [
                        11,
                        13
                  ]
            },
            {
                  "routeid": 2,
                  "starttime": "00:10:00",
                  "endtime": "00:50:00",
                  "order": [
                        14,
                        13
                  ]
            },
            {
                  "routeid": 3,
                  "starttime": "00:12:00",
                  "endtime": "00:32:00",
                  "order": [
                        12,
                        11
                  ]
            }
      ]
}