{
	"ObjAction": [
	{
        "actresid": "campus_navigation",
        "sourceObj": "_user",
        "targetObj": "_campus_map",
        "IsCollision": false,
        "response": "natural",
        "comment": "User clicks on campus map or within the 3d environment to navigate",
        "Syncronous": true,
        "repeatactionfor": ""
    },
	{
		"actresid": "camera_views",
		"sourceObj": "_user",
		"targetObj": "_campus_map",
		"IsCollision": false,
		"response": "natural",
		"comment": "User toggles between multiple camera views to see the campus in various ways. Eg. bird's eye view, some preconfigured scenic positionings, etc.",
		"Syncronous": true,
		"repeatactionfor": "null"
	},
	{
		"actresid":"access_building_information",
		"sourceObj":"_user",
		"targetObj":"_building_notice_board",
		"IsCollision":true,
		"response":"custom",
		"comment":"User or tour guide clicks on the building in the 3D map or selects the building while navigating the campus",
		"Syncronous":true,
		"repeatactionfor":"null"
	},
	{
		"actresid":"interactive_campus",
		"sourceObj":"_user",
		"targetObj":"_object",
		"IsCollision":true,
		"response":"natural",
		"comment":"User interacts with objects on the campus. These may be route changes / interacting with water in fountains / pushing doors. All physically based behaviors.",
		"Syncronous":true,
		"repeatactionfor":"null"
	},
	{
		"actresid":"guided_tour",
		"sourceObj":"_user",
		"targetObj":"_tour_guide",
		"IsCollision":false,
		"response":"custom",
		"comment":"User initiates the preconfigured virtual guided tour",
		"Syncronous":true,
		"repeatactionfor":"null"
	},
	{
		"actresid":"language_translation",
		"sourceObj":"_user",
		"targetObj":"_language_menu",
		"IsCollision":true,
		"response":"custom",
		"comment":"User selects their preferred language for the tour",
		"Syncronous":true,
		"repeatactionfor":"null"
	}
	]
}	
