{
    "articles": [
        {
            "_objectname": "user",
            "_sid": "_user",
            "_slabel": "User",
            "_IsHidden": 0,
            "_enumcount": 1,
            "_Is3DObject": 1,
            "HasChild": 0,
            "shape": "unknown",
            "dimension": {
                "dradii": 0,
                "dvolumn": "null",
                "dlength": "0",
                "dbreadth": "0",
                "dheigth": "0"
            },
            "IsText": false,
            "IsText3D": false,
            "lighting": {
                "CastShadow": "1",
                "ReceiveShadow": "1",
                "ContributeGlobalIlumination": "1"
            },
            "IsIlluminate": true,
            "Transform_initialpos": {
                "#x_initialpos": "0",
                "#y_initialpos": "0",
                "#z_initialpos": "0"
            },
            "Transform_initialrotation": {
                "#x_initialrotation": "0",
                "#y_initialrotation": "0",
                "#z_initialrotation": "0"
            },
            "Transform_objectscale": {
                "#x_objectscale": "1",
                "#y_objectscale": "1",
                "#z_objectscale": "1"
            },
            "repeattransfrom": {
                "distfactorx": "null",
                "distfactory": "null",
                "distfactorz": "null"
            },
            "Interaction": {
                "XRGrabInteractable": "0",
                "XRInteractionMaskLayer": "useronly",
                "TrackPosition": "1",
                "TrackRotation": "1",
                "Throw_Detach": "0",
                "forcegravity": "0",
                "velocity": "0",
                "angularvelocity": "0"
            },
            "Smoothing": "1",
            "Smoothing_duration": "0.2",
            "attachtransform": {
                "#rotate_x": "null",
                "#rotate_y": "null",
                "#rotate_z": "null",
                "#pos_x": "null",
                "#pos_y": "null",
                "#pos_z": "null"
            },
            "XRRigidObject": {
                "value": "1",
                "mass": "70",
                "dragfriction": "0.5",
                "angulardrag": "0.2",
                "Isgravityenable": "true",
                "IsKinematic": "0",
                "CanInterpolate": "1",
                "CollisionPolling": "continuous"
            },
            "aud_hasaudio": "0",
            "aud_type": "null",
            "aud_src": "null",
            "aud_volume": "0",
            "aud_PlayInloop": "0",
            "aud_IsSurround": "0",
            "aud_Dopplerlevel": "0",
            "aud_spread": "null",
            "aud_mindist": "null",
            "aud_maxdist": "null",
            "_Opttxt1": "null",
            "@context_img_source": "user_object_image.jpg"
        },
        {
            "_objectname": "campus_map",
            "_sid": "_campusmap",
            "_slabel": "Campus Map",
            "_IsHidden": 0,
            "_enumcount": 1,
            "_Is3DObject": 1,
            "HasChild": 0,
            "shape": "plane",
            "dimension": {
                "dradii": 0,
                "dvolumn": "null",
                "dlength": "100",
                "dbreadth": "100",
                "dheigth": "1"
            },
            "IsText": false,
            "IsText3D": false,
            "lighting": {
                "CastShadow": "1",
                "ReceiveShadow": "1",
                "ContributeGlobalIlumination": "1"
            },
            "IsIlluminate": true,
            "Transform_initialpos": {
                "#x_initialpos": "0",
                "#y_initialpos": "0",
                "#z_initialpos": "0"
            },
            "Transform_initialrotation": {
                "#x_initialrotation": "0",
                "#y_initialrotation": "0",
                "#z_initialrotation": "0"
            },
            "Transform_objectscale": {
                "#x_objectscale": "1",
                "#y_objectscale": "1",
                "#z_objectscale": "1"
            },
            "repeattransfrom": {
                "distfactorx": "null",
                "distfactory": "null",
                "distfactorz": "null"
            },
            "Interaction": {
                "XRGrabInteractable": "1",
                "XRInteractionMaskLayer": "nothing/everything/custom",
                "TrackPosition": "1",
                "TrackRotation": "1",
                "Throw_Detach": "1",
                "forcegravity": "1",
                "velocity": "3",
                "angularvelocity": "2"
            },
            "Smoothing": "1",
            "Smoothing_duration": "0.5",
            "attachtransform": {
                "#rotate_x": "null",
                "#rotate_y": "null",
                "#rotate_z": "null",
                "#pos_x": "null",
                "#pos_y": "null",
                "#pos_z": "null"
            },
            "XRRigidObject": {
                "value": "1",
                "mass": "20",
                "dragfriction": "5",
                "angulardrag": "4",
                "Isgravityenable": "true",
                "IsKinematic": "1",
                "CanInterpolate": "0",
                "CollisionPolling": "discreet/continous"
            },
            "aud_hasaudio": "0",
            "aud_type": "null",
            "aud_src": "null",
            "aud_volume": "null",
            "aud_PlayInloop": "null",
            "aud_IsSurround": "null",
            "aud_Dopplerlevel": "null",
            "aud_spread": "null",
            "aud_mindist": "null",
            "aud_maxdist": "null",
            "_Opttxt1": "null",
            "@context_img_source": "null"
        },
        {
            "_objectname": "building_notice_board",
            "_sid": "_buildingnoticeboard",
            "_slabel": "Building Notice Board",
            "_IsHidden": 0,
            "_Is3DObject": 1,
            "_enumcount": 1,
            "HasChild": 0,
            "shape": "rectangular",
            "dimension": {
                "dradii": 0,
                "dvolumn": "null",
                "dlength": "2",
                "dbreadth": "1",
                "dheigth": "0"
            },
            "IsText": true,
            "IsText3D": false,
            "lighting": {
                "CastShadow": "0",
                "ReceiveShadow": "0",
                "ContributeGlobalIlumination": "0"
            },
            "IsIlluminate": true,
            "Transform_initialpos": {
                "#x_initialpos": "5",
                "#y_initialpos": "0",
                "#z_initialpos": "-5"
            },
            "Transform_initialrotation": {
                "#x_initialrotation": "0",
                "#y_initialrotation": "180",
                "#z_initialrotation": "0"
            },
            "Transform_objectscale": {
                "#x_objectscale": "1",
                "#y_objectscale": "1",
                "#z_objectscale": "1"
            },
            "repeattransfrom": {
                "distfactorx": "null",
                "distfactory": "null",
                "distfactorz": "null"
            },
            "Interaction": {
                "XRGrabInteractable": "1",
                "XRInteractionMaskLayer": "nothing/everything/custom",
                "TrackPosition": "0",
                "TrackRotation": "0",
                "Throw_Detach": "0",
                "forcegravity": "0",
                "velocity": "0",
                "angularvelocity": "0"
            },
            "Smoothing": "0",
            "Smoothing_duration": "0",
            "attachtransform": {
                "#rotate_x": "null",
                "#rotate_y": "null",
                "#rotate_z": "null",
                "#pos_x": "null",
                "#pos_y": "null",
                "#pos_z": "null"
            },
            "XRRigidObject": {
                "value": "0",
                "mass": "0",
                "dragfriction": "0",
                "angulardrag": "0",
                "Isgravityenable": "false",
                "IsKinematic": "0",
                "CanInterpolate": "0",
                "CollisionPolling": "discreet/continous"
            },
            "aud_hasaudio": "0",
            "aud_type": "static/dynamic",
            "aud_src": "",
            "aud_volume": "0",
            "aud_PlayInloop": "0",
            "aud_IsSurround": "0",
            "aud_Dopplerlevel": "0",
            "aud_spread": "null",
            "aud_mindist": "null",
            "aud_maxdist": "null",
            "_Opttxt1": "null",
            "@context_img_source": "building_notice_board.png"
        },
        {
            "_objectname": "tour_guide",
            "_sid": "_tourguide",
            "_slabel": "Tour Guide",
            "_IsHidden": 0,
            "_Is3DObject": 1,
            "_enumcount": 1,
            "HasChild": 0,
            "shape": "humanoid",
            "dimension": {
                "dradii": 0,
                "dvolumn": "null",
                "dlength": "1.8",
                "dbreadth": "0.5",
                "dheigth": "1.8"
            },
            "IsText": false,
            "IsText3D": false,
            "lighting": {
                "CastShadow": "1",
                "ReceiveShadow": "1",
                "ContributeGlobalIlumination": "0"
            },
            "IsIlluminate": false,
            "Transform_initialpos": {
                "#x_initialpos": "0",
                "#y_initialpos": "0",
                "#z_initialpos": "0"
            },
            "Transform_initialrotation": {
                "#x_initialrotation": "0",
                "#y_initialrotation": "0",
                "#z_initialrotation": "0"
            },
            "Transform_objectscale": {
                "#x_objectscale": "1",
                "#y_objectscale": "1",
                "#z_objectscale": "1"
            },
            "repeattransfrom": {
                "distfactorx": "null",
                "distfactory": "null",
                "distfactorz": "null"
            },
            "Interaction": {
                "XRGrabInteractable": "0",
                "XRInteractionMaskLayer": "nothing/everything/custom",
                "TrackPosition": "1",
                "TrackRotation": "1",
                "Throw_Detach": "0",
                "forcegravity": "0",
                "velocity": "0",
                "angularvelocity": "0"
            },
            "Smoothing": "0",
            "Smoothing_duration": "0",
            "attachtransform": {
                "#rotate_x": "null",
                "#rotate_y": "null",
                "#rotate_z": "null",
                "#pos_x": "null",
                "#pos_y": "null",
                "#pos_z": "null"
            },
            "XRRigidObject": {
                "value": "0",
                "mass": "0",
                "dragfriction": "0",
                "angulardrag": "0",
                "Isgravityenable": "false",
                "IsKinematic": "0",
                "CanInterpolate": "0",
                "CollisionPolling": "discreet/continous"
            },
            "aud_hasaudio": "1",
            "aud_type": "static/dynamic",
            "aud_src": "tour_guide_audio.mp3",
            "aud_volume": "0.5",
            "aud_PlayInloop": "0",
            "aud_IsSurround": "0",
            "aud_Dopplerlevel": "0",
            "aud_spread": "null",
            "aud_mindist": "null",
            "aud_maxdist": "null",
            "_Opttxt1": "null",
            "@context_img_source": "tour_guide_image.jpg"
        },
        {
            "_objectname": "language_menu",
            "_sid": "_languagemenu",
            "_slabel": "Language Menu",
            "_IsHidden": 0,
            "_Is3DObject": 0,
            "_enumcount": 1,
            "HasChild": 0,
            "shape": "rectangle",
            "dimension": {
                "dradii": 0,
                "dvolumn": "null",
                "dlength": "0.5",
                "dbreadth": "0.1",
                "dheigth": "0.1"
            },
            "IsText": true,
            "IsText3D": false,
            "lighting": {
                "CastShadow": "0",
                "ReceiveShadow": "0",
                "ContributeGlobalIlumination": "0"
            },
            "IsIlluminate": false,
            "Transform_initialpos": {
                "#x_initialpos": "0",
                "#y_initialpos": "0",
                "#z_initialpos": "0"
            },
            "Transform_initialrotation": {
                "#x_initialrotation": "0",
                "#y_initialrotation": "0",
                "#z_initialrotation": "0"
            },
            "Transform_objectscale": {
                "#x_objectscale": "1",
                "#y_objectscale": "1",
                "#z_objectscale": "1"
            },
            "repeattransfrom": {
                "distfactorx": "null",
                "distfactory": "null",
                "distfactorz": "null"
            },
            "Interaction": {
                "XRGrabInteractable": "1",
                "XRInteractionMaskLayer": "everything",
                "TrackPosition": "1",
                "TrackRotation": "0",
                "Throw_Detach": "1",
                "forcegravity": "0",
                "velocity": "0",
                "angularvelocity": "0"
            },
            "Smoothing": "1",
            "Smoothing_duration": "0.1",
            "attachtransform": {
                "#rotate_x": "null",
                "#rotate_y": "null",
                "#rotate_z": "null",
                "#pos_x": "null",
                "#pos_y": "null",
                "#pos_z": "null"
            },
            "XRRigidObject": {
                "value": "0",
                "mass": "0",
                "dragfriction": "0",
                "angulardrag": "0",
                "Isgravityenable": "false",
                "IsKinematic": "0",
                "CanInterpolate": "0",
                "CollisionPolling": "discreet/continous"
            },
            "aud_hasaudio": "0",
            "aud_type": "null",
            "aud_src": "null",
            "aud_volume": "0",
            "aud_PlayInloop": "0",
            "aud_IsSurround": "0",
            "aud_Dopplerlevel": "0",
            "aud_spread": "null",
            "aud_mindist": "null",
            "aud_maxdist": "null",
            "_Opttxt1": "null",
            "@context_img_source": "language_menu_image.jpg"
        },
        {
            "_objectname": "object",
            "_sid": "_object",
            "_slabel": "Object",
            "_IsHidden": 0,
            "_Is3DObject": 1,
            "_enumcount": 1,
            "HasChild": 0,
            "shape": "unknown",
            "dimension": {
                "dradii": 0,
                "dvolumn": "null",
                "dlength": "0",
                "dbreadth": "0",
                "dheigth": "0"
            },
            "IsText": false,
            "IsText3D": false,
            "lighting": {
                "CastShadow": "0",
                "ReceiveShadow": "0",
                "ContributeGlobalIlumination": "0"
            },
            "IsIlluminate": false,
            "Transform_initialpos": {
                "#x_initialpos": "0",
                "#y_initialpos": "0",
                "#z_initialpos": "0"
            },
            "Transform_initialrotation": {
                "#x_initialrotation": "0",
                "#y_initialrotation": "0",
                "#z_initialrotation": "0"
            },
            "Transform_objectscale": {
                "#x_objectscale": "1",
                "#y_objectscale": "1",
                "#z_objectscale": "1"
            },
            "repeattransfrom": {
                "distfactorx": "null",
                "distfactory": "null",
                "distfactorz": "null"
            },
            "Interaction": {
                "XRGrabInteractable": "1",
                "XRInteractionMaskLayer": "everything",
                "TrackPosition": "1",
                "TrackRotation": "1",
                "Throw_Detach": "1",
                "forcegravity": "0",
                "velocity": "0",
                "angularvelocity": "0"
            },
            "Smoothing": "1",
            "Smoothing_duration": "0.1",
            "attachtransform": {
                "#rotate_x": "null",
                "#rotate_y": "null",
                "#rotate_z": "null",
                "#pos_x": "null",
                "#pos_y": "null",
                "#pos_z": "null"
            },
            "XRRigidObject": {
                "value": "0",
                "mass": "0",
                "dragfriction": "0",
                "angulardrag": "0",
                "Isgravityenable": "false",
                "IsKinematic": "0",
                "CanInterpolate": "0",
                "CollisionPolling": "discreet/continous"
            },
            "aud_hasaudio": "0",
            "aud_type": "null",
            "aud_src": "null",
            "aud_volume": "0",
            "aud_PlayInloop": "0",
            "aud_IsSurround": "0",
            "aud_Dopplerlevel": "0",
            "aud_spread": "null",
            "aud_mindist": "null",
            "aud_maxdist": "null",
            "_Opttxt1": "null",
            "@context_img_source": "generic_object_image.jpg"
        }
    ]
}