{
	"_scenename": "Virtual Reality Campus Tour",
	"_sid": "45872",
	"_slabel": "This is a consumer educational application",
	"_playarea": {
		"#pid": "p1",
		"#length": "100",
		"#breadth": "100",
		"#height": "100",
		"#comment": "Values in feet",
		"#x_scenecenter": 0,
		"#y_scenecenter": 0,
		"#z_scenecenter": 0
	},
	"_camera": {
		"IsSceneObject": true,
		"trackingorigin": "floor"
	},
	"_initialcamerapos": {
		"#x_initialcamerapos": "0",
		"#y_initialcamerapos": "1.6",
		"#z_initialcamerapos": "0"
	},
	"_viewport": {
		"#x_viewport": "0",
		"#y_viewport": "0",
		"#w_viewport": "1",
		"#h_viewport": "1"
	},
	"_clippingplane": {
		"near_cp": 0.01,
		"far_cp": 1000
	},
	"_horizon": true,
	"_dof": 6,
	"_skybox": 1,
	"_controllers": {
		"type": "hand",
		"raycast": true,
		"raydistance": 10,
		"raythinkness": 1,
		"raycolor": "blue",
		"raytype": "curve"
	},
	"_gravity": {
		"value": 9.81
	},
	"_interaction": true,
	"_nestedscene": {
		"#value": false,
		"#scenecount": 0,
		"#sid_order": 0
	},
	"_audio": true,
	"_timeline": true,
	"_Opttxt1": "null",
	"@context_mock": "_blank",
	"usertype": [
		{
			"type": "single",
			"uplayarea": {
				"#length_uplayarea": 100,
				"#breadth_uplayarea": 100,
				"#height_uplayarea": 100
			},
			"initialupos": {
				"#x_initialupos": 0,
				"#y_initialupos": 1.6,
				"#z_initialupos": 0
			},
			"uplayareacenter": {
				"#x_uplayareacenter": 0,
				"#y_uplayareacenter": 0,
				"#z_uplayareacenter": 0
			}
		}
	]
}