{
	"animate_trigSync": {
		"tsyncid": 21,
		"tsOntrigger": true,
		"SyncObjList": [
			"_user",
			"_building_notice_board",
			"_campus_map"
		],
		"tSyncNote": "Sync objects triggered by user"
	},
	"animate_nontrigSync": {
		"ntsyncid": 22,
		"ntsOntrigger": false,
		"ntSyncObjList": ["user","_language_menu"],
		"ntSyncNote": "Sync event which happens outside of the scope of the scene's objects"
	},
	"animate_trigAsync": {
		"tasyncid": 23,
		"taOntrigger": true,
		"AsyncObjList": [
			"_tour_guide", "_building_notice_board", "_campus_map"
		],
		"tAsyncNote": "Async changes during the guided tour"
	},
	"animate_nontrigAsync": {
		"ntasyncid": 24,
		"ntaOntrigger": false,
		"ntAsyncObjList": [],
		"ntAsyncNote": ""
	},
	"routine": [
		{
			"routeid": 11,
			"starttime": "00:30:00",
			"endtime": "00:35:00",
			"order": [
				21
			]
		},
		{
			"routeid": 12,
			"starttime": "00:45:00",
			"endtime": "00:50:00",
			"order": [
				21,23
			]
		},
		{
			"routeid": 13,
			"starttime": "00:55:00",
			"endtime": "01:00:00",
			"order": [
				22
			]
		},
		{
			"routeid": 14,
			"starttime": "01:05:00",
			"endtime": "01:10:00",
			"order": [
				24
			]
		}

		
	]
}