{
	"ObjAction": [
		{
			"actresid": "ball_hit",
			"sourceObj": "racquet",
			"targetObj": "ball",
			"IsCollision": "true",
			"response": "natural",
			"comment": "Ball is hit by played with racquet",
			"Syncronous": "1",
			"repeatactionfor": "null"
		},
		{
			"actresid": "ball_bounce",
			"sourceObj": "ground",
			"targetObj": "ball",
			"IsCollision": "true",
			"response": "natural",
			"comment": "Ball bounces on the ground",
			"Syncronous": "1",
			"repeatactionfor": "null"
		},
		{
			"actresid": "ball_out",
			"sourceObj": "bounds",
			"targetObj": "ball",
			"IsCollision": "true",
			"response": "customized",
			"comment": "Ball goes out of bounds, and is reset as a response",
			"Syncronous": "1",
			"repeatactionfor": "null"
		},
		{
			"actresid": "ball_net",
			"sourceObj": "net",
			"targetObj": "ball",
			"IsCollision": "true",
			"response": "customized",
			"comment": "Ball hits net, and is reset as a response",
			"Syncronous": "1",
			"repeatactionfor": "null"
		}
	]
}
