{
    "articles": [
        {
            "_objectname": "Ball",
            "_sid": "Ball",
            "_slabel": "The ball used to play Tennis",
            "_IsHidden": "0",
            "_enumcount": "1",
            "_Is3DObject": "1",
            "HasChild": "0",
            "shape": "sphere",
            "dimension": {
                "dradii": "1",
                "dvolumn": "null",
                "dlength": "null",
                "dbreadth": "null",
                "dheight": "null"
            },
            "IsText": "false",
            "IsText3D": "false",
            "lighting": {
                "CastShadow": "1",
                "ReceiveShadow": "1",
                "ContributeGlobalIlumination": "1"
            },
            "IsIlluminate": "true",
            "Transform_initialpos": {
                "#x_initialpos": "0",
                "#y_initialpos": "10",
                "#z_initialpos": "0"
            },
            "Transform_initialrotation": {
                "#x_initialrotation": "0",
                "#y_initialrotation": "1",
                "#z_initialrotation": "0"
            },
            "Transform_objectscale": {
                "#x_objectscale": "0",
                "#y_objectscale": "1",
                "#z_objectscale": "0"
            },
            "repeattransfrom": {
                "distfactorx": "1",
                "distfactory": "1",
                "distfactorz": "1"
            },
            "Interaction": {
                "XRGrabInteractable": "0",
                "XRInteractionMaskLayer": "null",
                "TrackPosition": "1",
                "TrackRotation": "1",
                "Throw_Detach": "1",
                "forcegravity": "1",
                "velocity": "1",
                "angularvelocity": "1"
            },
            "Smoothing": "1",
            "Smoothing_duration": "0.5",
            "attachtransform": {
                "#rotate_x": "null",
                "#rotate_y": "null",
                "#rotate_z": "  null",
                "#pos_x": "null",
                "#pos_y": "null",
                "#pos_z": "null"
            },
            "XRRigidObject": {
                "value": "5",
                "mass": "1",
                "dragfriction": "1",
                "angulardrag": "1",
                "Isgravityenable": "true",
                "IsKinematic": "0",
                "CanInterpolate": "0",
                "CollisionPolling": "continous"
            },
            "aud_hasaudio": "1",
            "aud_type": "static/dynamic",
            "aud_src": "/path",
            "aud_volume": "5",
            "aud_PlayInloop": "0",
            "aud_IsSurround": "1",
            "aud_Dopplerlevel": "0.8",
            "aud_spread": "50",
            "aud_mindist": "0",
            "aud_maxdist": "500",
            "_Opttxt1": "null",
            "@context_img_source": "blank"
        },
        {
            "_objectname": "Racquet",
            "_sid": "Racquet",
            "_slabel": "The bat used to play Tennis",
            "_IsHidden": "0",
            "_enumcount": "2",
            "_Is3DObject": "1",
            "HasChild": "0",
            "shape": "sphere",
            "dimension": {
                "dradii": "8",
                "dvolumn": "null",
                "dlength": "null",
                "dbreadth": "null",
                "dheight": "null"
            },
            "IsText": "false",
            "IsText3D": "false",
            "lighting": {
                "CastShadow": "1",
                "ReceiveShadow": "1",
                "ContributeGlobalIlumination": "1"
            },
            "IsIlluminate": "true",
            "Transform_initialpos": {
                "#x_initialpos": "0",
                "#y_initialpos": "10",
                "#z_initialpos": "0"
            },
            "Transform_initialrotation": {
                "#x_initialrotation": "0",
                "#y_initialrotation": "1",
                "#z_initialrotation": "0"
            },
            "Transform_objectscale": {
                "#x_objectscale": "0",
                "#y_objectscale": "1",
                "#z_objectscale": "0"
            },
            "repeattransfrom": {
                "distfactorx": "1",
                "distfactory": "1",
                "distfactorz": "1"
            },
            "Interaction": {
                "XRGrabInteractable": "1",
                "XRInteractionMaskLayer": "everything",
                "TrackPosition": "1",
                "TrackRotation": "1",
                "Throw_Detach": "1",
                "forcegravity": "1",
                "velocity": "1",
                "angularvelocity": "1"
            },
            "Smoothing": "1",
            "Smoothing_duration": "1",
            "attachtransform": {
                "#rotate_x": "null",
                "#rotate_y": "null",
                "#rotate_z": "null",
                "#pos_x": "null",
                "#pos_y": "null",
                "#pos_z": "null"
            },
            "XRRigidObject": {
                "value": "10",
                "mass": "10",
                "dragfriction": "1",
                "angulardrag": "1",
                "Isgravityenable": "1",
                "IsKinematic": "0",
                "CanInterpolate": "0",
                "CollisionPolling": "continous"
            },
            "aud_hasaudio": "1",
            "aud_type": "static/dynamic",
            "aud_src": "/path",
            "aud_volume": "10",
            "aud_PlayInloop": "0",
            "aud_IsSurround": "1",
            "aud_Dopplerlevel": "0.8",
            "aud_spread": "50",
            "aud_mindist": "0",
            "aud_maxdist": "100",
            "_Opttxt1": "null",
            "@context_img_source": "blank"
        },
        {
            "_objectname": "Net",
            "_sid": "Net",
            "_slabel": "The net at the middle of the court",
            "_IsHidden": "0",
            "_enumcount": "1",
            "_Is3DObject": "0",
            "HasChild": "0",
            "shape": "Rectangle",
            "dimension": {
                "dradii": "null",
                "dvolumn": "null",
                "dlength": "100",
                "dbreadth": "null",
                "dheight": "10"
            },
            "IsText": "false",
            "IsText3D": "false",
            "lighting": {
                "CastShadow": "1",
                "ReceiveShadow": "1",
                "ContributeGlobalIlumination": "1"
            },
            "IsIlluminate": "true",
            "Transform_initialpos": {
                "#x_initialpos": "0",
                "#y_initialpos": "100",
                "#z_initialpos": "10"
            },
            "Transform_initialrotation": {
                "#x_initialrotation": "0",
                "#y_initialrotation": "0",
                "#z_initialrotation": "0"
            },
            "Transform_objectscale": {
                "#x_objectscale": "1",
                "#y_objectscale": "1",
                "#z_objectscale": "1"
            },
            "repeattransfrom": {
                "distfactorx": "null",
                "distfactory": "null",
                "distfactorz": "null"
            },
            "Interaction": {
                "XRGrabInteractable": "0",
                "XRInteractionMaskLayer": "everything",
                "TrackPosition": "0",
                "TrackRotation": "0",
                "Throw_Detach": "0",
                "forcegravity": "0",
                "velocity": "0",
                "angularvelocity": "0"
            },
            "Smoothing": "1",
            "Smoothing_duration": "0.5",
            "attachtransform": {
                "#rotate_x": "null",
                "#rotate_y": "null",
                "#rotate_z": "null",
                "#pos_x": "null",
                "#pos_y": "null",
                "#pos_z": "null"
            },
            "XRRigidObject": {
                "value": "1",
                "mass": "500",
                "dragfriction": "0",
                "angulardrag": "0",
                "Isgravityenable": "true",
                "IsKinematic": "0",
                "CanInterpolate": "0",
                "CollisionPolling": "discreet/continous"
            },
            "aud_hasaudio": "1",
            "aud_type": "static/dynamic",
            "aud_src": "/path",
            "aud_volume": "10",
            "aud_PlayInloop": "0",
            "aud_IsSurround": "1",
            "aud_Dopplerlevel": "0.8",
            "aud_spread": "50",
            "aud_mindist": "0",
            "aud_maxdist": "100",
            "_Opttxt1": "null",
            "@context_img_source": "blank"
        },
        {
            "_objectname": "Ground",
            "_sid": "Ground",
            "_slabel": "The court on which the game is played",
            "_IsHidden": "0",
            "_enumcount": "1",
            "_Is3DObject": "0",
            "HasChild": "0",
            "shape": "Rectangle",
            "dimension": {
                "dradii": "null",
                "dvolumn": "null",
                "dlength": "200",
                "dbreadth": "100",
                "dheight": "null"
            },
            "IsText": "false",
            "IsText3D": "false",
            "lighting": {
                "CastShadow": "0",
                "ReceiveShadow": "1",
                "ContributeGlobalIlumination": "1"
            },
            "IsIlluminate": "true",
            "Transform_initialpos": {
                "#x_initialpos": "0",
                "#y_initialpos": "0",
                "#z_initialpos": "0"
            },
            "Transform_initialrotation": {
                "#x_initialrotation": "0",
                "#y_initialrotation": "0",
                "#z_initialrotation": "0"
            },
            "Transform_objectscale": {
                "#x_objectscale": "0",
                "#y_objectscale": "0",
                "#z_objectscale": "0"
            },
            "repeattransfrom": {
                "distfactorx": "null",
                "distfactory": "null",
                "distfactorz": "null"
            },
            "Interaction": {
                "XRGrabInteractable": "0",
                "XRInteractionMaskLayer": "everything",
                "TrackPosition": "0",
                "TrackRotation": "0",
                "Throw_Detach": "0",
                "forcegravity": "0",
                "velocity": "0",
                "angularvelocity": "0"
            },
            "Smoothing": "1",
            "Smoothing_duration": "0.5",
            "attachtransform": {
                "#rotate_x": "null",
                "#rotate_y": "null",
                "#rotate_z": "null",
                "#pos_x": "null",
                "#pos_y": "null",
                "#pos_z": "null"
            },
            "XRRigidObject": {
                "value": "1",
                "mass": "50000",
                "dragfriction": "0",
                "angulardrag": "0",
                "Isgravityenable": "true",
                "IsKinematic": "0",
                "CanInterpolate": "0",
                "CollisionPolling": "continous"
            },
            "aud_hasaudio": "1",
            "aud_type": "static/dynamic",
            "aud_src": "/path",
            "aud_volume": "10",
            "aud_PlayInloop": "0",
            "aud_IsSurround": "1",
            "aud_Dopplerlevel": "0.8",
            "aud_spread": "null",
            "aud_mindist": "null",
            "aud_maxdist": "null",
            "_Opttxt1": "null",
            "@context_img_source": "blank"
        },
        {
            "_objectname": "Bounds",
            "_sid": "Bounds",
            "_slabel": "The boundaries of the court",
            "_IsHidden": "1",
            "_enumcount": "4",
            "_Is3DObject": "0",
            "HasChild": "0",
            "shape": "Rectangle",
            "dimension": {
                "dradii": "null",
                "dvolumn": "null",
                "dlength": "200",
                "dbreadth": "null",
                "dheight": "50"
            },
            "IsText": "false",
            "IsText3D": "false",
            "lighting": {
                "CastShadow": "0",
                "ReceiveShadow": "0",
                "ContributeGlobalIlumination": "1"
            },
            "IsIlluminate": "true",
            "Transform_initialpos": {
                "#x_initialpos": "0",
                "#y_initialpos": "0",
                "#z_initialpos": "0"
            },
            "Transform_initialrotation": {
                "#x_initialrotation": "0",
                "#y_initialrotation": "0",
                "#z_initialrotation": "0"
            },
            "Transform_objectscale": {
                "#x_objectscale": "0",
                "#y_objectscale": "0",
                "#z_objectscale": "0"
            },
            "repeattransfrom": {
                "distfactorx": "null",
                "distfactory": "null",
                "distfactorz": "null"
            },
            "Interaction": {
                "XRGrabInteractable": "0",
                "XRInteractionMaskLayer": "everything",
                "TrackPosition": "0",
                "TrackRotation": "0",
                "Throw_Detach": "0",
                "forcegravity": "0",
                "velocity": "0",
                "angularvelocity": "0"
            },
            "Smoothing": "1",
            "Smoothing_duration": "0.5",
            "attachtransform": {
                "#rotate_x": "null",
                "#rotate_y": "null",
                "#rotate_z": "null",
                "#pos_x": "null",
                "#pos_y": "null",
                "#pos_z": "null"
            },
            "XRRigidObject": {
                "value": "1",
                "mass": "null",
                "dragfriction": "0",
                "angulardrag": "0",
                "Isgravityenable": "false",
                "IsKinematic": "0",
                "CanInterpolate": "0",
                "CollisionPolling": "continous"
            },
            "aud_hasaudio": "1",
            "aud_type": "static/dynamic",
            "aud_src": "/path",
            "aud_volume": "10",
            "aud_PlayInloop": "0",
            "aud_IsSurround": "1",
            "aud_Dopplerlevel": "0.8",
            "aud_spread": "null",
            "aud_mindist": "null",
            "aud_maxdist": "null",
            "_Opttxt1": "null",
            "@context_img_source": "blank"
        }
    ]
}