{
    "_scenename":"VR Tennis",
    "_sid":"TNS01",
    "_slabel":"Tennis Court",
    "_playarea":{
        "#pid":"PA01",
        "#length_playarea":"23.77",
        "#breadth_playarea":"10.97",
        "#height_playarea":"4.11",
        "#comment":"Standard tennis court dimensions",
        "#x_scenecenter":"0",
        "#y_scenecenter":"0",
        "#z_scenecenter":"0"
    },   
    "_camera":
    {
    "IsSceneObject":"False",
    "trackingorigin":"EyeLevel"
    },
    "_initialcamerapos":{
    "#x_initialcamerapos":"0",
    "#y_initialcamerapos":"2.5",
    "#z_initialcamerapos":"-5"
    },
    "_viewport":{
    "#x_viewport":"0",
    "#y_viewport":"0",
    "#w_viewport":"1920",
    "#h_viewport":"1080"
    },
    "_clippingplane":{
    "near_cp":"0.01",
    "far_cp":"100"
    },
    "_horizon":"Skydome",
    "_dof":"False",
    "_skybox":"TennisCourtSky",
    "_controllers":
    {
    "type":"MotionController",
    "raycast":"True",
    "raydistance":"30",
    "raythinkness":"0.01",
    "raycolor":"0xFFFFFF",
    "raytype":"Line"
    },
    "_gravity":{
    "value":"-9.81"
    },
    "_interaction":"ObjectGrabbing",
    "_nestedscene":{
    "#value":"False",
    "#scenecount":"",
    "#sid_order":""
    },
    "_audio":"Stereo",
    "_timeline":"True",
    "_Opttxt1":"Tennis Racquet Models can be found in Asset Store",
    "@context_mock":"",
    "usertype":[
        {
            "type": "Player",
            "uplayarea":{
            "#length_uplayarea":"1.8",
            "#breadth_uplayarea":"0.9",
            "#height_uplayarea":"0.05"
            },
            "initialupos":{
            "#x_initialupos":"0",
            "#y_initialupos":"0.05",
            "#z_initialupos":"-1.5"
            },
            "uplayareacenter":{
            "#x_uplayareacenter":"0",
            "#y_uplayareacenter":"0.5",
            "#z_uplayareacenter":"0"
            }
        },
        {
            "type": "AI Opponent",
            "uplayarea":{
            "#length_uplayarea":"1.8",
            "#breadth_uplayarea":"0.9",
            "#height_uplayarea":"0.05"
            },
            "initialupos":{
            "#x_initialupos":"0",
            "#y_initialupos":"0.05",
            "#z_initialupos":"1.5"
            },
            "uplayareacenter":{
            "#x_uplayareacenter":"0",
            "#y_uplayareacenter":"0.5",
            "#z_uplayareacenter":"0"
            }
        }
    ]
}
    
    