{
    "animate_trigSync": {
        "tsyncid": 1,
        "tsOntrigger": true,
        "SyncObjList": ["Racquet", "Ball"],
        "tSyncNote": "When the ball is hit by the player"
    },
    "animate_nontrigSync": {
        "ntsyncid": 2,
        "ntsOntrigger": false,
        "ntSyncObjList": ["Ball,Ground"],
        "ntSyncNote": "Ball hits the ground"
    },
    "animate_trigAsync": {
        "tasyncid": 3,
        "taOntrigger": true,
        "tAsyncObjList": ["Player", "AI Opponent"],
        "tAsyncNote": "When the ball is hit by the other player you ascynchronously make a move"
    },
    "animate_nontrigAsync": {
        "ntasyncid": 4,
        "ntaOntrigger": false,
        "ntAsyncObjList": ["Scoreboard"],
        "ntAsyncNote": "Score updation"
    },
    "routine": [
        {
            "routeid": 1,
            "starttime": "00:00:00",
            "endtime": "00:05:00",
            "order": [1, 2, 4]
        },
        {
            "routeid": 2,
            "starttime": "00:02:30",
            "endtime": "00:03:00",
            "order": [1,2, 3]
        },
        {
            "routeid": 3,
            "starttime": "00:03:00",
            "endtime": "00:05:00",
            "order": [1, 4]
        }
    ]
}
