{
	"ObjAction": [
	{
	"actresid":"traffic_light",
	"sourceObj":"_driver_vehicle",
    "targetObj":"_traffic_light",	          
	"IsCollision":true,
    "response":"custom",
    "comment":"when red or yellow light is crossed then screen is flickered indicating false action and points are reduced. On right action appreciation meassage in displayed",
    "Syncronous":true,
	"repeatactionfor":""
	},
	{
	"actresid":"traffic_sign-stop",
	"sourceObj":"_driver_vehicle",
    "targetObj":"_traffic_sign_stop",	          
	"IsCollision":true,
    "response":"custom",
    "comment":"when user does not stop for set time frame when stop signal is encountered , points are reduced. appreciation meassage in displayed when rule is followed",
    "Syncronous":true,
	"repeatactionfor":""
	
	  
	},
	{
	"actresid":"traffic_sign_speed_limit30",
	"sourceObj":"_driver_vehicle",
    "targetObj":"_traffic_sign_speed_limit30",	          
	"IsCollision":true,
    "response":"custom",
    "comment":"if signal is crossed with speed above 30km/hr then points are reduced else apppriciation message is displayed ",
    "Syncronous":true,
	"repeatactionfor":""
	},
	{
	"actresid":"traffic_sign_speed_limit60",
	"sourceObj":"_driver_vehicle",
    "targetObj":"_traffic_sign_speed_limit60",	          
	"IsCollision":true,
    "response":"custom",
    "comment":"if signal is crossed with speed above 60km/hr then points are reduced else apppriciation message is displayed ",
    "Syncronous":true,
	"repeatactionfor":""
	},
	{
	"actresid":"speed braker",
	"sourceObj":"_driver_vehicle",
    "targetObj":"_speed_braker ",	          
	"IsCollision":true,
    "response":"custom",
    "comment":"WHen the vehicle crosses the speed braker with speed greater than 20km/hr, the camera y-axis will shift for a time frame   with propotional to speed, user feels wrong move made and points are deducted. if the speed is below 20 then y axis is shift is 0.2 for a time frame and appreciation meassage displayed after crossing ",
    "Syncronous":true,
	"repeatactionfor":""
	},
	{
	"actresid":"Auxiliary vehicle left",
	"sourceObj":"_driver_vehicle",
    "targetObj":"_auxiliary_vehicle_left",	          
	"IsCollision":true,
    "response":"custom",
    "comment":"if user doesn't give it the way to pass in a time limit or the car makes a collision , in both the conditions the points are deducted else appreciation message is displayed ",
    "Syncronous":true,
	"repeatactionfor":""
	},
	{
	"actresid":"Auxiliary vehicle right",
	"sourceObj":"_driver_vehicle",
    "targetObj":"_auxiliary_vehicle_right",	          
	"IsCollision":true,
    "response":"custom",
    "comment":"if the user make a collision points are deducted else appreciation message si displayed ",
    "Syncronous":true,
	"repeatactionfor":""
	},
	{
	"actresid":"Traffic cones",
	"sourceObj":"_driver_vehicle",
    "targetObj":"_traffic_cones",	          
	"IsCollision":true,
    "response":"custom",
    "comment":"if the user make a collision points are deducted else appreciation message si displayed ",
    "Syncronous":true,
	"repeatactionfor":"_baricades,_fallen_tree"
	},
	{
	"actresid":"left side tree",
	"sourceObj":"_driver_vehicle",
    "targetObj":"_leftside_tree",	          
	"IsCollision":true,
    "response":"custom",
    "comment":"when the user wants to park the vehicle, if the user make a collision points are deducted else appreciation message si displayed ",
    "Syncronous":true,
	"repeatactionfor":""
	},
	{
	"actresid":"rain drops",
	"sourceObj":"_driver_vehicle",
    "targetObj":"_rain_drops",	          
	"IsCollision":true,
    "response":"custom",
    "comment":"In the case of time bound rainfall if the user doesn't drive within the speed limit(less than 40km/hr) then the points will be deducted else apppriciation message displayed ",
    "Syncronous":true,
	"repeatactionfor":""
	},
	{
	"actresid":"snow fall",
	"sourceObj":"_driver_vehicle",
    "targetObj":"_snow_flakes",	          
	"IsCollision":true,
    "response":"custom",
    "comment":"In the case of time bound rainfall if the user doesn't drive within the speed limit(less than 20km/hr) then the points will be deducted else apppriciation message displayed ",
    "Syncronous":true,
	"repeatactionfor":""
	},
	{
	"actresid":"heavy Traffic",
	"sourceObj":"_driver_vehicle",
    "targetObj":"_heavy_traffic",	          
	"IsCollision":true,
    "response":"custom",
    "comment":"In the case of time bound traffic if the speed is mentained below the speed of traffic and mentain a minimum distance of 10 feet distance between traffic and vehicle  then the points will be deducted else apppriciation message displayed ",
    "Syncronous":true,
	"repeatactionfor":""
	},
	{
	"actresid":"Animal",
	"sourceObj":"_driver_vehicle",
    "targetObj":"_animal",	          
	"IsCollision":true,
    "response":"custom",
    "comment":"if the vehicle stops for time bound or passses by the anuimal then apppriciation message displayed else the points will be deducted. ",
    "Syncronous":true,
	"repeatactionfor":""
	},
	{
	"actresid":"Emergency Vehicle",
	"sourceObj":"_driver_vehicle",
    "targetObj":"_emergency_vehicle",	          
	"IsCollision":true,
    "response":"custom",
    "comment":"if the vehicle doesn't give side within a short time then points will be deducted else apppriciation message displayed ",
    "Syncronous":true,
	"repeatactionfor":""
	}
	
	]
}	
	
	
	