{
	"articles": [{
			"_objectname": "Traffic-light",
			"_sid": "_traffic_light",
			"_slabel": "This is to check user behavior while driving",
			"_IsHidden": 0,
			"_enumcount": 12,
			"_Is3DObject": 1,
			"HasChild": 0,
			"shape": "Combination of cuboid and sphere",
			"dimension": {
				"dradii": 1,
				"dvolumn": "12.16 cubic feet",
				"dlength": "0.8 feet",
				"dbreadth": "0.8 feet",
				"dheigth": "19 feet"
			},
			"IsText": false,
			"IsText3D": false,
			"lighting": {
				"CastShadow": "yes",
				"ReceiveShadow": "yes",
				"ContributeGlobalIlumination": "yes"
			},
			"IsIlluminate": true,
			"Transform_initialpos": {
				"#x_initialpos": "-9",
				"#y_initialpos": "1",
				"#z_initialpos": "1"
			},
			"Transform_initialrotation": {
				"#x_initialrotation": "0",
				"#y_initialrotation": "0",
				"#z_initialrotation": "0"
			},
			"Transform_objectscale": {
				"#x_objectscale": "1",
				"#y_objectscale": "1",
				"#z_objectscale": "1"
			},
			"repeattransfrom": {
				"distfactorx": "null",
				"distfactory": "null",
				"distfactorz": "null"
			},
			"Interaction": {
				"XRGrabInteractable": "no",
				"XRInteractionMaskLayer": "no",
				"TrackPosition": "no",
				"TrackRotation": "no",
				"Throw_Detach": "no",
				"forcegravity": "no",
				"velocity": "no",
				"angularvelocity": "no"
			},
			"Smoothing": "no",
			"Smoothing_duration": "no",
			"attachtransform": {
				"#rotate_x": "no",
				"#rotate_y": "no",
				"#rotate_z": "no",
				"#pos_x": "no",
				"#pos_y": "no",
				"#pos_z": "no"
			},
			"XRRigidObject": {
				"value": "7",
				"mass": "10",
				"dragfriction": "no",
				"angulardrag": "no",
				"Isgravityenable": "true",
				"IsKinematic": "no",
				"CanInterpolate": "no",
				"CollisionPolling": "continous"
			},
			"aud_hasaudio": "no",
			"aud_type": "static",
			"aud_src": "NULL",
			"aud_volume": "NULL",
			"aud_PlayInloop": "no",
			"aud_IsSurround": "no",
			"aud_Dopplerlevel": "no",
			"aud_spread": "no",
			"aud_mindist": "no",
			"aud_maxdist": "no",
			"_Opttxt1": "no",
			"@context_img_source": "no"
		},
		{
			"_objectname": "Traffic-sign stop",
			"_sid": "_traffic_sign_stop",
			"_slabel": "This is to indicate stop traffic sign",
			"_IsHidden": 0,
			"_enumcount": 2,
			"_Is3DObject": 1,
			"HasChild": 0,
			"shape": "Combination of cylinders",
			"dimension": {
				"dradii": 0.8,
				"dvolumn": "5.12 cubic feet",
				"dlength": "0.8 feet",
				"dbreadth": "0.8 feet",
				"dheigth": "8 feet"
			},
			"IsText": true,
			"IsText3D": false,
			"lighting": {
				"CastShadow": "yes",
				"ReceiveShadow": "yes",
				"ContributeGlobalIlumination": "no"
			},
			"IsIlluminate": false,
			"Transform_initialpos": {
				"#x_initialpos": "-9",
				"#y_initialpos": "1",
				"#z_initialpos": "1"
			},
			"Transform_initialrotation": {
				"#x_initialrotation": "0",
				"#y_initialrotation": "0",
				"#z_initialrotation": "0"
			},
			"Transform_objectscale": {
				"#x_objectscale": "1",
				"#y_objectscale": "1",
				"#z_objectscale": "1"
			},
			"repeattransfrom": {
				"distfactorx": "null",
				"distfactory": "null",
				"distfactorz": "null"
			},
			"Interaction": {
				"XRGrabInteractable": "no",
				"XRInteractionMaskLayer": "no",
				"TrackPosition": "no",
				"TrackRotation": "no",
				"Throw_Detach": "no",
				"forcegravity": "no",
				"velocity": "no",
				"angularvelocity": "no"
			},
			"Smoothing": "no",
			"Smoothing_duration": "no",
			"attachtransform": {
				"#rotate_x": "no",
				"#rotate_y": "no",
				"#rotate_z": "no",
				"#pos_x": "no",
				"#pos_y": "no",
				"#pos_z": "no"
			},
			"XRRigidObject": {
				"value": "7",
				"mass": "10",
				"dragfriction": "no",
				"angulardrag": "no",
				"Isgravityenable": "true",
				"IsKinematic": "no",
				"CanInterpolate": "no",
				"CollisionPolling": "continous"
			},
			"aud_hasaudio": "no",
			"aud_type": "static",
			"aud_src": "NULL",
			"aud_volume": "NULL",
			"aud_PlayInloop": "no",
			"aud_IsSurround": "no",
			"aud_Dopplerlevel": "no",
			"aud_spread": "no",
			"aud_mindist": "no",
			"aud_maxdist": "no",
			"_Opttxt1": "no",
			"@context_img_source": "no"
		},
        {
			"_objectname": "Traffic-sign speed limit 30",
			"_sid": "_traffic_sign_speed_limit30",
			"_slabel": "This is to indicate speed limit of 30km/hr",
			"_IsHidden": 0,
			"_enumcount": 2,
			"_Is3DObject": 1,
			"HasChild": 0,
			"shape": "Combination of cylinders and cuboid",
			"dimension": {
				"dradii": 0.8,
				"dvolumn": "5.12 cubic feet",
				"dlength": "0.8 feet",
				"dbreadth": "0.8 feet",
				"dheigth": "8 feet"
			},
			"IsText": true,
			"IsText3D": false,
			"lighting": {
				"CastShadow": "yes",
				"ReceiveShadow": "yes",
				"ContributeGlobalIlumination": "no"
			},
			"IsIlluminate": false,
			"Transform_initialpos": {
				"#x_initialpos": "-9",
				"#y_initialpos": "1",
				"#z_initialpos": "1"
			},
			"Transform_initialrotation": {
				"#x_initialrotation": "0",
				"#y_initialrotation": "0",
				"#z_initialrotation": "0"
			},
			"Transform_objectscale": {
				"#x_objectscale": "1",
				"#y_objectscale": "1",
				"#z_objectscale": "1"
			},
			"repeattransfrom": {
				"distfactorx": "null",
				"distfactory": "null",
				"distfactorz": "null"
			},
			"Interaction": {
				"XRGrabInteractable": "no",
				"XRInteractionMaskLayer": "no",
				"TrackPosition": "no",
				"TrackRotation": "no",
				"Throw_Detach": "no",
				"forcegravity": "no",
				"velocity": "no",
				"angularvelocity": "no"
			},
			"Smoothing": "no",
			"Smoothing_duration": "no",
			"attachtransform": {
				"#rotate_x": "no",
				"#rotate_y": "no",
				"#rotate_z": "no",
				"#pos_x": "no",
				"#pos_y": "no",
				"#pos_z": "no"
			},
			"XRRigidObject": {
				"value": "7",
				"mass": "10",
				"dragfriction": "no",
				"angulardrag": "no",
				"Isgravityenable": "true",
				"IsKinematic": "no",
				"CanInterpolate": "no",
				"CollisionPolling": "continous"
			},
			"aud_hasaudio": "no",
			"aud_type": "static",
			"aud_src": "NULL",
			"aud_volume": "NULL",
			"aud_PlayInloop": "no",
			"aud_IsSurround": "no",
			"aud_Dopplerlevel": "no",
			"aud_spread": "no",
			"aud_mindist": "no",
			"aud_maxdist": "no",
			"_Opttxt1": "no",
			"@context_img_source": "no"
		},

        {
			"_objectname": "Traffic-sign speed limit 60",
			"_sid": "_traffic_sign_speed_limit60",
			"_slabel": "This is to indicate speed limit of 60km/hr",
			"_IsHidden": 0,
			"_enumcount": 2,
			"_Is3DObject": 1,
			"HasChild": 0,
			"shape": "Combination of cylinders and cuboid",
			"dimension": {
				"dradii": 0.8,
				"dvolumn": "5.12 cubic feet",
				"dlength": "0.8 feet",
				"dbreadth": "0.8 feet",
				"dheigth": "8 feet"
			},
			"IsText": true,
			"IsText3D": false,
			"lighting": {
				"CastShadow": "yes",
				"ReceiveShadow": "yes",
				"ContributeGlobalIlumination": "no"
			},
			"IsIlluminate": false,
			"Transform_initialpos": {
				"#x_initialpos": "-9",
				"#y_initialpos": "1",
				"#z_initialpos": "1"
			},
			"Transform_initialrotation": {
				"#x_initialrotation": "0",
				"#y_initialrotation": "0",
				"#z_initialrotation": "0"
			},
			"Transform_objectscale": {
				"#x_objectscale": "1",
				"#y_objectscale": "1",
				"#z_objectscale": "1"
			},
			"repeattransfrom": {
				"distfactorx": "null",
				"distfactory": "null",
				"distfactorz": "null"
			},
			"Interaction": {
				"XRGrabInteractable": "no",
				"XRInteractionMaskLayer": "no",
				"TrackPosition": "no",
				"TrackRotation": "no",
				"Throw_Detach": "no",
				"forcegravity": "no",
				"velocity": "no",
				"angularvelocity": "no"
			},
			"Smoothing": "no",
			"Smoothing_duration": "no",
			"attachtransform": {
				"#rotate_x": "no",
				"#rotate_y": "no",
				"#rotate_z": "no",
				"#pos_x": "no",
				"#pos_y": "no",
				"#pos_z": "no"
			},
			"XRRigidObject": {
				"value": "7",
				"mass": "10",
				"dragfriction": "no",
				"angulardrag": "no",
				"Isgravityenable": "true",
				"IsKinematic": "no",
				"CanInterpolate": "no",
				"CollisionPolling": "continous"
			},
			"aud_hasaudio": "no",
			"aud_type": "static",
			"aud_src": "NULL",
			"aud_volume": "NULL",
			"aud_PlayInloop": "no",
			"aud_IsSurround": "no",
			"aud_Dopplerlevel": "no",
			"aud_spread": "no",
			"aud_mindist": "no",
			"aud_maxdist": "no",
			"_Opttxt1": "no",
			"@context_img_source": "no"
		},
{
			"_objectname": "Speed_braker",
			"_sid": "_speed_braker",
			"_slabel": "This is to limit speed of car while driving ",
			"_IsHidden": 0,
			"_enumcount": 2,
			"_Is3DObject": 1,
			"HasChild": 0,
			"shape": "Cylinder",
			"dimension": {
				"dradii": 0.2,
				"dvolumn": "1.884 cubic feet",
				"dlength": "",
				"dbreadth": "",
				"dheigth": "15 feet"
			},
			"IsText": false,
			"IsText3D": false,
			"lighting": {
				"CastShadow": "yes",
				"ReceiveShadow": "yes",
				"ContributeGlobalIlumination": "no"
			},
			"IsIlluminate": false,
			"Transform_initialpos": {
				"#x_initialpos": "0",
				"#y_initialpos": "1",
				"#z_initialpos": "1"
			},
			"Transform_initialrotation": {
				"#x_initialrotation": "0",
				"#y_initialrotation": "0",
				"#z_initialrotation": "0"
			},
			"Transform_objectscale": {
				"#x_objectscale": "1",
				"#y_objectscale": "1",
				"#z_objectscale": "1"
			},
			"repeattransfrom": {
				"distfactorx": "null",
				"distfactory": "null",
				"distfactorz": "null"
			},
			"Interaction": {
				"XRGrabInteractable": "no",
				"XRInteractionMaskLayer": "no",
				"TrackPosition": "no",
				"TrackRotation": "no",
				"Throw_Detach": "no",
				"forcegravity": "no",
				"velocity": "no",
				"angularvelocity": "no"
			},
			"Smoothing": "no",
			"Smoothing_duration": "no",
			"attachtransform": {
				"#rotate_x": "no",
				"#rotate_y": "no",
				"#rotate_z": "no",
				"#pos_x": "no",
				"#pos_y": "no",
				"#pos_z": "no"
			},
			"XRRigidObject": {
				"value": "10",
				"mass": "1",
				"dragfriction": "no",
				"angulardrag": "no",
				"Isgravityenable": "true",
				"IsKinematic": "no",
				"CanInterpolate": "no",
				"CollisionPolling": "continous"
			},
			"aud_hasaudio": "no",
			"aud_type": "static",
			"aud_src": "NULL",
			"aud_volume": "NULL",
			"aud_PlayInloop": "no",
			"aud_IsSurround": "no",
			"aud_Dopplerlevel": "no",
			"aud_spread": "no",
			"aud_mindist": "no",
			"aud_maxdist": "no",
			"_Opttxt1": "no",
			"@context_img_source": "no"
		},
        {
			"_objectname": "driver's vehicle",
			"_sid": "_driver_vehicle",
			"_slabel": "This is the driver's vehicle ",
			"_IsHidden": 0,
			"_enumcount": 1,
			"_Is3DObject": 1,
			"HasChild": 1,
			"shape": "Combination of cuboid,sphere and cylinder",
			"dimension": {
				"dradii": 0.2,
				"dvolumn": "225 cubic feet",
				"dlength": "5 feet",
				"dbreadth": "5 feet",
				"dheigth": "9 feet"
			},
			"IsText": false,
			"IsText3D": false,
			"lighting": {
				"CastShadow": "yes",
				"ReceiveShadow": "yes",
				"ContributeGlobalIlumination": "no"
			},
			"IsIlluminate": true,
			"Transform_initialpos": {
				"#x_initialpos": "-3.5",
				"#y_initialpos": "1",
				"#z_initialpos": "1"
			},
			"Transform_initialrotation": {
				"#x_initialrotation": "0",
				"#y_initialrotation": "0",
				"#z_initialrotation": "0"
			},
			"Transform_objectscale": {
				"#x_objectscale": "1",
				"#y_objectscale": "1",
				"#z_objectscale": "1"
			},
			"repeattransfrom": {
				"distfactorx": "null",
				"distfactory": "null",
				"distfactorz": "null"
			},
			"Interaction": {
				"XRGrabInteractable": "no",
				"XRInteractionMaskLayer": "no",
				"TrackPosition": "yes",
				"TrackRotation": "yes",
				"Throw_Detach": "no",
				"forcegravity": "no",
				"velocity": "yes",
				"angularvelocity": "yes"
			},
			"Smoothing": "no",
			"Smoothing_duration": "no",
			"attachtransform": {
				"#rotate_x": "no",
				"#rotate_y": "yes",
				"#rotate_z": "no",
				"#pos_x": "yes",
				"#pos_y": "yes",
				"#pos_z": "yes"
			},
			"XRRigidObject": {
				"value": "9",
				"mass": "1",
				"dragfriction": "yes",
				"angulardrag": "yes",
				"Isgravityenable": "true",
				"IsKinematic": "yes",
				"CanInterpolate": "yes",
				"CollisionPolling": "continous"
			},
			"aud_hasaudio": "true",
			"aud_type": "static",
			"aud_src": "path",
			"aud_volume": "10",
			"aud_PlayInloop": "no",
			"aud_IsSurround": "yes",
			"aud_Dopplerlevel": "",
			"aud_spread": "",
			"aud_mindist": "no",
			"aud_maxdist": "no",
			"_Opttxt1": "no",
			"@context_img_source": "no"
		},
        {
			"_objectname": "Auxiliary vehicle left",
			"_sid": "_auxiliary_vehicle_left",
			"_slabel": "This is the auxiliary vehicle on the left side of the road",
			"_IsHidden": 0,
			"_enumcount": 4,
			"_Is3DObject": 1,
			"HasChild": 1,
			"shape": "Combination of cuboid,sphere and cylinder",
			"dimension": {
				"dradii": 0.2,
				"dvolumn": "225 cubic feet",
				"dlength": "5 feet",
				"dbreadth": "5 feet",
				"dheigth": "9 feet"
			},
			"IsText": false,
			"IsText3D": false,
			"lighting": {
				"CastShadow": "yes",
				"ReceiveShadow": "yes",
				"ContributeGlobalIlumination": "no"
			},
			"IsIlluminate": true,
			"Transform_initialpos": {
				"#x_initialpos": "-2.5",
				"#y_initialpos": "1",
				"#z_initialpos": "-12"
			},
			"Transform_initialrotation": {
				"#x_initialrotation": "0",
				"#y_initialrotation": "0",
				"#z_initialrotation": "0"
			},
			"Transform_objectscale": {
				"#x_objectscale": "1",
				"#y_objectscale": "1",
				"#z_objectscale": "1"
			},
			"repeattransfrom": {
				"distfactorx": "null",
				"distfactory": "null",
				"distfactorz": "null"
			},
			"Interaction": {
				"XRGrabInteractable": "no",
				"XRInteractionMaskLayer": "no",
				"TrackPosition": "no",
				"TrackRotation": "no",
				"Throw_Detach": "no",
				"forcegravity": "no",
				"velocity": "no",
				"angularvelocity": "no"
			},
			"Smoothing": "no",
			"Smoothing_duration": "no",
			"attachtransform": {
				"#rotate_x": "no",
				"#rotate_y": "yes",
				"#rotate_z": "no",
				"#pos_x": "yes",
				"#pos_y": "yes",
				"#pos_z": "yes"
			},
			"XRRigidObject": {
				"value": "9",
				"mass": "1",
				"dragfriction": "yes",
				"angulardrag": "yes",
				"Isgravityenable": "true",
				"IsKinematic": "yes",
				"CanInterpolate": "yes",
				"CollisionPolling": "continous"
			},
			"aud_hasaudio": "true",
			"aud_type": "static",
			"aud_src": "path",
			"aud_volume": "10",
			"aud_PlayInloop": "no",
			"aud_IsSurround": "yes",
			"aud_Dopplerlevel": "0.8",
			"aud_spread": " 0.5",
			"aud_mindist": "0.01 feet",
			"aud_maxdist": "30 feet",
			"_Opttxt1": "no",
			"@context_img_source": "no"
		},
        {
			"_objectname": "Auxiliary vehicle right",
			"_sid": "_auxiliary_vehicle_right",
			"_slabel": "This is the auxiliary vehicle on right side of the road ",
			"_IsHidden": 0,
			"_enumcount": 4,
			"_Is3DObject": 1,
			"HasChild": 1,
			"shape": "Combination of cuboid,sphere and cylinder",
			"dimension": {
				"dradii": 0.2,
				"dvolumn": "225 cubic feet",
				"dlength": "5 feet",
				"dbreadth": "5 feet",
				"dheigth": "9 feet"
			},
			"IsText": false,
			"IsText3D": false,
			"lighting": {
				"CastShadow": "yes",
				"ReceiveShadow": "yes",
				"ContributeGlobalIlumination": "no"
			},
			"IsIlluminate": true,
			"Transform_initialpos": {
				"#x_initialpos": "4",
				"#y_initialpos": "1",
				"#z_initialpos": "12"
			},
			"Transform_initialrotation": {
				"#x_initialrotation": "0",
				"#y_initialrotation": "0",
				"#z_initialrotation": "0"
			},
			"Transform_objectscale": {
				"#x_objectscale": "1",
				"#y_objectscale": "1",
				"#z_objectscale": "1"
			},
			"repeattransfrom": {
				"distfactorx": "null",
				"distfactory": "null",
				"distfactorz": "null"
			},
			"Interaction": {
				"XRGrabInteractable": "no",
				"XRInteractionMaskLayer": "no",
				"TrackPosition": "no",
				"TrackRotation": "no",
				"Throw_Detach": "no",
				"forcegravity": "no",
				"velocity": "no",
				"angularvelocity": "no"
			},
			"Smoothing": "no",
			"Smoothing_duration": "no",
			"attachtransform": {
				"#rotate_x": "no",
				"#rotate_y": "yes",
				"#rotate_z": "no",
				"#pos_x": "yes",
				"#pos_y": "yes",
				"#pos_z": "yes"
			},
			"XRRigidObject": {
				"value": "9",
				"mass": "1",
				"dragfriction": "yes",
				"angulardrag": "yes",
				"Isgravityenable": "true",
				"IsKinematic": "yes",
				"CanInterpolate": "yes",
				"CollisionPolling": "continous"
			},
			"aud_hasaudio": "true",
			"aud_type": "static",
			"aud_src": "path",
			"aud_volume": "10",
			"aud_PlayInloop": "no",
			"aud_IsSurround": "yes",
			"aud_Dopplerlevel": "0.8",
			"aud_spread": "",
			"aud_mindist": "0.001",
			"aud_maxdist": "30 feet",
			"_Opttxt1": "no",
			"@context_img_source": "no"
		},
        {
			"_objectname": "Traffic cone ",
			"_sid": "_traffic_cones",
			"_slabel": "This is the Traffic cones on the path  ",
			"_IsHidden": 0,
			"_enumcount": 20,
			"_Is3DObject": 1,
			"HasChild": 0,
			"shape": "Combination of cuboid and cylinder",
			"dimension": {
				"dradii": 0.5,
				"dvolumn": "1.5 cubic feet",
				"dlength": "1 feet",
				"dbreadth": "1 feet",
				"dheigth": "1.5 feet"
			},
			"IsText": false,
			"IsText3D": false,
			"lighting": {
				"CastShadow": "yes",
				"ReceiveShadow": "yes",
				"ContributeGlobalIlumination": "no"
			},
			"IsIlluminate": false,
			"Transform_initialpos": {
				"#x_initialpos": "0",
				"#y_initialpos": "1",
				"#z_initialpos": "10"
			},
			"Transform_initialrotation": {
				"#x_initialrotation": "0",
				"#y_initialrotation": "0",
				"#z_initialrotation": "0"
			},
			"Transform_objectscale": {
				"#x_objectscale": "1",
				"#y_objectscale": "1",
				"#z_objectscale": "1"
			},
			"repeattransfrom": {
				"distfactorx": "null",
				"distfactory": "null",
				"distfactorz": "null"
			},
			"Interaction": {
				"XRGrabInteractable": "no",
				"XRInteractionMaskLayer": "no",
				"TrackPosition": "no",
				"TrackRotation": "no",
				"Throw_Detach": "no",
				"forcegravity": "no",
				"velocity": "no",
				"angularvelocity": "no"
			},
			"Smoothing": "no",
			"Smoothing_duration": "no",
			"attachtransform": {
				"#rotate_x": "no",
				"#rotate_y": "no",
				"#rotate_z": "no",
				"#pos_x": "no",
				"#pos_y": "no",
				"#pos_z": "no"
			},
			"XRRigidObject": {
				"value": "5",
				"mass": "1",
				"dragfriction": "yes",
				"angulardrag": "yes",
				"Isgravityenable": "true",
				"IsKinematic": "yes",
				"CanInterpolate": "no",
				"CollisionPolling": "continous"
			},
			"aud_hasaudio": "no",
			"aud_type": "no",
			"aud_src": "no",
			"aud_volume": "no",
			"aud_PlayInloop": "no",
			"aud_IsSurround": "yes",
			"aud_Dopplerlevel": "0.8",
			"aud_spread": "",
			"aud_mindist": "null",
			"aud_maxdist": "null",
			"_Opttxt1": "no",
			"@context_img_source": "no"
		},
        {
			"_objectname": "Baricades ",
			"_sid": "_baricades",
			"_slabel": "This is the baricades on the road",
			"_IsHidden": 0,
			"_enumcount": 5,
			"_Is3DObject": 1,
			"HasChild": 0,
			"shape": "cuboid ",
			"dimension": {
				"dradii": 0,
				"dvolumn": "1.8 cubic feet",
				"dlength": "0.2 feet",
				"dbreadth": "3 feet",
				"dheigth": "3 feet"
			},
			"IsText": false,
			"IsText3D": false,
			"lighting": {
				"CastShadow": "yes",
				"ReceiveShadow": "yes",
				"ContributeGlobalIlumination": "no"
			},
			"IsIlluminate": false,
			"Transform_initialpos": {
				"#x_initialpos": "-5",
				"#y_initialpos": "1",
				"#z_initialpos": "10"
			},
			"Transform_initialrotation": {
				"#x_initialrotation": "0",
				"#y_initialrotation": "0",
				"#z_initialrotation": "0"
			},
			"Transform_objectscale": {
				"#x_objectscale": "1",
				"#y_objectscale": "1",
				"#z_objectscale": "1"
			},
			"repeattransfrom": {
				"distfactorx": "null",
				"distfactory": "null",
				"distfactorz": "null"
			},
			"Interaction": {
				"XRGrabInteractable": "no",
				"XRInteractionMaskLayer": "no",
				"TrackPosition": "no",
				"TrackRotation": "no",
				"Throw_Detach": "no",
				"forcegravity": "no",
				"velocity": "no",
				"angularvelocity": "no"
			},
			"Smoothing": "no",
			"Smoothing_duration": "no",
			"attachtransform": {
				"#rotate_x": "no",
				"#rotate_y": "no",
				"#rotate_z": "no",
				"#pos_x": "no",
				"#pos_y": "no",
				"#pos_z": "no"
			},
			"XRRigidObject": {
				"value": "7",
				"mass": "1",
				"dragfriction": "yes",
				"angulardrag": "yes",
				"Isgravityenable": "true",
				"IsKinematic": "yes",
				"CanInterpolate": "no",
				"CollisionPolling": "continous"
			},
			"aud_hasaudio": "no",
			"aud_type": "no",
			"aud_src": "no",
			"aud_volume": "no",
			"aud_PlayInloop": "no",
			"aud_IsSurround": "yes",
			"aud_Dopplerlevel": "0.8",
			"aud_spread": "",
			"aud_mindist": "null",
			"aud_maxdist": "null",
			"_Opttxt1": "no",
			"@context_img_source": "no"
		},
		{
			"_objectname": "leftside Tree",
			"_sid": "_leftside_tree",
			"_slabel": "This is to indicate tree on the left side of road",
			"_IsHidden": 0,
			"_enumcount": 2,
			"_Is3DObject": 1,
			"HasChild": 0,
			"shape": "combination cylinders and sphere",
			"dimension": {
				"dradii": 0.5,
				"dvolumn": "15.7 cubic feet",
				"dlength": "",
				"dbreadth": "",
				"dheigth": "20 feet"
			},
			"IsText": false,
			"IsText3D": false,
			"lighting": {
				"CastShadow": "yes",
				"ReceiveShadow": "yes",
				"ContributeGlobalIlumination": "no"
			},
			"IsIlluminate": false,
			"Transform_initialpos": {
				"#x_initialpos": "-12",
				"#y_initialpos": "1",
				"#z_initialpos": "1"
			},
			"Transform_initialrotation": {
				"#x_initialrotation": "0",
				"#y_initialrotation": "0",
				"#z_initialrotation": "0"
			},
			"Transform_objectscale": {
				"#x_objectscale": "1",
				"#y_objectscale": "1",
				"#z_objectscale": "1"
			},
			"repeattransfrom": {
				"distfactorx": "null",
				"distfactory": "null",
				"distfactorz": "null"
			},
			"Interaction": {
				"XRGrabInteractable": "no",
				"XRInteractionMaskLayer": "no",
				"TrackPosition": "no",
				"TrackRotation": "no",
				"Throw_Detach": "no",
				"forcegravity": "no",
				"velocity": "no",
				"angularvelocity": "no"
			},
			"Smoothing": "no",
			"Smoothing_duration": "no",
			"attachtransform": {
				"#rotate_x": "no",
				"#rotate_y": "no",
				"#rotate_z": "no",
				"#pos_x": "no",
				"#pos_y": "no",
				"#pos_z": "no"
			},
			"XRRigidObject": {
				"value": "7",
				"mass": "10",
				"dragfriction": "no",
				"angulardrag": "no",
				"Isgravityenable": "true",
				"IsKinematic": "no",
				"CanInterpolate": "no",
				"CollisionPolling": "continous"
			},
			"aud_hasaudio": "no",
			"aud_type": "static",
			"aud_src": "NULL",
			"aud_volume": "NULL",
			"aud_PlayInloop": "no",
			"aud_IsSurround": "no",
			"aud_Dopplerlevel": "no",
			"aud_spread": "no",
			"aud_mindist": "no",
			"aud_maxdist": "no",
			"_Opttxt1": "no",
			"@context_img_source": "no"
		},
		{
			"_objectname": "rightside Tree",
			"_sid": "_rightside_tree",
			"_slabel": "This is to indicate tree on the right side of road",
			"_IsHidden": 0,
			"_enumcount": 2,
			"_Is3DObject": 1,
			"HasChild": 0,
			"shape": "combination cylinders and sphere",
			"dimension": {
				"dradii": 0.5,
				"dvolumn": "15.7 cubic feet",
				"dlength": "",
				"dbreadth": "",
				"dheigth": "20 feet"
			},
			"IsText": false,
			"IsText3D": false,
			"lighting": {
				"CastShadow": "yes",
				"ReceiveShadow": "yes",
				"ContributeGlobalIlumination": "no"
			},
			"IsIlluminate": false,
			"Transform_initialpos": {
				"#x_initialpos": "12",
				"#y_initialpos": "1",
				"#z_initialpos": "1"
			},
			"Transform_initialrotation": {
				"#x_initialrotation": "0",
				"#y_initialrotation": "0",
				"#z_initialrotation": "0"
			},
			"Transform_objectscale": {
				"#x_objectscale": "1",
				"#y_objectscale": "1",
				"#z_objectscale": "1"
			},
			"repeattransfrom": {
				"distfactorx": "null",
				"distfactory": "null",
				"distfactorz": "null"
			},
			"Interaction": {
				"XRGrabInteractable": "no",
				"XRInteractionMaskLayer": "no",
				"TrackPosition": "no",
				"TrackRotation": "no",
				"Throw_Detach": "no",
				"forcegravity": "no",
				"velocity": "no",
				"angularvelocity": "no"
			},
			"Smoothing": "no",
			"Smoothing_duration": "no",
			"attachtransform": {
				"#rotate_x": "no",
				"#rotate_y": "no",
				"#rotate_z": "no",
				"#pos_x": "no",
				"#pos_y": "no",
				"#pos_z": "no"
			},
			"XRRigidObject": {
				"value": "7",
				"mass": "10",
				"dragfriction": "no",
				"angulardrag": "no",
				"Isgravityenable": "true",
				"IsKinematic": "no",
				"CanInterpolate": "no",
				"CollisionPolling": "continous"
			},
			"aud_hasaudio": "no",
			"aud_type": "static",
			"aud_src": "NULL",
			"aud_volume": "NULL",
			"aud_PlayInloop": "no",
			"aud_IsSurround": "no",
			"aud_Dopplerlevel": "no",
			"aud_spread": "no",
			"aud_mindist": "no",
			"aud_maxdist": "no",
			"_Opttxt1": "no",
			"@context_img_source": "no"
		},
		{
			"_objectname": "fallen Tree",
			"_sid": "_fallen_tree",
			"_slabel": "This is to indicate fallen tree on the road",
			"_IsHidden": 0,
			"_enumcount": 2,
			"_Is3DObject": 1,
			"HasChild": 0,
			"shape": "combination cylinders and sphere",
			"dimension": {
				"dradii": 0.5,
				"dvolumn": "15.7 cubic feet",
				"dlength": "",
				"dbreadth": "",
				"dheigth": "11 feet"
			},
			"IsText": false,
			"IsText3D": false,
			"lighting": {
				"CastShadow": "yes",
				"ReceiveShadow": "yes",
				"ContributeGlobalIlumination": "no"
			},
			"IsIlluminate": false,
			"Transform_initialpos": {
				"#x_initialpos": "-10",
				"#y_initialpos": "1",
				"#z_initialpos": "1"
			},
			"Transform_initialrotation": {
				"#x_initialrotation": "0",
				"#y_initialrotation": "0",
				"#z_initialrotation": "0"
			},
			"Transform_objectscale": {
				"#x_objectscale": "1",
				"#y_objectscale": "1",
				"#z_objectscale": "1"
			},
			"repeattransfrom": {
				"distfactorx": "null",
				"distfactory": "null",
				"distfactorz": "null"
			},
			"Interaction": {
				"XRGrabInteractable": "no",
				"XRInteractionMaskLayer": "no",
				"TrackPosition": "no",
				"TrackRotation": "no",
				"Throw_Detach": "no",
				"forcegravity": "no",
				"velocity": "no",
				"angularvelocity": "no"
			},
			"Smoothing": "no",
			"Smoothing_duration": "no",
			"attachtransform": {
				"#rotate_x": "no",
				"#rotate_y": "no",
				"#rotate_z": "no",
				"#pos_x": "no",
				"#pos_y": "no",
				"#pos_z": "no"
			},
			"XRRigidObject": {
				"value": "7",
				"mass": "10",
				"dragfriction": "no",
				"angulardrag": "no",
				"Isgravityenable": "true",
				"IsKinematic": "no",
				"CanInterpolate": "no",
				"CollisionPolling": "continous"
			},
			"aud_hasaudio": "no",
			"aud_type": "static",
			"aud_src": "NULL",
			"aud_volume": "NULL",
			"aud_PlayInloop": "no",
			"aud_IsSurround": "no",
			"aud_Dopplerlevel": "no",
			"aud_spread": "no",
			"aud_mindist": "no",
			"aud_maxdist": "no",
			"_Opttxt1": "no",
			"@context_img_source": "no"
		},
		{
			"_objectname": "rain drops",
			"_sid": "_rain_drops",
			"_slabel": "This is to indicate weather condition of rain",
			"_IsHidden": 0,
			"_enumcount": 200,
			"_Is3DObject": 1,
			"HasChild": 0,
			"shape": "sphere",
			"dimension": {
				"dradii": 0.0001,
				"dvolumn": "1e-9 cubic feet",
				"dlength": "",
				"dbreadth": "",
				"dheigth": ""
			},
			"IsText": false,
			"IsText3D": false,
			"lighting": {
				"CastShadow": "yes",
				"ReceiveShadow": "yes",
				"ContributeGlobalIlumination": "no"
			},
			"IsIlluminate": false,
			"Transform_initialpos": {
				"#x_initialpos": "-3.5",
				"#y_initialpos": "30",
				"#z_initialpos": "4"
			},
			"Transform_initialrotation": {
				"#x_initialrotation": "0",
				"#y_initialrotation": "0",
				"#z_initialrotation": "0"
			},
			"Transform_objectscale": {
				"#x_objectscale": "1",
				"#y_objectscale": "1",
				"#z_objectscale": "1"
			},
			"repeattransfrom": {
				"distfactorx": "null",
				"distfactory": "null",
				"distfactorz": "null"
			},
			"Interaction": {
				"XRGrabInteractable": "no",
				"XRInteractionMaskLayer": "no",
				"TrackPosition": "no",
				"TrackRotation": "no",
				"Throw_Detach": "no",
				"forcegravity": "no",
				"velocity": "no",
				"angularvelocity": "no"
			},
			"Smoothing": "no",
			"Smoothing_duration": "no",
			"attachtransform": {
				"#rotate_x": "no",
				"#rotate_y": "no",
				"#rotate_z": "no",
				"#pos_x": "no",
				"#pos_y": "no",
				"#pos_z": "no"
			},
			"XRRigidObject": {
				"value": "1",
				"mass": "0.8",
				"dragfriction": "no",
				"angulardrag": "no",
				"Isgravityenable": "true",
				"IsKinematic": "no",
				"CanInterpolate": "no",
				"CollisionPolling": "continous"
			},
			"aud_hasaudio": "yes",
			"aud_type": "static",
			"aud_src": "path",
			"aud_volume": "3",
			"aud_PlayInloop": "no",
			"aud_IsSurround": "no",
			"aud_Dopplerlevel": "no",
			"aud_spread": "no",
			"aud_mindist": "0.01",
			"aud_maxdist": "10",
			"_Opttxt1": "no",
			"@context_img_source": "no"
		},
		{
			"_objectname": "Snow flakes",
			"_sid": "_snow_flakes",
			"_slabel": "This is to indicate weather condition of snowfall",
			"_IsHidden": 0,
			"_enumcount": 200,
			"_Is3DObject": 1,
			"HasChild": 0,
			"shape": "sphere",
			"dimension": {
				"dradii": 0.0001,
				"dvolumn": "1e-9 cubic feet",
				"dlength": "",
				"dbreadth": "",
				"dheigth": ""
			},
			"IsText": false,
			"IsText3D": false,
			"lighting": {
				"CastShadow": "yes",
				"ReceiveShadow": "yes",
				"ContributeGlobalIlumination": "no"
			},
			"IsIlluminate": false,
			"Transform_initialpos": {
				"#x_initialpos": "-3.5",
				"#y_initialpos": "30",
				"#z_initialpos": "4"
			},
			"Transform_initialrotation": {
				"#x_initialrotation": "0",
				"#y_initialrotation": "0",
				"#z_initialrotation": "0"
			},
			"Transform_objectscale": {
				"#x_objectscale": "1",
				"#y_objectscale": "1",
				"#z_objectscale": "1"
			},
			"repeattransfrom": {
				"distfactorx": "null",
				"distfactory": "null",
				"distfactorz": "null"
			},
			"Interaction": {
				"XRGrabInteractable": "no",
				"XRInteractionMaskLayer": "no",
				"TrackPosition": "no",
				"TrackRotation": "no",
				"Throw_Detach": "no",
				"forcegravity": "no",
				"velocity": "no",
				"angularvelocity": "no"
			},
			"Smoothing": "no",
			"Smoothing_duration": "no",
			"attachtransform": {
				"#rotate_x": "no",
				"#rotate_y": "no",
				"#rotate_z": "no",
				"#pos_x": "no",
				"#pos_y": "no",
				"#pos_z": "no"
			},
			"XRRigidObject": {
				"value": "1",
				"mass": "0.5",
				"dragfriction": "no",
				"angulardrag": "no",
				"Isgravityenable": "true",
				"IsKinematic": "no",
				"CanInterpolate": "no",
				"CollisionPolling": "continous"
			},
			"aud_hasaudio": "yes",
			"aud_type": "static",
			"aud_src": "path",
			"aud_volume": "3",
			"aud_PlayInloop": "no",
			"aud_IsSurround": "no",
			"aud_Dopplerlevel": "no",
			"aud_spread": "no",
			"aud_mindist": "0.01",
			"aud_maxdist": "10",
			"_Opttxt1": "no",
			"@context_img_source": "no"
		},
		{
			"_objectname": "Emergency Vehicles",
			"_sid": "_emergency_vehicles",
			"_slabel": "This is to indicate emergency vehicle(ambulance, fire truck etc)",
			"_IsHidden": 0,
			"_enumcount": 1,
			"_Is3DObject": 1,
			"HasChild": 0,
			"shape": "Combination of cuboid,sphere and cylinder",
			"dimension": {
				"dradii": 0.5,
				"dvolumn": "480 cubic feet",
				"dlength": "12 feet",
				"dbreadth": "5 feet",
				"dheigth": "8 feet"
			},
			"IsText": false,
			"IsText3D": false,
			"lighting": {
				"CastShadow": "yes",
				"ReceiveShadow": "yes",
				"ContributeGlobalIlumination": "no"
			},
			"IsIlluminate": true,
			"Transform_initialpos": {
				"#x_initialpos": "4",
				"#y_initialpos": "1",
				"#z_initialpos": "12"
			},
			"Transform_initialrotation": {
				"#x_initialrotation": "0",
				"#y_initialrotation": "0",
				"#z_initialrotation": "0"
			},
			"Transform_objectscale": {
				"#x_objectscale": "1",
				"#y_objectscale": "1",
				"#z_objectscale": "1"
			},
			"repeattransfrom": {
				"distfactorx": "null",
				"distfactory": "null",
				"distfactorz": "null"
			},
			"Interaction": {
				"XRGrabInteractable": "no",
				"XRInteractionMaskLayer": "no",
				"TrackPosition": "no",
				"TrackRotation": "no",
				"Throw_Detach": "no",
				"forcegravity": "no",
				"velocity": "no",
				"angularvelocity": "no"
			},
			"Smoothing": "no",
			"Smoothing_duration": "no",
			"attachtransform": {
				"#rotate_x": "no",
				"#rotate_y": "yes",
				"#rotate_z": "no",
				"#pos_x": "yes",
				"#pos_y": "yes",
				"#pos_z": "yes"
			},
			"XRRigidObject": {
				"value": "10",
				"mass": "0.5",
				"dragfriction": "no",
				"angulardrag": "no",
				"Isgravityenable": "true",
				"IsKinematic": "no",
				"CanInterpolate": "no",
				"CollisionPolling": "continous"
			},
			"aud_hasaudio": "yes",
			"aud_type": "static",
			"aud_src": "path",
			"aud_volume": "10",
			"aud_PlayInloop": "no",
			"aud_IsSurround": "yes",
			"aud_Dopplerlevel": "0.9",
			"aud_spread": "no",
			"aud_mindist": "0.01",
			"aud_maxdist": "50",
			"_Opttxt1": "no",
			"@context_img_source": "no"
		},
		{
			"_objectname": "Heavy Traffic",
			"_sid": "_heavy_traffic",
			"_slabel": "This is to indicate weather condition of heavy traffic(multiple vehicles that may include cars,buses, trucks etc)",
			"_IsHidden": 0,
			"_enumcount": 1,
			"_Is3DObject": 1,
			"HasChild": 0,
			"shape": "cuboid ",
			"dimension": {
				"dradii": 0,
				"dvolumn": "3840 cubic feet",
				"dlength": "40 feet",
				"dbreadth": "12 feet",
				"dheigth": "8 feet"
			},
			"IsText": false,
			"IsText3D": false,
			"lighting": {
				"CastShadow": "yes",
				"ReceiveShadow": "yes",
				"ContributeGlobalIlumination": "no"
			},
			"IsIlluminate": true,
			"Transform_initialpos": {
				"#x_initialpos": "0",
				"#y_initialpos": "1",
				"#z_initialpos": "-15"
			},
			"Transform_initialrotation": {
				"#x_initialrotation": "0",
				"#y_initialrotation": "0",
				"#z_initialrotation": "0"
			},
			"Transform_objectscale": {
				"#x_objectscale": "1",
				"#y_objectscale": "1",
				"#z_objectscale": "1"
			},
			"repeattransfrom": {
				"distfactorx": "null",
				"distfactory": "null",
				"distfactorz": "null"
			},
			"Interaction": {
				"XRGrabInteractable": "no",
				"XRInteractionMaskLayer": "no",
				"TrackPosition": "no",
				"TrackRotation": "no",
				"Throw_Detach": "no",
				"forcegravity": "no",
				"velocity": "yes",
				"angularvelocity": "yes"
			},
			"Smoothing": "no",
			"Smoothing_duration": "no",
			"attachtransform": {
				"#rotate_x": "no",
				"#rotate_y": "yes",
				"#rotate_z": "no",
				"#pos_x": "yes",
				"#pos_y": "yes",
				"#pos_z": "yes"
			},
			"XRRigidObject": {
				"value": "8",
				"mass": "1",
				"dragfriction": "no",
				"angulardrag": "no",
				"Isgravityenable": "true",
				"IsKinematic": "no",
				"CanInterpolate": "no",
				"CollisionPolling": "continous"
			},
			"aud_hasaudio": "yes",
			"aud_type": "static",
			"aud_src": "path",
			"aud_volume": "3",
			"aud_PlayInloop": "no",
			"aud_IsSurround": "no",
			"aud_Dopplerlevel": "no",
			"aud_spread": "no",
			"aud_mindist": "0.01",
			"aud_maxdist": "40",
			"_Opttxt1": "no",
			"@context_img_source": "no"
		},
		{
			"_objectname": "animal",
			"_sid": "_animal",
			"_slabel": "This is to indicate condition of animal",
			"_IsHidden": 0,
			"_enumcount": 1,
			"_Is3DObject": 1,
			"HasChild": 0,
			"shape": "combination of sphere and cylinder",
			"dimension": {
				"dradii": 0.1,
				"dvolumn": "9 cubic feet",
				"dlength": "1 feet",
				"dbreadth": "3 feet",
				"dheigth": "3 feet"
			},
			"IsText": false,
			"IsText3D": false,
			"lighting": {
				"CastShadow": "yes",
				"ReceiveShadow": "yes",
				"ContributeGlobalIlumination": "no"
			},
			"IsIlluminate": false,
			"Transform_initialpos": {
				"#x_initialpos": "-5",
				"#y_initialpos": "1",
				"#z_initialpos": "-4"
			},
			"Transform_initialrotation": {
				"#x_initialrotation": "0",
				"#y_initialrotation": "0",
				"#z_initialrotation": "0"
			},
			"Transform_objectscale": {
				"#x_objectscale": "1",
				"#y_objectscale": "1",
				"#z_objectscale": "1"
			},
			"repeattransfrom": {
				"distfactorx": "null",
				"distfactory": "null",
				"distfactorz": "null"
			},
			"Interaction": {
				"XRGrabInteractable": "no",
				"XRInteractionMaskLayer": "no",
				"TrackPosition": "no",
				"TrackRotation": "no",
				"Throw_Detach": "no",
				"forcegravity": "no",
				"velocity": "no",
				"angularvelocity": "no"
			},
			"Smoothing": "no",
			"Smoothing_duration": "no",
			"attachtransform": {
				"#rotate_x": "no",
				"#rotate_y": "no",
				"#rotate_z": "no",
				"#pos_x": "true",
				"#pos_y": "no",
				"#pos_z": "no"
			},
			"XRRigidObject": {
				"value": "1",
				"mass": "0.8",
				"dragfriction": "no",
				"angulardrag": "no",
				"Isgravityenable": "true",
				"IsKinematic": "no",
				"CanInterpolate": "no",
				"CollisionPolling": "continous"
			},
			"aud_hasaudio": "yes",
			"aud_type": "static",
			"aud_src": "path",
			"aud_volume": "3",
			"aud_PlayInloop": "no",
			"aud_IsSurround": "no",
			"aud_Dopplerlevel": "no",
			"aud_spread": "no",
			"aud_mindist": "0.01",
			"aud_maxdist": "10",
			"_Opttxt1": "no",
			"@context_img_source": "no"
		}


		]
}