{
   "_scenename":"vehicleSimulator",
   "_sid":"100",
   "_slabel":"This is a car driving simulator",
      "_playarea":{
      "#pid":"12",
      "#length_playarea":"100",
      "#breadth_playarea":"50",
      "#height_playarea":"30",
	  "#comment":"values in feet",
	  "#x_scenecenter":0,
      "#y_scenecenter":2,
      "#z_scenecenter":0
   
	  },   
   "_camera":
  { 
     "IsSceneObject":true,
     "trackingorigin":"road"
   },
   "_initialcamerapos":{
      "#x_initialcamerapos":"-4",
      "#y_initialcamerapos":"2",
      "#z_initialcamerapos":"1"
   },
   "_viewport":{
      "#x_viewport":"0",
      "#y_viewport":"0",
      "#w_viewport":"1",
	  "#h_viewport":"1"
	 },
	"_clippingplane":{
	"near_cp":0.01,
	"far_cp":1000
	}, 
   "_horizon":true,
   "_dof":6,
   "_skybox":6,
   "_controllers":
	{
		"type":"hand_and_leg", 
		"raycast":false, 
		"raydistance":0, 
		"raythinkness":0, 
		"raycolor":"none", 
		"raytype":"none"
		},
   "_gravity":{
     "value":10
   },
   "_interaction":true,
   "_nestedscene":{
      "#value":false,
      "#scenecount":0,
      "#sid_order":0
   },
   "_audio":true,
   "_timeline":false,
   "_Opttxt1":"Drive Safety",
   "@context_mock":"https://instruction_manual.html",
   "usertype":[
   {
	 "type": "single",
	 "uplayarea":{
	 "#length_uplayarea":100,
     "#breadth_uplayarea":50,
	 "#height_uplayarea":30
	},
	"initialupos":{
      "#x_initialupos":-4,
      "#y_initialupos":2,
      "#z_initialupos":1
		},
		"uplayareacenter":{
	  "#x_uplayareacenter":-3.5,
      "#y_uplayareacenter":1,
      "#z_uplayareacenter":0
	  }
   },
	  {
	 "type": "multi",
	 "uplayarea":{
	 "#length_uplayarea":100,
     "#breadth_uplayarea":50,
	 "#height_uplayarea":30
	},
	"initialupos":{
      "#x_initialupos":3,
      "#y_initialupos":2,
      "#z_initialupos":1
		},
		"uplayareacenter":{
	  "#x_uplayareacenter":2.5,
      "#y_uplayareacenter":1,
      "#z_uplayareacenter":0
	  }
	  }
	]
}
