{
   "ObjList":[
      "_menuitem1","_menuitem2","_menuitem3","_menuitem4","_menuitem5",
		"_display1", "_display2","in-game" 
   ],
   "ObjAction":[
      {
         "sourceObj":"_menuitem1",
         "targetObj":[
            {
               "value":"in-game",
               "actresid":"menu_item_ingame",
               "IsCollision":"false",
               "response":"natural/custom",
               "comment":"<freetext>",
               "Syncronous":"1",
			   "repeat":[]
            }
         ]
      },
      {
         "sourceObj":"_menuitem2",
         "targetObj":[
            {
               "value":"in-game",
               "actresid":"menu_item_ingame",
               "IsCollision":"false",
               "response":"natural/custom",
               "comment":"<freetext>",
               "Syncronous":"1",
			   "repeat":[]
            }
         ]
      },
      {
         "sourceObj":"_menuitem3",
         "targetObj":[
            {
               "value":"in-game",
               "actresid":"menu_item_ingame",
               "IsCollision":"false",
               "response":"natural/custom",
               "comment":"<freetext>",
               "Syncronous":"1",
			   "repeat":[]
            }
         ]
      },
      {
         "sourceObj":"_menuitem4",
         "targetObj":[
            {
               "value":"in-game",
               "actresid":"menu_item_ingame",
               "IsCollision":"false",
               "response":"natural/custom",
               "comment":"<freetext>",
               "Syncronous":"1",
			   "repeat":[]
            }
         ]
      },
      {
         "sourceObj":"_menuitem5",
         "targetObj":[
            {
               "value":"in-game",
               "actresid":"menu_item_ingame",
               "IsCollision":"false",
               "response":"natural/custom",
               "comment":"<freetext>",
               "Syncronous":"1",
			   "repeat":[]
            }
         ]
      }
      
   ]
}
