{
  "articles": [
    {
      "_objectname": "in-game environment",
      "_sid": "_in-game",
      "_slabel": "in-game environment as observed by the user",
      "_IsHidden": 0,
      "_enumcount": 1,
      "_Is3DObject": 1,
      "HasChild": 1,
      "shape": "null",
      "dimension": {
        "dradii": "null",
        "dvolumn": "null",
        "dlength": "null",
        "dbreadth": "null",
        "dheight": "null"
      },
      "IsText": false,
      "IsText3D": false,
      "lighting": {
        "CastShadow": "1",
        "ReceiveShadow": "1",
        "ContributeGlobalIlumination": "1"
      },
      "IsIlluminate": false,
      "Transform_initialpos": {
        "#x_initialpos": "0",
        "#y_initialpos": "0",
        "#z_initialpos": "0"
      },
      "Transform_initialrotation": {
        "#x_initialrotation": "0",
        "#y_initialrotation": "0",
        "#z_initialrotation": "0"
      },
      "Transform_objectscale": {
        "#x_objectscale": "1",
        "#y_objectscale": "1",
        "#z_objectscale": "1"
      },
      "repeattransfrom": {
        "distfactorx": "null",
        "distfactory": "null",
        "distfactorz": "null"
      },
      "Interaction": {
        "XRGrabInteractable": "1",
        "XRInteractionMaskLayer": "nothing/everything/custom",
        "TrackPosition": "1",
        "TrackRotation": "1",
        "Throw_Detach": "0",
        "forcegravity": "0",
        "velocity": "0",
        "angularvelocity": "0"
      },
      "Smoothing": "1",
      "Smoothing_duration": "0.5",
      "attachtransform": {
        "#rotate_x": "null",
        "#rotate_y": "null",
        "#rotate_z": "null",
        "#pos_x": "null",
        "#pos_y": "null",
        "#pos_z": "null"
      },
      "XRRigidObject": {
        "value": "4",
        "mass": "10",
        "dragfriction": "3",
        "angulardrag": "null",
        "Isgravityenable": "true",
        "IsKinematic": "1",
        "CanInterpolate": "0",
        "CollisionPolling": "discreet/continous"
      },
      "aud_hasaudio": "1",
      "aud_type": "static/dynamic",
      "aud_src": "/path",
      "aud_volume": "10",
      "aud_PlayInloop": "1",
      "aud_IsSurround": "1",
      "aud_Dopplerlevel": "0.8",
      "aud_spread": "null",
      "aud_mindist": "null",
      "aud_maxdist": "null",
      "_Opttxt1": "null",
      "@context_img_source": "blank"
    },
    {
      "_objectname": "Display_1",
      "_sid": "_display1",
      "_slabel": "This is a viewable display, could be a movie, an advertisement or anything else",
      "_IsHidden": 0,
      "_enumcount": 1,
      "_Is3DObject": 1,
      "HasChild": 0,
      "shape": "cuboid",
      "dimension": {
        "dradii": "null",
        "dvolumn": "null",
        "dlength": 20,
        "dbreadth": 14,
        "dheight": 5
      },
      "IsText": false,
      "IsText3D": false,
      "lighting": {
        "CastShadow": "1",
        "ReceiveShadow": "0",
        "ContributeGlobalIlumination": "1"
      },
      "IsIlluminate": true,
      "Transform_initialpos": {
        "#x_initialpos": "120",
        "#y_initialpos": "20",
        "#z_initialpos": "5"
      },
      "Transform_initialrotation": {
        "#x_initialrotation": "0",
        "#y_initialrotation": "0",
        "#z_initialrotation": "0"
      },
      "Transform_objectscale": {
        "#x_objectscale": "0",
        "#y_objectscale": "0",
        "#z_objectscale": "0"
      },
      "repeattransfrom": {
        "distfactorx": "null",
        "distfactory": "null",
        "distfactorz": "null"
      },
      "Interaction": {
        "XRGrabInteractable": "0",
        "XRInteractionMaskLayer": "nothing/everything/custom",
        "TrackPosition": "1",
        "TrackRotation": "0",
        "Throw_Detach": "0",
        "forcegravity": "0",
        "velocity": "0",
        "angularvelocity": "0"
      },
      "Smoothing": "0",
      "Smoothing_duration": "null",
      "attachtransform": {
        "#rotate_x": "null",
        "#rotate_y": "null",
        "#rotate_z": "null",
        "#pos_x": "null",
        "#pos_y": "null",
        "#pos_z": "null"
      },
      "XRRigidObject": {
        "value": "4",
        "mass": "5",
        "dragfriction": "0",
        "angulardrag": "0",
        "Isgravityenable": "false",
        "IsKinematic": "0",
        "CanInterpolate": "0",
        "CollisionPolling": "discrete/continuous"
      },
      "aud_hasaudio": "1",
      "aud_type": "static/dynamic",
      "aud_src": "/path",
      "aud_volume": "10",
      "aud_PlayInloop": "1",
      "aud_IsSurround": "1",
      "aud_Dopplerlevel": "0.8",
      "aud_spread": "null",
      "aud_mindist": "null",
      "aud_maxdist": "null",
      "_Opttxt1": "null",
      "@context_img_source": "blank"
    },
    {
      "_objectname": "Display_2",
      "_sid": "_display2",
      "_slabel": "This is a viewable display, could be a movie, an advertisement or anything else",
      "_IsHidden": 0,
      "_enumcount": 1,
      "_Is3DObject": 1,
      "HasChild": 0,
      "shape": "cuboid",
      "dimension": {
        "dradii": "null",
        "dvolumn": "null",
        "dlength": 20,
        "dbreadth": 14,
        "dheight": 5
      },
      "IsText": false,
      "IsText3D": false,
      "lighting": {
        "CastShadow": "1",
        "ReceiveShadow": "0",
        "ContributeGlobalIlumination": "1"
      },
      "IsIlluminate": true,
      "Transform_initialpos": {
        "#x_initialpos": "160",
        "#y_initialpos": "20",
        "#z_initialpos": "5"
      },
      "Transform_initialrotation": {
        "#x_initialrotation": "0",
        "#y_initialrotation": "0",
        "#z_initialrotation": "0"
      },
      "Transform_objectscale": {
        "#x_objectscale": "0",
        "#y_objectscale": "0",
        "#z_objectscale": "0"
      },
      "repeattransfrom": {
        "distfactorx": "null",
        "distfactory": "null",
        "distfactorz": "null"
      },
      "Interaction": {
        "XRGrabInteractable": "0",
        "XRInteractionMaskLayer": "nothing/everything/custom",
        "TrackPosition": "1",
        "TrackRotation": "0",
        "Throw_Detach": "0",
        "forcegravity": "0",
        "velocity": "0",
        "angularvelocity": "0"
      },
      "Smoothing": "0",
      "Smoothing_duration": "null",
      "attachtransform": {
        "#rotate_x": "null",
        "#rotate_y": "null",
        "#rotate_z": "null",
        "#pos_x": "null",
        "#pos_y": "null",
        "#pos_z": "null"
      },
      "XRRigidObject": {
        "value": "4",
        "mass": "5",
        "dragfriction": "0",
        "angulardrag": "0",
        "Isgravityenable": "false",
        "IsKinematic": "0",
        "CanInterpolate": "0",
        "CollisionPolling": "discrete/continuous"
      },
      "aud_hasaudio": "1",
      "aud_type": "static/dynamic",
      "aud_src": "/path",
      "aud_volume": "10",
      "aud_PlayInloop": "1",
      "aud_IsSurround": "1",
      "aud_Dopplerlevel": "0.8",
      "aud_spread": "null",
      "aud_mindist": "null",
      "aud_maxdist": "null",
      "_Opttxt1": "null",
      "@context_img_source": "blank"
    },
    {
      "_objectname": "Menu_1",
      "_sid": "_menuitem1",
      "_slabel": "This is an openable menu item",
      "_IsHidden": 0,
      "_enumcount": 1,
      "_Is3DObject": 1,
      "HasChild": 0,
      "shape": "cuboid",
      "dimension": {
        "dradii": "null",
        "dvolumn": "null",
        "dlength": 10,
        "dbreadth": 7,
        "dheight": 4
      },
      "IsText": false,
      "IsText3D": false,
      "lighting": {
        "CastShadow": "1",
        "ReceiveShadow": "1",
        "ContributeGlobalIlumination": "1"
      },
      "IsIlluminate": true,
      "Transform_initialpos": {
        "#x_initialpos": "0",
        "#y_initialpos": "10",
        "#z_initialpos": "5"
      },
      "Transform_initialrotation": {
        "#x_initialrotation": "0",
        "#y_initialrotation": "0",
        "#z_initialrotation": "0"
      },
      "Transform_objectscale": {
        "#x_objectscale": "0",
        "#y_objectscale": "5",
        "#z_objectscale": "0"
      },
      "repeattransfrom": {
        "distfactorx": "null",
        "distfactory": "null",
        "distfactorz": "null"
      },
      "Interaction": {
        "XRGrabInteractable": "1",
        "XRInteractionMaskLayer": "nothing/everything/custom",
        "TrackPosition": "1",
        "TrackRotation": "0",
        "Throw_Detach": "0",
        "forcegravity": "0",
        "velocity": "0",
        "angularvelocity": "0"
      },
      "Smoothing": "0",
      "Smoothing_duration": "null",
      "attachtransform": {
        "#rotate_x": "null",
        "#rotate_y": "null",
        "#rotate_z": "null",
        "#pos_x": "null",
        "#pos_y": "null",
        "#pos_z": "null"
      },
      "XRRigidObject": {
        "value": "5",
        "mass": "10",
        "dragfriction": "0",
        "angulardrag": "0",
        "Isgravityenable": "false",
        "IsKinematic": "0",
        "CanInterpolate": "0",
        "CollisionPolling": "discrete/continuous"
      },
      "aud_hasaudio": "1",
      "aud_type": "static/dynamic",
      "aud_src": "/path",
      "aud_volume": "10",
      "aud_PlayInloop": "1",
      "aud_IsSurround": "1",
      "aud_Dopplerlevel": "0.8",
      "aud_spread": "null",
      "aud_mindist": "null",
      "aud_maxdist": "null",
      "_Opttxt1": "null",
      "@context_img_source": "blank"
    },
    {
      "_objectname": "Menu_2",
      "_sid": "_menuitem2",
      "_slabel": "This is an openable menu item",
      "_IsHidden": 0,
      "_enumcount": 1,
      "_Is3DObject": 1,
      "HasChild": 0,
      "shape": "cuboid",
      "dimension": {
        "dradii": "null",
        "dvolumn": "null",
        "dlength": 10,
        "dbreadth": 7,
        "dheight": 4
      },
      "IsText": false,
      "IsText3D": false,
      "lighting": {
        "CastShadow": "1",
        "ReceiveShadow": "1",
        "ContributeGlobalIlumination": "1"
      },
      "IsIlluminate": true,
      "Transform_initialpos": {
        "#x_initialpos": "20",
        "#y_initialpos": "10",
        "#z_initialpos": "5"
      },
      "Transform_initialrotation": {
        "#x_initialrotation": "0",
        "#y_initialrotation": "0",
        "#z_initialrotation": "0"
      },
      "Transform_objectscale": {
        "#x_objectscale": "0",
        "#y_objectscale": "0",
        "#z_objectscale": "0"
      },
      "repeattransfrom": {
        "distfactorx": "null",
        "distfactory": "null",
        "distfactorz": "null"
      },
      "Interaction": {
        "XRGrabInteractable": "1",
        "XRInteractionMaskLayer": "nothing/everything/custom",
        "TrackPosition": "1",
        "TrackRotation": "0",
        "Throw_Detach": "0",
        "forcegravity": "0",
        "velocity": "0",
        "angularvelocity": "0"
      },
      "Smoothing": "0",
      "Smoothing_duration": "null",
      "attachtransform": {
        "#rotate_x": "null",
        "#rotate_y": "null",
        "#rotate_z": "null",
        "#pos_x": "null",
        "#pos_y": "null",
        "#pos_z": "null"
      },
      "XRRigidObject": {
        "value": "5",
        "mass": "10",
        "dragfriction": "0",
        "angulardrag": "0",
        "Isgravityenable": "false",
        "IsKinematic": "0",
        "CanInterpolate": "0",
        "CollisionPolling": "discrete/continuous"
      },
      "aud_hasaudio": "1",
      "aud_type": "static/dynamic",
      "aud_src": "/path",
      "aud_volume": "10",
      "aud_PlayInloop": "1",
      "aud_IsSurround": "1",
      "aud_Dopplerlevel": "0.8",
      "aud_spread": "null",
      "aud_mindist": "null",
      "aud_maxdist": "null",
      "_Opttxt1": "null",
      "@context_img_source": "blank"
    },
    {
      "_objectname": "Menu_3",
      "_sid": "_menuitem3",
      "_slabel": "This is an openable menu item",
      "_IsHidden": 0,
      "_enumcount": 1,
      "_Is3DObject": 1,
      "HasChild": 0,
      "shape": "cuboid",
      "dimension": {
        "dradii": "null",
        "dvolumn": "null",
        "dlength": 10,
        "dbreadth": 7,
        "dheight": 4
      },
      "IsText": false,
      "IsText3D": false,
      "lighting": {
        "CastShadow": "1",
        "ReceiveShadow": "1",
        "ContributeGlobalIlumination": "1"
      },
      "IsIlluminate": true,
      "Transform_initialpos": {
        "#x_initialpos": "40",
        "#y_initialpos": "10",
        "#z_initialpos": "5"
      },
      "Transform_initialrotation": {
        "#x_initialrotation": "0",
        "#y_initialrotation": "0",
        "#z_initialrotation": "0"
      },
      "Transform_objectscale": {
        "#x_objectscale": "0",
        "#y_objectscale": "0",
        "#z_objectscale": "0"
      },
      "repeattransfrom": {
        "distfactorx": "null",
        "distfactory": "null",
        "distfactorz": "null"
      },
      "Interaction": {
        "XRGrabInteractable": "1",
        "XRInteractionMaskLayer": "nothing/everything/custom",
        "TrackPosition": "1",
        "TrackRotation": "0",
        "Throw_Detach": "0",
        "forcegravity": "0",
        "velocity": "0",
        "angularvelocity": "0"
      },
      "Smoothing": "0",
      "Smoothing_duration": "null",
      "attachtransform": {
        "#rotate_x": "null",
        "#rotate_y": "null",
        "#rotate_z": "null",
        "#pos_x": "null",
        "#pos_y": "null",
        "#pos_z": "null"
      },
      "XRRigidObject": {
        "value": "5",
        "mass": "10",
        "dragfriction": "0",
        "angulardrag": "0",
        "Isgravityenable": "false",
        "IsKinematic": "0",
        "CanInterpolate": "0",
        "CollisionPolling": "discrete/continuous"
      },
      "aud_hasaudio": "1",
      "aud_type": "static/dynamic",
      "aud_src": "/path",
      "aud_volume": "10",
      "aud_PlayInloop": "1",
      "aud_IsSurround": "1",
      "aud_Dopplerlevel": "0.8",
      "aud_spread": "null",
      "aud_mindist": "null",
      "aud_maxdist": "null",
      "_Opttxt1": "null",
      "@context_img_source": "blank"
    },
    {
      "_objectname": "Menu_4",
      "_sid": "_menuitem4",
      "_slabel": "This is an openable menu item",
      "_IsHidden": 0,
      "_enumcount": 1,
      "_Is3DObject": 1,
      "HasChild": 0,
      "shape": "cuboid",
      "dimension": {
        "dradii": "null",
        "dvolumn": "null",
        "dlength": 10,
        "dbreadth": 7,
        "dheight": 4
      },
      "IsText": false,
      "IsText3D": false,
      "lighting": {
        "CastShadow": "1",
        "ReceiveShadow": "1",
        "ContributeGlobalIlumination": "1"
      },
      "IsIlluminate": true,
      "Transform_initialpos": {
        "#x_initialpos": "60",
        "#y_initialpos": "10",
        "#z_initialpos": "5"
      },
      "Transform_initialrotation": {
        "#x_initialrotation": "0",
        "#y_initialrotation": "0",
        "#z_initialrotation": "0"
      },
      "Transform_objectscale": {
        "#x_objectscale": "0",
        "#y_objectscale": "0",
        "#z_objectscale": "0"
      },
      "repeattransfrom": {
        "distfactorx": "null",
        "distfactory": "null",
        "distfactorz": "null"
      },
      "Interaction": {
        "XRGrabInteractable": "1",
        "XRInteractionMaskLayer": "nothing/everything/custom",
        "TrackPosition": "1",
        "TrackRotation": "0",
        "Throw_Detach": "0",
        "forcegravity": "0",
        "velocity": "0",
        "angularvelocity": "0"
      },
      "Smoothing": "0",
      "Smoothing_duration": "null",
      "attachtransform": {
        "#rotate_x": "null",
        "#rotate_y": "null",
        "#rotate_z": "null",
        "#pos_x": "null",
        "#pos_y": "null",
        "#pos_z": "null"
      },
      "XRRigidObject": {
        "value": "5",
        "mass": "10",
        "dragfriction": "0",
        "angulardrag": "0",
        "Isgravityenable": "false",
        "IsKinematic": "0",
        "CanInterpolate": "0",
        "CollisionPolling": "discrete/continuous"
      },
      "aud_hasaudio": "1",
      "aud_type": "static/dynamic",
      "aud_src": "/path",
      "aud_volume": "10",
      "aud_PlayInloop": "1",
      "aud_IsSurround": "1",
      "aud_Dopplerlevel": "0.8",
      "aud_spread": "null",
      "aud_mindist": "null",
      "aud_maxdist": "null",
      "_Opttxt1": "null",
      "@context_img_source": "blank"
    },
    {
      "_objectname": "Menu_5",
      "_sid": "_menuitem5",
      "_slabel": "This is an openable menu item",
      "_IsHidden": 0,
      "_enumcount": 1,
      "_Is3DObject": 1,
      "HasChild": 0,
      "shape": "cuboid",
      "dimension": {
        "dradii": "null",
        "dvolumn": "null",
        "dlength": 10,
        "dbreadth": 7,
        "dheight": 4
      },
      "IsText": false,
      "IsText3D": false,
      "lighting": {
        "CastShadow": "1",
        "ReceiveShadow": "1",
        "ContributeGlobalIlumination": "1"
      },
      "IsIlluminate": true,
      "Transform_initialpos": {
        "#x_initialpos": "80",
        "#y_initialpos": "10",
        "#z_initialpos": "5"
      },
      "Transform_initialrotation": {
        "#x_initialrotation": "0",
        "#y_initialrotation": "0",
        "#z_initialrotation": "0"
      },
      "Transform_objectscale": {
        "#x_objectscale": "0",
        "#y_objectscale": "0",
        "#z_objectscale": "0"
      },
      "repeattransfrom": {
        "distfactorx": "null",
        "distfactory": "null",
        "distfactorz": "null"
      },
      "Interaction": {
        "XRGrabInteractable": "1",
        "XRInteractionMaskLayer": "nothing/everything/custom",
        "TrackPosition": "1",
        "TrackRotation": "0",
        "Throw_Detach": "0",
        "forcegravity": "0",
        "velocity": "0",
        "angularvelocity": "0"
      },
      "Smoothing": "0",
      "Smoothing_duration": "null",
      "attachtransform": {
        "#rotate_x": "null",
        "#rotate_y": "null",
        "#rotate_z": "null",
        "#pos_x": "null",
        "#pos_y": "null",
        "#pos_z": "null"
      },
      "XRRigidObject": {
        "value": "5",
        "mass": "10",
        "dragfriction": "0",
        "angulardrag": "0",
        "Isgravityenable": "false",
        "IsKinematic": "0",
        "CanInterpolate": "0",
        "CollisionPolling": "discrete/continuous"
      },
      "aud_hasaudio": "1",
      "aud_type": "static/dynamic",
      "aud_src": "/path",
      "aud_volume": "10",
      "aud_PlayInloop": "1",
      "aud_IsSurround": "1",
      "aud_Dopplerlevel": "0.8",
      "aud_spread": "null",
      "aud_mindist": "null",
      "aud_maxdist": "null",
      "_Opttxt1": "null",
      "@context_img_source": "blank"
    }
  ]
}
