{
	"setvalues":
	{
	"custom_variables":"$clicks,$looks",
	"custom_functions":"#open,#play",
	"max_score":"null",
	"rObjList":[
		"_menuitem1","_menuitem2","_menuitem3","_menuitem4","_menuitem5",
		"_display1", "_display2","in-game"      
		]
	},
	
	"rules":[
	{
		"rid":"opengame",
		"rtitle":"rule for opening game",
		"logic":"aWYoIHtfdXNlciAkY2xpY2tzIF9tZW51WH0KdGhlbiAkb3BlbihfaW5fZ2FtZVgpCg=="
	},
	{
		"rid":"viewdisplay",
		"rtitle":"rule for viewing display screen",
		"logic":"aWYoIHtfdXNlciAkbG9va3MgX2Rpc3BsYXlYfQp0aGVuICRwbGF5KF9kaXNwbGF5WCk="
	}
	],
	
	"ruleorder":{
		"ordertype":"null"
	}
}


