{
    "animate_trigSync":{
                       "tsyncid":21,
                       "tsOntrigger":true, 
                       "SyncObjList":[  ], 
                       "tSyncNote":"this statement is blank"
           },
     "animate_nontrigSync":{
                       "ntsyncid":22,
                       "ntsOntrigger":false, "ntSyncObjList":[ "_display1", "_display2" ], "ntSyncNote":"These are the displays that do not change their state upon trigger by the user"
           },
     "animate_trigAsync":{
                       "tasyncid":23,
                       "taOntrigger":true, "tAsyncObjList":["_menuitem1","_menuitem2","_menuitem3","_menuitem4","_menuitem5" ], "tAsyncNote":"All these change their state upon trigger by the user"
           },
     "animate_nontrigAsync":{
                       "ntasyncid":24,
                       "ntaOntrigger":false, "ntAsyncObjList":[ ], "ntAsyncNote":""
           },

       
      "routine": [{ "routeid":11,   "starttime":"00:30:00",   "endtime":"00:55:00",  "order":[21,23,22,24] },
              { "routeid":12,   "starttime":"00:40:00",   "endtime":"00:45:00",  "order":[22,23] }
              ]     
}