{
    "articles":[		
    {
       "_objectname":"Train",
       "_sid":"_rollercoasterCart",
       "_slabel":"User sits in this cart and rides the roller coaster",
       "_IsHidden":0,
       "_enumcount":1,
       "_Is3DObject":1,
       "HasChild":0,
       "shape":"Cuboid",      
       "dimension":{
             "dradii":"null",
             "dvolumn":"null",
             "dlength":"10",
             "dbreadth":"5",
             "dheight":"7"
          }, 
          "IsText":false,
          "IsText3D":false,
          "lighting":{
             "CastShadow":"1",
             "ReceiveShadow":"1",
             "ContributeGlobalIlumination":"1"
          },
       "IsIlluminate":false,
       "Transform_initialpos":{
             "#x_initialpos":"0",
             "#y_initialpos":"0",
             "#z_initialpos":"0"
          },
          "Transform_initialrotation":{
             "#x_initialrotation":"0",
             "#y_initialrotation":"0",
             "#z_initialrotation":"0"
          },
          "Transform_objectscale":{
             "#x_objectscale":"0",
             "#y_objectscale":"0",
             "#z_objectscale":"0"
          },
         "repeattransfrom":{
          "distfactorx":"null",
          "distfactory":"null",
          "distfactorz":"null"
          },
       "Interaction":{
          "XRGrabInteractable":"1",
          "XRInteractionMaskLayer":"nothing",
          "TrackPosition":"1",
          "TrackRotation":"0",
          "Throw_Detach":"0",
          "forcegravity":"1",
          "velocity":"custom",
          "angularvelocity":"custom"
          },
          "Smoothing":"1",
         "Smoothing_duration":"0.5",
         "attachtransform":{
             "#rotate_x":"null",
             "#rotate_y":"null",
             "#rotate_z":"null",
             "#pos_x":"null",
             "#pos_y":"null",
             "#pos_z":"null"
          },
          "XRRigidObject":{
             "value":"1",
             "mass":"1500",
             "dragfriction":"6",
             "angulardrag":"5",
             "Isgravityenable":"true",
             "IsKinematic":"1",
             "CanInterpolate":"1",
             "CollisionPolling":"discrete"
          },
       "aud_hasaudio":"1",
       "aud_type":"dynamic",
       "aud_src":"/path/to/audio/file",
       "aud_volume":"custom",
       "aud_PlayInloop":"0",
       "aud_IsSurround":"1",
       "aud_Dopplerlevel":"0.9",
       "aud_spread":"null",
       "aud_mindist":"null",
       "aud_maxdist":"null",
       "_Opttxt1":"null",
       "@context_img_source":"/path/to/image/file"
    }
    ]
    }

