{
    "_scenename":"Roller Coaster",
    "_sid":"12",
    "_slabel":"Interactive VR experience",
       "_playarea":{
       "#pid":"123",
       "#length_playarea":"50",
       "#breadth_playarea":"50",
       "#height_playarea":"70",
     "#comment":"Values in meters",
     "#x_scenecenter":0,
       "#y_scenecenter":0,
       "#z_scenecenter":0
    
     },   
    "_camera":
   { 
      "IsSceneObject":true,
      "trackingorigin":"floor"
    },
    "_initialcamerapos":{
       "#x_initialcamerapos":0,
       "#y_initialcamerapos":0,
       "#z_initialcamerapos":0
    },
    "_viewport":{
       "#x_viewport":0,
       "#y_viewport":0,
       "#w_viewport":1,
     "#h_viewport":1
    },
   "_clippingplane":{
   "near_cp":0.01,
   "far_cp":1500
   }, 
    "_horizon":true,
    "_dof":3,
    "_skybox":3,
    "_controllers":
   {
     "type":"Joy Stick", 
     "raycast":true, 
     "raydistance":1, 
     "raythinkness":1, 
     "raycolor":"transparent", 
     "raytype":"straightline"
     },
    "_gravity":{
      "value":6
    },
    "_interaction":true,
    "_nestedscene":{
       "#value":true,
       "#scenecount":10,
       "#sid_order":8
    },
    "_audio":true,
    "_timeline":true,
    "_Opttxt1":"",
    "@context_mock":"",
    "usertype":[
    {
    "type": "single",
    "uplayarea":{
    "#length_uplayarea":40,
      "#breadth_uplayarea":40,
    "#height_uplayarea":40
   },
   "initialupos":{
       "#x_initialupos":0,
       "#y_initialupos":0,
       "#z_initialupos":-5
     },
     "uplayareacenter":{
     "#x_uplayareacenter":0,
       "#y_uplayareacenter":0,
       "#z_uplayareacenter":-5
     }
    },
     {
    "type": "multi",
    "uplayarea":{
    "#length_uplayarea":45,
      "#breadth_uplayarea":45,
    "#height_uplayarea":45
   },
   "initialupos":{
       "#x_initialupos":0,
       "#y_initialupos":0,
       "#z_initialupos":-5
     },
     "uplayareacenter":{
     "#x_uplayareacenter":0,
       "#y_uplayareacenter":0,
       "#z_uplayareacenter":-5
     }
     }
   ]
  }