{	
    "animate_trigSync":{
                       "tsyncid":21,
                       "tsOntrigger":true, 
                       "SyncObjList":[  ], 
                       "tSyncNote":"this statement is blank"
           },
     "animate_nontrigSync":{
                       "ntsyncid":22,
                       "ntsOntrigger":false,
                       "ntSyncObjList":[ ],
                       "ntSyncNote":"this statement is blank"
           },
     "animate_trigAsync":{
                       "tasyncid":23,
                       "taOntrigger":true, 
                       "tAsyncObjList":[],
                       "tAsyncNote":"this statement is blank"
           },
     "animate_nontrigAsync":{
                       "ntasyncid":24,
                       "ntaOntrigger":false,
                       "ntAsyncObjList":[ "_scoreboard", "_topology"], 
                       "ntAsyncNote":""
           },
     "routine": [{ "routeid":11,   "starttime":"00:00:00",   "endtime":"04:00:00",  "order":[24] }]    
}
