{
    "ObjAction": [
        {
            "actresid": "player_grabcoin",
            "sourceObj": "_player",
            "targetObj": "_coin",
            "IsCollision": true,
            "response": "custom",
            "comment": "The player while gliding in the rail cart grabs any bonus coins visible in its path. The game player has to do physical movements and grab the coins using hands.",
            "Syncronous": true,
            "repeatactionfor": "_coin1, _coin2, _coin3, _coin4, _coin5"
        },
        {
            "actresid": "player_steercart",
            "sourceObj": "_player",
            "targetObj": "_cart",
            "IsCollision": false,
            "response": "custom",
            "comment": "The user steers the card to the right or left depending upon its assessment of the track and the motivation to collect coins.",
            "Syncronous": true,
            "repeatactionfor": "null"
        },
        {
            "actresid": "player_jumpRailCart",
            "sourceObj": "_player",
            "targetObj": "_railcart",
            "IsCollision": false,
            "response": "custom",
            "comment": "The user overcomes the obstacle of the rock by jumping over it",
            "Syncronous": true,
            "repeatactionfor": "null"
        },
        {
            "actresid": "player_ducksBirds",
            "sourceObj": "_player",
            "targetObj": "_player",
            "IsCollision": false,
            "response": "custom",
            "comment": "The user overcomes th obstacle of the bird by ducking",
            "Syncronous": true,
            "repeatactionfor": "null"
        }
    ]
}