{
	"articles": [{
			"_objectname": "Coin_1",
			"_sid": "_coin1",
			"_slabel": "Coins are collected by the player during the ride.",
			"_IsHidden": 0,
			"_enumcount": 100,
			"_Is3DObject": 1,
			"HasChild": 0,
			"shape": "sphere",
			"dimension": {
				"dradii": 1,
				"dvolumn": "null",
				"dlength": "null",
				"dbreadth": "null",
				"dheigth": "null"
			},
			"IsText": false,
			"IsText3D": false,
			"lighting": {
				"CastShadow": "0",
				"ReceiveShadow": "0",
				"ContributeGlobalIlumination": "1"
			},
			"IsIlluminate": true,
			"Transform_initialpos": {
				"#x_initialpos": "0",
				"#y_initialpos": "0",
				"#z_initialpos": "5"
			},
			"Transform_initialrotation": {
				"#x_initialrotation": "0",
				"#y_initialrotation": "5",
				"#z_initialrotation": "0"
			},
			"Transform_objectscale": {
				"#x_objectscale": "0",
				"#y_objectscale": "5",
				"#z_objectscale": "0"
			},
			"repeattransfrom": {
				"distfactorx": "null",
				"distfactory": "null",
				"distfactorz": "null"
			},
			"Interaction": {
				"XRGrabInteractable": "1",
				"XRInteractionMaskLayer": "nothing/everything/custom",
				"TrackPosition": "0",
				"TrackRotation": "0",
				"Throw_Detach": "0",
				"forcegravity": "0",
				"velocity": "0",
				"angularvelocity": "2"
			},
			"Smoothing": "0",
			"Smoothing_duration": "0",
			"attachtransform": {
				"#rotate_x": "null",
				"#rotate_y": "1",
				"#rotate_z": "null",
				"#pos_x": "null",
				"#pos_y": "null",
				"#pos_z": "null"
			},
			"XRRigidObject": {
				"value": "1",
				"mass": "10",
				"dragfriction": "0",
				"angulardrag": "0",
				"Isgravityenable": "false",
				"IsKinematic": "0",
				"CanInterpolate": "0",
				"CollisionPolling": "discrete"
			},
			"aud_hasaudio": "1",
			"aud_type": "dynamic",
			"aud_src": "./ting",
			"aud_volume": "10",
			"aud_PlayInloop": "0",
			"aud_IsSurround": "1",
			"aud_Dopplerlevel": "0.9",
			"aud_spread": "null",
			"aud_mindist": "null",
			"aud_maxdist": "null",
			"_Opttxt1": "null",
			"@context_img_source": "blank"
		},
        {
			"_objectname": "Coin_2",
			"_sid": "_coin2",
			"_slabel": "Coins are collected by the player during the ride.",
			"_IsHidden": 0,
			"_enumcount": 100,
			"_Is3DObject": 1,
			"HasChild": 0,
			"shape": "sphere",
			"dimension": {
				"dradii": 1,
				"dvolumn": "null",
				"dlength": "null",
				"dbreadth": "null",
				"dheigth": "null"
			},
			"IsText": false,
			"IsText3D": false,
			"lighting": {
				"CastShadow": "0",
				"ReceiveShadow": "0",
				"ContributeGlobalIlumination": "1"
			},
			"IsIlluminate": true,
			"Transform_initialpos": {
				"#x_initialpos": "10",
				"#y_initialpos": "20",
				"#z_initialpos": "10"
			},
			"Transform_initialrotation": {
				"#x_initialrotation": "0",
				"#y_initialrotation": "5",
				"#z_initialrotation": "0"
			},
			"Transform_objectscale": {
				"#x_objectscale": "0",
				"#y_objectscale": "5",
				"#z_objectscale": "0"
			},
			"repeattransfrom": {
				"distfactorx": "null",
				"distfactory": "null",
				"distfactorz": "null"
			},
			"Interaction": {
				"XRGrabInteractable": "1",
				"XRInteractionMaskLayer": "nothing/everything/custom",
				"TrackPosition": "0",
				"TrackRotation": "0",
				"Throw_Detach": "0",
				"forcegravity": "0",
				"velocity": "0",
				"angularvelocity": "2"
			},
			"Smoothing": "0",
			"Smoothing_duration": "0",
			"attachtransform": {
				"#rotate_x": "null",
				"#rotate_y": "1",
				"#rotate_z": "null",
				"#pos_x": "null",
				"#pos_y": "null",
				"#pos_z": "null"
			},
			"XRRigidObject": {
				"value": "1",
				"mass": "10",
				"dragfriction": "0",
				"angulardrag": "0",
				"Isgravityenable": "false",
				"IsKinematic": "0",
				"CanInterpolate": "0",
				"CollisionPolling": "discrete"
			},
			"aud_hasaudio": "1",
			"aud_type": "dynamic",
			"aud_src": "./ting",
			"aud_volume": "10",
			"aud_PlayInloop": "0",
			"aud_IsSurround": "1",
			"aud_Dopplerlevel": "0.9",
			"aud_spread": "null",
			"aud_mindist": "null",
			"aud_maxdist": "null",
			"_Opttxt1": "null",
			"@context_img_source": "blank"
		},
        {
			"_objectname": "Coin_3",
			"_sid": "_coin3",
			"_slabel": "Coins are collected by the player during the ride.",
			"_IsHidden": 0,
			"_enumcount": 100,
			"_Is3DObject": 1,
			"HasChild": 0,
			"shape": "sphere",
			"dimension": {
				"dradii": 1,
				"dvolumn": "null",
				"dlength": "null",
				"dbreadth": "null",
				"dheigth": "null"
			},
			"IsText": false,
			"IsText3D": false,
			"lighting": {
				"CastShadow": "0",
				"ReceiveShadow": "0",
				"ContributeGlobalIlumination": "1"
			},
			"IsIlluminate": true,
			"Transform_initialpos": {
				"#x_initialpos": "25",
				"#y_initialpos": "30",
				"#z_initialpos": "15"
			},
			"Transform_initialrotation": {
				"#x_initialrotation": "0",
				"#y_initialrotation": "5",
				"#z_initialrotation": "0"
			},
			"Transform_objectscale": {
				"#x_objectscale": "0",
				"#y_objectscale": "5",
				"#z_objectscale": "0"
			},
			"repeattransfrom": {
				"distfactorx": "null",
				"distfactory": "null",
				"distfactorz": "null"
			},
			"Interaction": {
				"XRGrabInteractable": "1",
				"XRInteractionMaskLayer": "nothing/everything/custom",
				"TrackPosition": "0",
				"TrackRotation": "0",
				"Throw_Detach": "0",
				"forcegravity": "0",
				"velocity": "0",
				"angularvelocity": "2"
			},
			"Smoothing": "0",
			"Smoothing_duration": "0",
			"attachtransform": {
				"#rotate_x": "null",
				"#rotate_y": "1",
				"#rotate_z": "null",
				"#pos_x": "null",
				"#pos_y": "null",
				"#pos_z": "null"
			},
			"XRRigidObject": {
				"value": "1",
				"mass": "10",
				"dragfriction": "0",
				"angulardrag": "0",
				"Isgravityenable": "false",
				"IsKinematic": "0",
				"CanInterpolate": "0",
				"CollisionPolling": "discrete"
			},
			"aud_hasaudio": "1",
			"aud_type": "dynamic",
			"aud_src": "./ting",
			"aud_volume": "10",
			"aud_PlayInloop": "0",
			"aud_IsSurround": "1",
			"aud_Dopplerlevel": "0.9",
			"aud_spread": "null",
			"aud_mindist": "null",
			"aud_maxdist": "null",
			"_Opttxt1": "null",
			"@context_img_source": "blank"
		},
        {
			"_objectname": "Coin_4",
			"_sid": "_coin4",
			"_slabel": "Coins are collected by the player during the ride.",
			"_IsHidden": 0,
			"_enumcount": 100,
			"_Is3DObject": 1,
			"HasChild": 0,
			"shape": "sphere",
			"dimension": {
				"dradii": 1,
				"dvolumn": "null",
				"dlength": "null",
				"dbreadth": "null",
				"dheigth": "null"
			},
			"IsText": false,
			"IsText3D": false,
			"lighting": {
				"CastShadow": "0",
				"ReceiveShadow": "0",
				"ContributeGlobalIlumination": "1"
			},
			"IsIlluminate": true,
			"Transform_initialpos": {
				"#x_initialpos": "20",
				"#y_initialpos": "0",
				"#z_initialpos": "20"
			},
			"Transform_initialrotation": {
				"#x_initialrotation": "0",
				"#y_initialrotation": "5",
				"#z_initialrotation": "0"
			},
			"Transform_objectscale": {
				"#x_objectscale": "0",
				"#y_objectscale": "5",
				"#z_objectscale": "0"
			},
			"repeattransfrom": {
				"distfactorx": "null",
				"distfactory": "null",
				"distfactorz": "null"
			},
			"Interaction": {
				"XRGrabInteractable": "1",
				"XRInteractionMaskLayer": "nothing/everything/custom",
				"TrackPosition": "0",
				"TrackRotation": "0",
				"Throw_Detach": "0",
				"forcegravity": "0",
				"velocity": "0",
				"angularvelocity": "2"
			},
			"Smoothing": "0",
			"Smoothing_duration": "0",
			"attachtransform": {
				"#rotate_x": "null",
				"#rotate_y": "1",
				"#rotate_z": "null",
				"#pos_x": "null",
				"#pos_y": "null",
				"#pos_z": "null"
			},
			"XRRigidObject": {
				"value": "1",
				"mass": "10",
				"dragfriction": "0",
				"angulardrag": "0",
				"Isgravityenable": "false",
				"IsKinematic": "0",
				"CanInterpolate": "0",
				"CollisionPolling": "discrete"
			},
			"aud_hasaudio": "1",
			"aud_type": "dynamic",
			"aud_src": "./ting",
			"aud_volume": "10",
			"aud_PlayInloop": "0",
			"aud_IsSurround": "1",
			"aud_Dopplerlevel": "0.9",
			"aud_spread": "null",
			"aud_mindist": "null",
			"aud_maxdist": "null",
			"_Opttxt1": "null",
			"@context_img_source": "blank"
		},
        {
			"_objectname": "Coin_5",
			"_sid": "_coin5",
			"_slabel": "Coins are collected by the player during the ride.",
			"_IsHidden": 0,
			"_enumcount": 100,
			"_Is3DObject": 1,
			"HasChild": 0,
			"shape": "sphere",
			"dimension": {
				"dradii": 1,
				"dvolumn": "null",
				"dlength": "null",
				"dbreadth": "null",
				"dheigth": "null"
			},
			"IsText": false,
			"IsText3D": false,
			"lighting": {
				"CastShadow": "0",
				"ReceiveShadow": "0",
				"ContributeGlobalIlumination": "1"
			},
			"IsIlluminate": true,
			"Transform_initialpos": {
				"#x_initialpos": "40",
				"#y_initialpos": "20",
				"#z_initialpos": "25"
			},
			"Transform_initialrotation": {
				"#x_initialrotation": "0",
				"#y_initialrotation": "5",
				"#z_initialrotation": "0"
			},
			"Transform_objectscale": {
				"#x_objectscale": "0",
				"#y_objectscale": "5",
				"#z_objectscale": "0"
			},
			"repeattransfrom": {
				"distfactorx": "null",
				"distfactory": "null",
				"distfactorz": "null"
			},
			"Interaction": {
				"XRGrabInteractable": "1",
				"XRInteractionMaskLayer": "nothing/everything/custom",
				"TrackPosition": "0",
				"TrackRotation": "0",
				"Throw_Detach": "0",
				"forcegravity": "0",
				"velocity": "0",
				"angularvelocity": "2"
			},
			"Smoothing": "0",
			"Smoothing_duration": "0",
			"attachtransform": {
				"#rotate_x": "null",
				"#rotate_y": "1",
				"#rotate_z": "null",
				"#pos_x": "null",
				"#pos_y": "null",
				"#pos_z": "null"
			},
			"XRRigidObject": {
				"value": "1",
				"mass": "10",
				"dragfriction": "0",
				"angulardrag": "0",
				"Isgravityenable": "false",
				"IsKinematic": "0",
				"CanInterpolate": "0",
				"CollisionPolling": "discrete"
			},
			"aud_hasaudio": "1",
			"aud_type": "dynamic",
			"aud_src": "./ting",
			"aud_volume": "10",
			"aud_PlayInloop": "0",
			"aud_IsSurround": "1",
			"aud_Dopplerlevel": "0.9",
			"aud_spread": "null",
			"aud_mindist": "null",
			"aud_maxdist": "null",
			"_Opttxt1": "null",
			"@context_img_source": "blank"
		},
		{
			"_objectname": "Rail_Cart",
			"_sid": "_railcart",
			"_slabel": "This is used to ride on the rail track controlled by user.",
			"_IsHidden": 0,
			"_enumcount": 1,
			"_Is3DObject": 1,
			"HasChild": 0,
			"shape": "rectangle",
			"dimension": {
				"dradii": 0,
				"dvolumn": "null",
				"dlength": "10",
				"dbreadth": "5",
				"dheigth": "5"
			},
			"IsText": false,
			"IsText3D": false,
			"lighting": {
				"CastShadow": "1",
				"ReceiveShadow": "1",
				"ContributeGlobalIlumination": "1"
			},
			"IsIlluminate": true,
			"Transform_initialpos": {
				"#x_initialpos": "0",
				"#y_initialpos": "0",
				"#z_initialpos": "0"
			},
			"Transform_initialrotation": {
				"#x_initialrotation": "0",
				"#y_initialrotation": "0",
				"#z_initialrotation": "0"
			},
			"Transform_objectscale": {
				"#x_objectscale": "0",
				"#y_objectscale": "0",
				"#z_objectscale": "0"
			},
			"repeattransfrom": {
				"distfactorx": "null",
				"distfactory": "null",
				"distfactorz": "null"
			},
			"Interaction": {
				"XRGrabInteractable": "0",
				"XRInteractionMaskLayer": "custom",
				"TrackPosition": "1",
				"TrackRotation": "1",
				"Throw_Detach": "0",
				"forcegravity": "1",
				"velocity": "10",
				"angularvelocity": "5"
			},
			"Smoothing": "1",
			"Smoothing_duration": "0.2",
			"attachtransform": {
				"#rotate_x": "1",
				"#rotate_y": "1",
				"#rotate_z": "1",
				"#pos_x": "null",
				"#pos_y": "null",
				"#pos_z": "null"
			},
			"XRRigidObject": {
				"value": "9",
				"mass": "40",
				"dragfriction": "0.5",
				"angulardrag": "1",
				"Isgravityenable": "true",
				"IsKinematic": "1",
				"CanInterpolate": "0",
				"CollisionPolling": "discrete"
			},
			"aud_hasaudio": "1",
			"aud_type": "dynamic",
			"aud_src": "/path/rail_audio",
			"aud_volume": "5",
			"aud_PlayInloop": "1",
			"aud_IsSurround": "1",
			"aud_Dopplerlevel": "0.9",
			"aud_spread": "null",
			"aud_mindist": "null",
			"aud_maxdist": "null",
			"_Opttxt1": "null",
			"@context_img_source": "blank"
		},
		{
			"_objectname": "Obstacle_Bird",
			"_sid": "_bird",
			"_slabel": "This is an overhead obstacle for the player",
			"_IsHidden": 0,
			"_enumcount": 2,
			"_Is3DObject": 1,
			"HasChild": 0,
			"shape": "bird",
			"dimension": {
				"dradii": 0,
				"dvolumn": "25",
				"dlength": "null",
				"dbreadth": "null",
				"dheigth": "null"
			},
			"IsText": false,
			"IsText3D": false,
			"lighting": {
				"CastShadow": "1",
				"ReceiveShadow": "1",
				"ContributeGlobalIlumination": "1"
			},
			"IsIlluminate": true,
			"Transform_initialpos": {
				"#x_initialpos": "20",
				"#y_initialpos": "50",
				"#z_initialpos": "30"
			},
			"Transform_initialrotation": {
				"#x_initialrotation": "0",
				"#y_initialrotation": "5",
				"#z_initialrotation": "0"
			},
			"Transform_objectscale": {
				"#x_objectscale": "0",
				"#y_objectscale": "5",
				"#z_objectscale": "0"
			},
			"repeattransfrom": {
				"distfactorx": "null",
				"distfactory": "null",
				"distfactorz": "null"
			},
			"Interaction": {
				"XRGrabInteractable": "0",
				"XRInteractionMaskLayer": "custom",
				"TrackPosition": "1",
				"TrackRotation": "1",
				"Throw_Detach": "0",
				"forcegravity": "1",
				"velocity": "5",
				"angularvelocity": "3"
			},
			"Smoothing": "1",
			"Smoothing_duration": "0.5",
			"attachtransform": {
				"#rotate_x": "1",
				"#rotate_y": "1",
				"#rotate_z": "1",
				"#pos_x": "null",
				"#pos_y": "null",
				"#pos_z": "null"
			},
			"XRRigidObject": {
				"value": "2",
				"mass": "20",
				"dragfriction": "6",
				"angulardrag": "7",
				"Isgravityenable": "true",
				"IsKinematic": "1",
				"CanInterpolate": "0",
				"CollisionPolling": "discrete"
			},
			"aud_hasaudio": "1",
			"aud_type": "dynamic",
			"aud_src": "/path/irdvoice",
			"aud_volume": "25",
			"aud_PlayInloop": "1",
			"aud_IsSurround": "1",
			"aud_Dopplerlevel": "0.9",
			"aud_spread": "null",
			"aud_mindist": "2",
			"aud_maxdist": "7",
			"_Opttxt1": "null",
			"@context_img_source": "blank"
		},
		{
			"_objectname": "Obstacle_Rock",
			"_sid": "_rock",
			"_slabel": "This is an obstacle in the path of the player on the rail track",
			"_IsHidden": 0,
			"_enumcount": 1,
			"_Is3DObject": 1,
			"HasChild": 0,
			"shape": "arbitrary",
			"dimension": {
				"dradii": 0,
				"dvolumn": "500",
				"dlength": "10",
				"dbreadth": "10",
				"dheigth": "5"
			},
			"IsText": false,
			"IsText3D": false,
			"lighting": {
				"CastShadow": "1",
				"ReceiveShadow": "1",
				"ContributeGlobalIlumination": "1"
			},
			"IsIlluminate": true,
			"Transform_initialpos": {
				"#x_initialpos": "10",
				"#y_initialpos": "20",
				"#z_initialpos": "30"
			},
			"Transform_initialrotation": {
				"#x_initialrotation": "0",
				"#y_initialrotation": "0",
				"#z_initialrotation": "0"
			},
			"Transform_objectscale": {
				"#x_objectscale": "0",
				"#y_objectscale": "0",
				"#z_objectscale": "0"
			},
			"repeattransfrom": {
				"distfactorx": "null",
				"distfactory": "null",
				"distfactorz": "null"
			},
			"Interaction": {
				"XRGrabInteractable": "1",
				"XRInteractionMaskLayer": "custom",
				"TrackPosition": "1",
				"TrackRotation": "1",
				"Throw_Detach": "0",
				"forcegravity": "0",
				"velocity": "0",
				"angularvelocity": "0"
			},
			"Smoothing": "0",
			"Smoothing_duration": "0",
			"attachtransform": {
				"#rotate_x": "null",
				"#rotate_y": "null",
				"#rotate_z": "null",
				"#pos_x": "null",
				"#pos_y": "null",
				"#pos_z": "null"
			},
			"XRRigidObject": {
				"value": "10",
				"mass": "100",
				"dragfriction": "0",
				"angulardrag": "0",
				"Isgravityenable": "true",
				"IsKinematic": "1",
				"CanInterpolate": "0",
				"CollisionPolling": "discrete"
			},
			"aud_hasaudio": "1",
			"aud_type": "static",
			"aud_src": "./dhishdum",
			"aud_volume": "10",
			"aud_PlayInloop": "0",
			"aud_IsSurround": "1",
			"aud_Dopplerlevel": "0.9",
			"aud_spread": "null",
			"aud_mindist": "null",
			"aud_maxdist": "null",
			"_Opttxt1": "null",
			"@context_img_source": "blank"
		}
	]
}