{
	"behavior":[
	{
		"bid":"gameover",
		"bname":"behavior for gameover",
		"bdescription":"If the player hits an obstacle such as rock or a bird without successfully dogging it then the game is over",
		"articlesused":"_bird,_rock",
		"logic":"SWYjUmFpbF9DYXJ0IDxoaXRzYmlyZD4jOjxnYW1lb3Zlcj4hDQpJZiNSYWlsX0NhcnQgPGhpdHNyb2NrPiM6PGdhbWVvdmVyPiE="
	},
	{
		"bid":"scoreupdate",
		"bname":"rule for scoring",
		"bdescription":"The score is updated on the basis of bonus coins collected and track distance covered",
		"articlesused":"_coin1,_coin2,_coin3,_coin4,_coin5,_railcart",
		"logic":"SWYjPHBsYXllcl9ncmFiY29pbiA9PSB0cnVlPiM6PHBvaW50Kz01IHBsYXllcl9ncmFiY29pbj1mYWxzZT4hDQpJZiM8Z2FtZW92ZXJ8fCAkZ2FtZWNvbXBsZXRlPiM6PHBvaW50Kz0kZGlzdGFuY2Vjb3ZlcmVkPiE="
	},
	{
		"bid":"gamecomplete",
		"bname":"behavior for gamecomplete",
		"bdescription":"The game is completed if the player covers the entire track distance without hitting the obstacle",
		"articlesused":"_railcart",
		"logic":"DQpJZiM8ZGlzdGFuY2Vjb3ZlcmVkPT10b3RhbHRyYWNrZGlzdGFuY2U+Izo8Z2FtZWNvbXBsZXRlPiE="
	}
	]
}