{
  "animate_trigSync": {
    "tsyncid": 21,
    "tsOntrigger": true,
    "SyncObjList": ["_railcart"],
    "tSyncNote": "The railcart follows the path of railtrack."
  },
  "animate_nontrigSync": {
    "ntsyncid": 22,
    "ntsOntrigger": false,
    "ntSyncObjList": ["_railtrack"],
    "ntSyncNote": "The railtrack is a static entity on which the railcart moves"
  },
  "animate_trigAsync": {
    "tasyncid": 23,
    "taOntrigger": true,
    "tAsyncObjList": [
        "_coin1",
        "_coin2",
        "_coin3",
        "_coin4",
        "_coin5",
        "_bird",
        "_rock",
        "_scoreboard"
    ],
    "tAsyncNote": "These objects update score or change the state of the game"
  },
  "animate_nontrigAsync": {
    "ntasyncid": 24,
    "ntaOntrigger": false,
    "ntAsyncObjList": [ ],
    "ntAsyncNote": ""
  },
  "routine": [
    {
      "routeid": 11,
      "starttime": "00:00:00",
      "endtime": "00:10:00",
      "order": [
        22,
        21
      ]
    },
    {
      "routeid": 12,
      "starttime": "00:01:00",
      "endtime": "00:09:00",
      "order": [ 23 ]
    }
  ]
}