{
	"articles": [{
			"_objectname": "Painting1",
			"_sid": "_paint1",
			"_slabel": "This is the first painting which users will see when enters the virtual museum",
			"_IsHidden": 0,
			"_enumcount": 1,
			"_Is3DObject": 0,
			"HasChild": 0,
			"shape": "rectangle",
			"dimension": {
				"dradii": "null",
				"dvolumn": "null",
				"dlength": "20",
				"dbreadth": "null",
				"dheigth": "15"
			},
			"IsText": false,
			"IsText3D": false,
			"lighting": {
				"CastShadow": "1",
				"ReceiveShadow": "1",
				"ContributeGlobalIlumination": "1"
			},
			"IsIlluminate": true,
			"Transform_initialpos": {
				"#x_initialpos": "0",
				"#y_initialpos": "15",
				"#z_initialpos": "0"
			},
			"Transform_initialrotation": {
				"#x_initialrotation": "0",
				"#y_initialrotation": "0",
				"#z_initialrotation": "0"
			},
			"Transform_objectscale": {
				"#x_objectscale": "10",
				"#y_objectscale": "10",
				"#z_objectscale": "10"
			},
			"repeattransfrom": {
				"distfactorx": "5",
				"distfactory": "null",
				"distfactorz": "null"
			},
			"Interaction": {
				"XRGrabInteractable": "0",
				"XRInteractionMaskLayer": "nothing/everything/custom",
				"TrackPosition": "1",
				"TrackRotation": "0",
				"Throw_Detach": "0",
				"forcegravity": "1",
				"velocity": "0",
				"angularvelocity": "0"
			},
			"Smoothing": "0",
			"Smoothing_duration": "0",
			"attachtransform": {
				"#rotate_x": "null",
				"#rotate_y": "null",
				"#rotate_z": "null",
				"#pos_x": "null",
				"#pos_y": "null",
				"#pos_z": "null"
			},
			"XRRigidObject": {
				"value": "1",
				"mass": "10",
				"dragfriction": "5",
				"angulardrag": "4",
				"Isgravityenable": "true",
				"IsKinematic": "0",
				"CanInterpolate": "0",
				"CollisionPolling": "discreet/continous"
			},
			"aud_hasaudio": "1",
			"aud_type": "static/dynamic",
			"aud_src": "/path",
			"aud_volume": "10",
			"aud_PlayInloop": "0",
			"aud_IsSurround": "1",
			"aud_Dopplerlevel": "0.9",
			"aud_spread": "null",
			"aud_mindist": "null",
			"aud_maxdist": "null",
			"_Opttxt1": "null",
			"@context_img_source": "blank"
		},
		{
				"_objectname": "Painting1_Description",
			"_sid": "_paint1_desc",
			"_slabel": "This is the first painting description which users will see when enters the virtual museum",
			"_IsHidden": 1,
			"_enumcount": 1,
			"_Is3DObject": 0,
			"HasChild": 0,
			"shape": "rectangle",
			"dimension": {
				"dradii": "null",
				"dvolumn": "null",
				"dlength": "20",
				"dbreadth": "null",
				"dheigth": "15"
			},
			"IsText": true,
			"IsText3D": false,
			"lighting": {
				"CastShadow": "1",
				"ReceiveShadow": "1",
				"ContributeGlobalIlumination": "1"
			},
			"IsIlluminate": true,
			"Transform_initialpos": {
				"#x_initialpos": "0",
				"#y_initialpos": "-10",
				"#z_initialpos": "0"
			},
			"Transform_initialrotation": {
				"#x_initialrotation": "0",
				"#y_initialrotation": "0",
				"#z_initialrotation": "0"
			},
			"Transform_objectscale": {
				"#x_objectscale": "5",
				"#y_objectscale": "5",
				"#z_objectscale": "5"
			},
			"repeattransfrom": {
				"distfactorx": "5",
				"distfactory": "null",
				"distfactorz": "null"
			},
			"Interaction": {
				"XRGrabInteractable": "0",
				"XRInteractionMaskLayer": "nothing/everything/custom",
				"TrackPosition": "1",
				"TrackRotation": "0",
				"Throw_Detach": "0",
				"forcegravity": "1",
				"velocity": "0",
				"angularvelocity": "0"
			},
			"Smoothing": "0",
			"Smoothing_duration": "0",
			"attachtransform": {
				"#rotate_x": "null",
				"#rotate_y": "null",
				"#rotate_z": "null",
				"#pos_x": "null",
				"#pos_y": "null",
				"#pos_z": "null"
			},
			"XRRigidObject": {
				"value": "1",
				"mass": "10",
				"dragfriction": "5",
				"angulardrag": "4",
				"Isgravityenable": "true",
				"IsKinematic": "0",
				"CanInterpolate": "0",
				"CollisionPolling": "discreet/continous"
			},
			"aud_hasaudio": "1",
			"aud_type": "static/dynamic",
			"aud_src": "/path",
			"aud_volume": "10",
			"aud_PlayInloop": "0",
			"aud_IsSurround": "1",
			"aud_Dopplerlevel": "0.9",
			"aud_spread": "null",
			"aud_mindist": "null",
			"aud_maxdist": "null",
			"_Opttxt1": "null",
			"@context_img_source": "blank"
		}
	]
}