{
	"ObjAction": [
	{
	"actresid":"artifact",
	"sourceObj":"_museumPath",
    "targetObj":"_trackplane",	          
	"IsCollision": true,
    "response":"custom_artifact_description",
    "comment":"The response gives description of artifact whenever a user is in infront off",
    "Syncronous":true,
	"repeatactionfor":"_paintings,_wallarts,_statues,_sculptures,_otherArtifacts"
	},
	{
	"actresid":"artifact",
	"sourceObj":"_museumPath",
    "targetObj":"_trackplane",	          
	"IsCollision": fasle,
    "response":"null",
    "comment":"No response when user is just walking but not paying attention to the artifact",
    "Syncronous":true,
	"repeatactionfor":"_paintings,_wallarts,_statues,_sculptures,_otherArtifacts"
	},
	{
	"actresid":"museum_track",
	"sourceObj":"_mueseumPath",
    "targetObj":"_trackplane",	          
		"IsCollision":true,
    "response":"natural/custom",
    "comment":"This identifies the path the user is taking while walking around museum",
    "Syncronous":true,
	"repeatactionfor":"null"
	},
	{
	"actresid":"artifact_count",
	"sourceObj":"_nearArtifact",
    "targetObj":"_endOfVisit",	          
		"IsCollision":true,
    "response":"custom",
    "comment":"You have visited <x> number of artifacts",
    "Syncronous":true,
    "repeatactionfor":"_paintings,_wallarts,_statues,_sculptures,_otherArtifacts"
	},
	{
		"actresid":"artifact_timespent",
	"sourceObj":"_nearArtifact",
    "targetObj":"_endOfVisit",	          
		"IsCollision":true,
    "response":"custom",
    "comment":"You have spent <x> minutes in our virtual museum",
    "Syncronous":true,
    "repeatactionfor":"_paintings,_wallarts,_statues,_sculptures,_otherArtifacts"
	},
	]
}	
	
	
	