{
	
    "animate_trigSync":{
                       "tsyncid":21,
                       "tsOntrigger":true, 
                       "SyncObjList":[  ], 
                       "tSyncNote":"this statement is blank"
           },
     "animate_nontrigSync":{
                       "ntsyncid":22,
                       "ntsOntrigger":false, "ntSyncObjList":[ ], "ntSyncNote":"this statement is blank"
           },
     "animate_trigAsync":{
                       "tasyncid":23,
                       "taOntrigger":true, "tAsyncObjList":["_paintings","_wallarts","_statues",
               "_sculptures","_otherArtifacts"], "tAsyncNote":"All these change their state unpon trigger by users motion"
           },
     "animate_nontrigAsync":{
                       "ntasyncid":24,
                       "ntaOntrigger":false, "ntAsyncObjList":[ "_trackplane" ], "ntAsyncNote":""
           },

       
      "routine": [{ "routeid":11,   "starttime":"00:00:00",   "endtime":"00:60:00",  "order":[21,23,22,24] },
              { "routeid":12,   "starttime":"00:00:00",   "endtime":"00:60:00",  "order":[21,23] },
              { "routeid":13,   "starttime":"00:00:00",   "endtime":"00:60:00",  "order":[22,24] }
              ]
              
      
     
}