{
    "ObjAction": [
        {
            "actresid": "stick_stone",
            "sourceObj": "_Stick",
            "targetObj": "_Stonesmall",
            "IsCollision": true,
            "response": "natural/custom",
            "comment": "When the stick collides with the stone,the stone will be destroyed",
            "Syncronous": true,
            "repeatactionfor": "_Stonemedium,_Stonebig"
        },
        {
            "actresid": "glove_stone",
            "sourceObj": "_Glove",
            "targetObj": "_Stonesmall",
            "IsCollision": true,
            "response": "natural/custom",
            "comment": "When the glove collides with the stone,the stone will be destroyed",
            "Syncronous": true,
            "repeatactionfor": "_Stonemedium,_Stonebig"
        },
        {
            "actresid": "user_obstacle",
            "sourceObj": "_User",
            "targetObj": "_Triangular_obstacle",
            "IsCollision": true,
            "response": "custom",
            "comment": "When the user collides with the obstacle, corresponding operations are performed",
            "Syncronous": true,
            "repeatactionfor": ""
        },
        {
            "actresid": "user_music",
            "sourceObj": "_User",
            "targetObj": "_MusicPlayer",
            "IsCollision": false,
            "response": "custom",
            "comment": "When the user taps the music player, corresponding operations are performed",
            "Syncronous": true,
            "repeatactionfor": ""
        },
        {
            "actresid": "user_friend",
            "sourceObj": "_User",
            "targetObj": "_Friend",
            "IsCollision": false,
            "response": "custom",
            "comment": "When the user interacts with his friend, corresponding operations are performed",
            "Syncronous": true,
            "repeatactionfor": ""
        }


    ]
}