{
    "articles": [
        {
            "_objectname": "Stick",
            "_sid": "_Stick",
            "_slabel": "This is used to hit the stones",
            "_IsHidden": 0,
            "_enumcount": 2,
            "_Is3DObject": 1,
            "HasChild": 0,
            "shape": "cylinderical",
            "dimension": {
                "dradii": 0,
                "dvolumn": "5200",
                "dlength": "96.5",
                "dbreadth": "10.8",
                "dheigth": "5"
            },
            "IsText": false,
            "IsText3D": false,
            "lighting": {
                "CastShadow": "1",
                "ReceiveShadow": "1",
                "ContributeGlobalIlumination": "1"
            },
            "IsIlluminate": true,
            "Transform_initialpos": {
                "#x_initialpos": "0",
                "#y_initialpos": "-80",
                "#z_initialpos": "0"
            },
            "Transform_initialrotation": {
                "#x_initialrotation": "0",
                "#y_initialrotation": "0",
                "#z_initialrotation": "0"
            },
            "Transform_objectscale": {
                "#x_objectscale": "0",
                "#y_objectscale": "0",
                "#z_objectscale": "0"
            },
            "repeattransfrom": {
                "distfactorx": "null",
                "distfactory": "null",
                "distfactorz": "null"
            },
            "Interaction": {
                "XRGrabInteractable": "1",
                "XRInteractionMaskLayer": "custom",
                "TrackPosition": "1",
                "TrackRotation": "1",
                "Throw_Detach": "0",
                "forcegravity": "0",
                "velocity": "1",
                "angularvelocity": "1"
            },
            "Smoothing": "0",
            "Smoothing_duration": "0",
            "attachtransform": {
                "#rotate_x": "null",
                "#rotate_y": "null",
                "#rotate_z": "null",
                "#pos_x": "null",
                "#pos_y": "null",
                "#pos_z": "null"
            },
            "XRRigidObject": {
                "value": "10",
                "mass": "1",
                "dragfriction": "1",
                "angulardrag": "1",
                "Isgravityenable": "true",
                "IsKinematic": "1",
                "CanInterpolate": "0",
                "CollisionPolling": "discreet"
            },
            "aud_hasaudio": "1",
            "aud_type": "dynamic",
            "aud_src": "/path",
            "aud_volume": "8",
            "aud_PlayInloop": "0",
            "aud_IsSurround": "1",
            "aud_Dopplerlevel": "0.9",
            "aud_spread": "null",
            "aud_mindist": "0.01",
            "aud_maxdist": "100",
            "_Opttxt1": "null",
            "@context_img_source": "blank"
        },
        {
            "_objectname": "Stonesmall",
            "_sid": "_Stonesmall",
            "_slabel": "These are hit by the stick",
            "_IsHidden": 0,
            "_enumcount": 100,
            "_Is3DObject": 1,
            "HasChild": 0,
            "shape": "sphere",
            "dimension": {
                "dradii": 3,
                "dvolumn": "113.1",
                "dlength": "null",
                "dbreadth": "null",
                "dheigth": "null"
            },
            "IsText": false,
            "IsText3D": false,
            "lighting": {
                "CastShadow": "1",
                "ReceiveShadow": "1",
                "ContributeGlobalIlumination": "1"
            },
            "IsIlluminate": true,
            "Transform_initialpos": {
                "#x_initialpos": "2000",
                "#y_initialpos": "-60",
                "#z_initialpos": "0"
            },
            "Transform_initialrotation": {
                "#x_initialrotation": "0",
                "#y_initialrotation": "0",
                "#z_initialrotation": "0"
            },
            "Transform_objectscale": {
                "#x_objectscale": "0",
                "#y_objectscale": "0",
                "#z_objectscale": "0"
            },
            "repeattransfrom": {
                "distfactorx": "null",
                "distfactory": "null",
                "distfactorz": "null"
            },
            "Interaction": {
                "XRGrabInteractable": "1",
                "XRInteractionMaskLayer": "custom",
                "TrackPosition": "1",
                "TrackRotation": "1",
                "Throw_Detach": "0",
                "forcegravity": "0",
                "velocity": "1",
                "angularvelocity": "0"
            },
            "Smoothing": "1",
            "Smoothing_duration": "0.5",
            "attachtransform": {
                "#rotate_x": "null",
                "#rotate_y": "null",
                "#rotate_z": "null",
                "#pos_x": "null",
                "#pos_y": "null",
                "#pos_z": "null"
            },
            "XRRigidObject": {
                "value": "1",
                "mass": "0.3",
                "dragfriction": "0",
                "angulardrag": "0",
                "Isgravityenable": "true",
                "IsKinematic": "1",
                "CanInterpolate": "0",
                "CollisionPolling": "discreet"
            },
            "aud_hasaudio": "1",
            "aud_type": "dynamic",
            "aud_src": "/path",
            "aud_volume": "8",
            "aud_PlayInloop": "0",
            "aud_IsSurround": "1",
            "aud_Dopplerlevel": "0.9",
            "aud_spread": "null",
            "aud_mindist": "0.01",
            "aud_maxdist": "100",
            "_Opttxt1": "null",
            "@context_img_source": "blank"
        },
        {
            "_objectname": "Stonemedium",
            "_sid": "_Stonemedium",
            "_slabel": "These are hit by the stick",
            "_IsHidden": 0,
            "_enumcount": 100,
            "_Is3DObject": 1,
            "HasChild": 0,
            "shape": "sphere",
            "dimension": {
                "dradii": 5,
                "dvolumn": "523.6",
                "dlength": "null",
                "dbreadth": "null",
                "dheigth": "null"
            },
            "IsText": false,
            "IsText3D": false,
            "lighting": {
                "CastShadow": "1",
                "ReceiveShadow": "1",
                "ContributeGlobalIlumination": "1"
            },
            "IsIlluminate": true,
            "Transform_initialpos": {
                "#x_initialpos": "2000",
                "#y_initialpos": "-60",
                "#z_initialpos": "0"
            },
            "Transform_initialrotation": {
                "#x_initialrotation": "0",
                "#y_initialrotation": "0",
                "#z_initialrotation": "0"
            },
            "Transform_objectscale": {
                "#x_objectscale": "0",
                "#y_objectscale": "0",
                "#z_objectscale": "0"
            },
            "repeattransfrom": {
                "distfactorx": "null",
                "distfactory": "null",
                "distfactorz": "null"
            },
            "Interaction": {
                "XRGrabInteractable": "1",
                "XRInteractionMaskLayer": "custom",
                "TrackPosition": "1",
                "TrackRotation": "1",
                "Throw_Detach": "0",
                "forcegravity": "0",
                "velocity": "1",
                "angularvelocity": "0"
            },
            "Smoothing": "1",
            "Smoothing_duration": "0.5",
            "attachtransform": {
                "#rotate_x": "null",
                "#rotate_y": "null",
                "#rotate_z": "null",
                "#pos_x": "null",
                "#pos_y": "null",
                "#pos_z": "null"
            },
            "XRRigidObject": {
                "value": "1",
                "mass": "0.5",
                "dragfriction": "0",
                "angulardrag": "0",
                "Isgravityenable": "true",
                "IsKinematic": "1",
                "CanInterpolate": "0",
                "CollisionPolling": "discreet"
            },
            "aud_hasaudio": "1",
            "aud_type": "dynamic",
            "aud_src": "/path",
            "aud_volume": "8",
            "aud_PlayInloop": "0",
            "aud_IsSurround": "1",
            "aud_Dopplerlevel": "0.9",
            "aud_spread": "null",
            "aud_mindist": "0.01",
            "aud_maxdist": "100",
            "_Opttxt1": "null",
            "@context_img_source": "blank"
        },
        {
            "_objectname": "Stonebig",
            "_sid": "_Stonebig",
            "_slabel": "These are hit by the stick",
            "_IsHidden": 0,
            "_enumcount": 100,
            "_Is3DObject": 1,
            "HasChild": 0,
            "shape": "sphere",
            "dimension": {
                "dradii": 8,
                "dvolumn": "2144.7",
                "dlength": "null",
                "dbreadth": "null",
                "dheigth": "null"
            },
            "IsText": false,
            "IsText3D": false,
            "lighting": {
                "CastShadow": "1",
                "ReceiveShadow": "1",
                "ContributeGlobalIlumination": "1"
            },
            "IsIlluminate": true,
            "Transform_initialpos": {
                "#x_initialpos": "2000",
                "#y_initialpos": "-60",
                "#z_initialpos": "0"
            },
            "Transform_initialrotation": {
                "#x_initialrotation": "0",
                "#y_initialrotation": "0",
                "#z_initialrotation": "0"
            },
            "Transform_objectscale": {
                "#x_objectscale": "0",
                "#y_objectscale": "0",
                "#z_objectscale": "0"
            },
            "repeattransfrom": {
                "distfactorx": "null",
                "distfactory": "null",
                "distfactorz": "null"
            },
            "Interaction": {
                "XRGrabInteractable": "1",
                "XRInteractionMaskLayer": "custom",
                "TrackPosition": "1",
                "TrackRotation": "1",
                "Throw_Detach": "0",
                "forcegravity": "0",
                "velocity": "1",
                "angularvelocity": "0"
            },
            "Smoothing": "1",
            "Smoothing_duration": "0.5",
            "attachtransform": {
                "#rotate_x": "null",
                "#rotate_y": "null",
                "#rotate_z": "null",
                "#pos_x": "null",
                "#pos_y": "null",
                "#pos_z": "null"
            },
            "XRRigidObject": {
                "value": "1",
                "mass": "0.8",
                "dragfriction": "0",
                "angulardrag": "0",
                "Isgravityenable": "true",
                "IsKinematic": "1",
                "CanInterpolate": "0",
                "CollisionPolling": "discreet"
            },
            "aud_hasaudio": "1",
            "aud_type": "dynamic",
            "aud_src": "/path",
            "aud_volume": "8",
            "aud_PlayInloop": "0",
            "aud_IsSurround": "1",
            "aud_Dopplerlevel": "0.9",
            "aud_spread": "null",
            "aud_mindist": "0.01",
            "aud_maxdist": "100",
            "_Opttxt1": "null",
            "@context_img_source": "blank"
        },
        {
            "_objectname": "Triangular_obstacle",
            "_sid": "_Triangular_obstacle",
            "_slabel": "Obstacles",
            "_IsHidden": 0,
            "_enumcount": 100,
            "_Is3DObject": 1,
            "HasChild": 0,
            "shape": "polygon",
            "dimension": {
                "dradii": 0,
                "dvolumn": "null",
                "dlength": "null",
                "dbreadth": "150",
                "dheigth": "150"
            },
            "IsText": false,
            "IsText3D": false,
            "lighting": {
                "CastShadow": "1",
                "ReceiveShadow": "1",
                "ContributeGlobalIlumination": "1"
            },
            "IsIlluminate": true,
            "Transform_initialpos": {
                "#x_initialpos": "2000",
                "#y_initialpos": "-60",
                "#z_initialpos": "0"
            },
            "Transform_initialrotation": {
                "#x_initialrotation": "0",
                "#y_initialrotation": "0",
                "#z_initialrotation": "0"
            },
            "Transform_objectscale": {
                "#x_objectscale": "0",
                "#y_objectscale": "0",
                "#z_objectscale": "0"
            },
            "repeattransfrom": {
                "distfactorx": "null",
                "distfactory": "null",
                "distfactorz": "null"
            },
            "Interaction": {
                "XRGrabInteractable": "1",
                "XRInteractionMaskLayer": "custom",
                "TrackPosition": "1",
                "TrackRotation": "1",
                "Throw_Detach": "0",
                "forcegravity": "0",
                "velocity": "1",
                "angularvelocity": "0"
            },
            "Smoothing": "0.2",
            "Smoothing_duration": "0.2",
            "attachtransform": {
                "#rotate_x": "null",
                "#rotate_y": "null",
                "#rotate_z": "null",
                "#pos_x": "null",
                "#pos_y": "null",
                "#pos_z": "null"
            },
            "XRRigidObject": {
                "value": "10",
                "mass": "0",
                "dragfriction": "0",
                "angulardrag": "0",
                "Isgravityenable": "true",
                "IsKinematic": "1",
                "CanInterpolate": "0",
                "CollisionPolling": "discreet"
            },
            "aud_hasaudio": "1",
            "aud_type": "dynamic",
            "aud_src": "/path",
            "aud_volume": "8",
            "aud_PlayInloop": "0",
            "aud_IsSurround": "1",
            "aud_Dopplerlevel": "0.9",
            "aud_spread": "null",
            "aud_mindist": "0.01",
            "aud_maxdist": "10",
            "_Opttxt1": "null",
            "@context_img_source": "blank"
        },
        {
            "_objectname": "Glove",
            "_sid": "_Glove",
            "_slabel": "This is used to hit the stones",
            "_IsHidden": 0,
            "_enumcount": 2,
            "_Is3DObject": 1,
            "HasChild": 0,
            "shape": "cylinder",
            "dimension": {
                "dradii": 0,
                "dvolumn": "5200",
                "dlength": "30",
                "dbreadth": "20",
                "dheigth": "10"
            },
            "IsText": false,
            "IsText3D": false,
            "lighting": {
                "CastShadow": "1",
                "ReceiveShadow": "1",
                "ContributeGlobalIlumination": "1"
            },
            "IsIlluminate": true,
            "Transform_initialpos": {
                "#x_initialpos": "0",
                "#y_initialpos": "-80",
                "#z_initialpos": "0"
            },
            "Transform_initialrotation": {
                "#x_initialrotation": "0",
                "#y_initialrotation": "0",
                "#z_initialrotation": "0"
            },
            "Transform_objectscale": {
                "#x_objectscale": "0",
                "#y_objectscale": "0",
                "#z_objectscale": "0"
            },
            "repeattransfrom": {
                "distfactorx": "null",
                "distfactory": "null",
                "distfactorz": "null"
            },
            "Interaction": {
                "XRGrabInteractable": "1",
                "XRInteractionMaskLayer": "custom",
                "TrackPosition": "1",
                "TrackRotation": "1",
                "Throw_Detach": "0",
                "forcegravity": "0",
                "velocity": "1",
                "angularvelocity": "1"
            },
            "Smoothing": "0.2",
            "Smoothing_duration": "0.2",
            "attachtransform": {
                "#rotate_x": "null",
                "#rotate_y": "null",
                "#rotate_z": "null",
                "#pos_x": "null",
                "#pos_y": "null",
                "#pos_z": "null"
            },
            "XRRigidObject": {
                "value": "10",
                "mass": "1",
                "dragfriction": "0",
                "angulardrag": "0",
                "Isgravityenable": "true",
                "IsKinematic": "1",
                "CanInterpolate": "0",
                "CollisionPolling": "discreet"
            },
            "aud_hasaudio": "1",
            "aud_type": "dynamic",
            "aud_src": "/path",
            "aud_volume": "8",
            "aud_PlayInloop": "0",
            "aud_IsSurround": "1",
            "aud_Dopplerlevel": "0.9",
            "aud_spread": "null",
            "aud_mindist": "0.01",
            "aud_maxdist": "100",
            "_Opttxt1": "null",
            "@context_img_source": "blank"
        },
        {
            "_objectname": "Coach",
            "_sid": "_Coach",
            "_slabel": "Coach",
            "_IsHidden": 0,
            "_enumcount": 1,
            "_Is3DObject": 1,
            "HasChild": 0,
            "shape": "humanoid",
            "dimension": {
                "dradii": 0,
                "dvolumn": "null",
                "dlength": "null",
                "dbreadth": "60",
                "dheigth": "180"
            },
            "IsText": false,
            "IsText3D": false,
            "lighting": {
                "CastShadow": "1",
                "ReceiveShadow": "1",
                "ContributeGlobalIlumination": "1"
            },
            "IsIlluminate": true,
            "Transform_initialpos": {
                "#x_initialpos": "2100",
                "#y_initialpos": "0",
                "#z_initialpos": "0"
            },
            "Transform_initialrotation": {
                "#x_initialrotation": "0",
                "#y_initialrotation": "0",
                "#z_initialrotation": "0"
            },
            "Transform_objectscale": {
                "#x_objectscale": "0",
                "#y_objectscale": "0",
                "#z_objectscale": "0"
            },
            "repeattransfrom": {
                "distfactorx": "null",
                "distfactory": "null",
                "distfactorz": "null"
            },
            "Interaction": {
                "XRGrabInteractable": "1",
                "XRInteractionMaskLayer": "custom",
                "TrackPosition": "1",
                "TrackRotation": "1",
                "Throw_Detach": "0",
                "forcegravity": "0",
                "velocity": "1",
                "angularvelocity": "1"
            },
            "Smoothing": "1",
            "Smoothing_duration": "0.8",
            "attachtransform": {
                "#rotate_x": "null",
                "#rotate_y": "null",
                "#rotate_z": "null",
                "#pos_x": "null",
                "#pos_y": "null",
                "#pos_z": "null"
            },
            "XRRigidObject": {
                "value": "8",
                "mass": "80",
                "dragfriction": "0",
                "angulardrag": "0",
                "Isgravityenable": "true",
                "IsKinematic": "1",
                "CanInterpolate": "0",
                "CollisionPolling": "discreet"
            },
            "aud_hasaudio": "1",
            "aud_type": "dynamic",
            "aud_src": "/path",
            "aud_volume": "5",
            "aud_PlayInloop": "0",
            "aud_IsSurround": "1",
            "aud_Dopplerlevel": "0.9",
            "aud_spread": "null",
            "aud_mindist": "0.01",
            "aud_maxdist": "100",
            "_Opttxt1": "null",
            "@context_img_source": "blank"
        },
        {
            "_objectname": "Mat",
            "_sid": "_Mat",
            "_slabel": "Mat",
            "_IsHidden": 0,
            "_enumcount": 1,
            "_Is3DObject": 1,
            "HasChild": 0,
            "shape": "cylinderical",
            "dimension": {
                "dradii": 0,
                "dvolumn": "8100",
                "dlength": "90",
                "dbreadth": "90",
                "dheigth": "1"
            },
            "IsText": false,
            "IsText3D": false,
            "lighting": {
                "CastShadow": "1",
                "ReceiveShadow": "1",
                "ContributeGlobalIlumination": "1"
            },
            "IsIlluminate": true,
            "Transform_initialpos": {
                "#x_initialpos": "0",
                "#y_initialpos": "-150",
                "#z_initialpos": "0"
            },
            "Transform_initialrotation": {
                "#x_initialrotation": "0",
                "#y_initialrotation": "0",
                "#z_initialrotation": "0"
            },
            "Transform_objectscale": {
                "#x_objectscale": "0",
                "#y_objectscale": "0",
                "#z_objectscale": "0"
            },
            "repeattransfrom": {
                "distfactorx": "null",
                "distfactory": "null",
                "distfactorz": "null"
            },
            "Interaction": {
                "XRGrabInteractable": "1",
                "XRInteractionMaskLayer": "custom",
                "TrackPosition": "1",
                "TrackRotation": "1",
                "Throw_Detach": "0",
                "forcegravity": "0",
                "velocity": "1",
                "angularvelocity": "1"
            },
            "Smoothing": "0",
            "Smoothing_duration": "0",
            "attachtransform": {
                "#rotate_x": "null",
                "#rotate_y": "null",
                "#rotate_z": "null",
                "#pos_x": "null",
                "#pos_y": "null",
                "#pos_z": "null"
            },
            "XRRigidObject": {
                "value": "1",
                "mass": "1",
                "dragfriction": "1",
                "angulardrag": "0",
                "Isgravityenable": "true",
                "IsKinematic": "1",
                "CanInterpolate": "0",
                "CollisionPolling": "discreet"
            },
            "aud_hasaudio": "0",
            "aud_type": "dynamic",
            "aud_src": "/path",
            "aud_volume": "0",
            "aud_PlayInloop": "0",
            "aud_IsSurround": "1",
            "aud_Dopplerlevel": "0",
            "aud_spread": "null",
            "aud_mindist": "0",
            "aud_maxdist": "0",
            "_Opttxt1": "null",
            "@context_img_source": "blank"
        },
        {
            "_objectname": "Scoreboard",
            "_sid": "_Scoreboard",
            "_slabel": "This is used to display score for the audience in the stadium",
            "_IsHidden": 0,
            "_enumcount": 1,
            "_Is3DObject": 0,
            "HasChild": 0,
            "shape": "rectangle",
            "dimension": {
                "dradii": 0,
                "dvolumn": "null",
                "dlength": "100",
                "dbreadth": "50",
                "dheigth": "null"
            },
            "IsText": false,
            "IsText3D": false,
            "lighting": {
                "CastShadow": "0",
                "ReceiveShadow": "0",
                "ContributeGlobalIlumination": "1"
            },
            "IsIlluminate": true,
            "Transform_initialpos": {
                "#x_initialpos": "7000",
                "#y_initialpos": "5000",
                "#z_initialpos": "0"
            },
            "Transform_initialrotation": {
                "#x_initialrotation": "0",
                "#y_initialrotation": "0",
                "#z_initialrotation": "0"
            },
            "Transform_objectscale": {
                "#x_objectscale": "0",
                "#y_objectscale": "0",
                "#z_objectscale": "0"
            },
            "repeattransfrom": {
                "distfactorx": "null",
                "distfactory": "null",
                "distfactorz": "null"
            },
            "Interaction": {
                "XRGrabInteractable": "0",
                "XRInteractionMaskLayer": "nothing",
                "TrackPosition": "0",
                "TrackRotation": "0",
                "Throw_Detach": "0",
                "forcegravity": "0",
                "velocity": "0",
                "angularvelocity": "0"
            },
            "Smoothing": "0",
            "Smoothing_duration": "0",
            "attachtransform": {
                "#rotate_x": "null",
                "#rotate_y": "null",
                "#rotate_z": "null",
                "#pos_x": "null",
                "#pos_y": "null",
                "#pos_z": "null"
            },
            "XRRigidObject": {
                "value": "10",
                "mass": "100",
                "dragfriction": "0",
                "angulardrag": "0",
                "Isgravityenable": "0",
                "IsKinematic": "0",
                "CanInterpolate": "0",
                "CollisionPolling": "discreet"
            },
            "aud_hasaudio": "0",
            "aud_type": "null",
            "aud_src": "null",
            "aud_volume": "null",
            "aud_PlayInloop": "0",
            "aud_IsSurround": "0",
            "aud_Dopplerlevel": "0",
            "aud_spread": "null",
            "aud_mindist": "null",
            "aud_maxdist": "null",
            "_Opttxt1": "null",
            "@context_img_source": "blank"
        },
        {
            "_objectname": "Spawner",
            "_sid": "_Spawner",
            "_slabel": "This is used to spawn the stones",
            "_IsHidden": 0,
            "_enumcount": 1,
            "_Is3DObject": 1,
            "HasChild": 0,
            "shape": "cylinderical",
            "dimension": {
                "dradii": 0,
                "dvolumn": "8100",
                "dlength": "90",
                "dbreadth": "90",
                "dheigth": "1"
            },
            "IsText": false,
            "IsText3D": false,
            "lighting": {
                "CastShadow": "1",
                "ReceiveShadow": "1",
                "ContributeGlobalIlumination": "1"
            },
            "IsIlluminate": false,
            "Transform_initialpos": {
                "#x_initialpos": "2000",
                "#y_initialpos": "-60",
                "#z_initialpos": "0"
            },
            "Transform_initialrotation": {
                "#x_initialrotation": "0",
                "#y_initialrotation": "0",
                "#z_initialrotation": "0"
            },
            "Transform_objectscale": {
                "#x_objectscale": "0",
                "#y_objectscale": "0",
                "#z_objectscale": "0"
            },
            "repeattransfrom": {
                "distfactorx": "null",
                "distfactory": "null",
                "distfactorz": "null"
            },
            "Interaction": {
                "XRGrabInteractable": "1",
                "XRInteractionMaskLayer": "custom",
                "TrackPosition": "1",
                "TrackRotation": "1",
                "Throw_Detach": "0",
                "forcegravity": "0",
                "velocity": "0",
                "angularvelocity": "0"
            },
            "Smoothing": "0",
            "Smoothing_duration": "0",
            "attachtransform": {
                "#rotate_x": "null",
                "#rotate_y": "null",
                "#rotate_z": "null",
                "#pos_x": "null",
                "#pos_y": "null",
                "#pos_z": "null"
            },
            "XRRigidObject": {
                "value": "10",
                "mass": "1",
                "dragfriction": "1",
                "angulardrag": "1",
                "Isgravityenable": "true",
                "IsKinematic": "1",
                "CanInterpolate": "0",
                "CollisionPolling": "discreet"
            },
            "aud_hasaudio": "1",
            "aud_type": "dynamic",
            "aud_src": "/path",
            "aud_volume": "8",
            "aud_PlayInloop": "0",
            "aud_IsSurround": "1",
            "aud_Dopplerlevel": "0.9",
            "aud_spread": "null",
            "aud_mindist": "0.01",
            "aud_maxdist": "100",
            "_Opttxt1": "null",
            "@context_img_source": "blank"
        },
        {
            "_objectname": "MusicPlayer",
            "_sid": "_MusicPlayer",
            "_slabel": "This is used to play the music",
            "_IsHidden": 0,
            "_enumcount": 1,
            "_Is3DObject": 1,
            "HasChild": 0,
            "shape": "rectangle",
            "dimension": {
                "dradii": 0,
                "dvolumn": "null",
                "dlength": "100",
                "dbreadth": "50",
                "dheigth": "null"
            },
            "IsText": false,
            "IsText3D": false,
            "lighting": {
                "CastShadow": "0",
                "ReceiveShadow": "0",
                "ContributeGlobalIlumination": "1"
            },
            "IsIlluminate": true,
            "Transform_initialpos": {
                "#x_initialpos": "6000",
                "#y_initialpos": "5000",
                "#z_initialpos": "1000"
            },
            "Transform_initialrotation": {
                "#x_initialrotation": "0",
                "#y_initialrotation": "0",
                "#z_initialrotation": "0"
            },
            "Transform_objectscale": {
                "#x_objectscale": "0",
                "#y_objectscale": "0",
                "#z_objectscale": "0"
            },
            "repeattransfrom": {
                "distfactorx": "null",
                "distfactory": "null",
                "distfactorz": "null"
            },
            "Interaction": {
                "XRGrabInteractable": "0",
                "XRInteractionMaskLayer": "nothing",
                "TrackPosition": "0",
                "TrackRotation": "0",
                "Throw_Detach": "0",
                "forcegravity": "0",
                "velocity": "0",
                "angularvelocity": "0"
            },
            "Smoothing": "0",
            "Smoothing_duration": "0",
            "attachtransform": {
                "#rotate_x": "null",
                "#rotate_y": "null",
                "#rotate_z": "null",
                "#pos_x": "null",
                "#pos_y": "null",
                "#pos_z": "null"
            },
            "XRRigidObject": {
                "value": "10",
                "mass": "100",
                "dragfriction": "0",
                "angulardrag": "0",
                "Isgravityenable": "0",
                "IsKinematic": "0",
                "CanInterpolate": "0",
                "CollisionPolling": "discreet"
            },
            "aud_hasaudio": "0",
            "aud_type": "null",
            "aud_src": "null",
            "aud_volume": "null",
            "aud_PlayInloop": "0",
            "aud_IsSurround": "0",
            "aud_Dopplerlevel": "0",
            "aud_spread": "null",
            "aud_mindist": "null",
            "aud_maxdist": "null",
            "_Opttxt1": "null",
            "@context_img_source": "blank"
        },
        {
            "_objectname": "User",
            "_sid": "_User",
            "_slabel": "User",
            "_IsHidden": 0,
            "_enumcount": 1,
            "_Is3DObject": 1,
            "HasChild": 0,
            "shape": "humanoid",
            "dimension": {
                "dradii": 0,
                "dvolumn": "null",
                "dlength": "null",
                "dbreadth": "60",
                "dheigth": "180"
            },
            "IsText": false,
            "IsText3D": false,
            "lighting": {
                "CastShadow": "1",
                "ReceiveShadow": "1",
                "ContributeGlobalIlumination": "1"
            },
            "IsIlluminate": true,
            "Transform_initialpos": {
                "#x_initialpos": "0",
                "#y_initialpos": "0",
                "#z_initialpos": "0"
            },
            "Transform_initialrotation": {
                "#x_initialrotation": "0",
                "#y_initialrotation": "0",
                "#z_initialrotation": "0"
            },
            "Transform_objectscale": {
                "#x_objectscale": "0",
                "#y_objectscale": "0",
                "#z_objectscale": "0"
            },
            "repeattransfrom": {
                "distfactorx": "null",
                "distfactory": "null",
                "distfactorz": "null"
            },
            "Interaction": {
                "XRGrabInteractable": "1",
                "XRInteractionMaskLayer": "custom",
                "TrackPosition": "1",
                "TrackRotation": "1",
                "Throw_Detach": "0",
                "forcegravity": "0",
                "velocity": "1",
                "angularvelocity": "1"
            },
            "Smoothing": "1",
            "Smoothing_duration": "0.8",
            "attachtransform": {
                "#rotate_x": "null",
                "#rotate_y": "null",
                "#rotate_z": "null",
                "#pos_x": "null",
                "#pos_y": "null",
                "#pos_z": "null"
            },
            "XRRigidObject": {
                "value": "8",
                "mass": "80",
                "dragfriction": "0",
                "angulardrag": "0",
                "Isgravityenable": "true",
                "IsKinematic": "1",
                "CanInterpolate": "0",
                "CollisionPolling": "discreet"
            },
            "aud_hasaudio": "1",
            "aud_type": "dynamic",
            "aud_src": "/path",
            "aud_volume": "5",
            "aud_PlayInloop": "0",
            "aud_IsSurround": "1",
            "aud_Dopplerlevel": "0.9",
            "aud_spread": "null",
            "aud_mindist": "0.01",
            "aud_maxdist": "100",
            "_Opttxt1": "null",
            "@context_img_source": "blank"
        },
        {
            "_objectname": "Friend",
            "_sid": "_Friend",
            "_slabel": "Friend",
            "_IsHidden": 0,
            "_enumcount": 1,
            "_Is3DObject": 1,
            "HasChild": 0,
            "shape": "humanoid",
            "dimension": {
                "dradii": 0,
                "dvolumn": "null",
                "dlength": "null",
                "dbreadth": "60",
                "dheigth": "180"
            },
            "IsText": false,
            "IsText3D": false,
            "lighting": {
                "CastShadow": "1",
                "ReceiveShadow": "1",
                "ContributeGlobalIlumination": "1"
            },
            "IsIlluminate": true,
            "Transform_initialpos": {
                "#x_initialpos": "0",
                "#y_initialpos": "0",
                "#z_initialpos": "2000"
            },
            "Transform_initialrotation": {
                "#x_initialrotation": "0",
                "#y_initialrotation": "0",
                "#z_initialrotation": "0"
            },
            "Transform_objectscale": {
                "#x_objectscale": "0",
                "#y_objectscale": "0",
                "#z_objectscale": "0"
            },
            "repeattransfrom": {
                "distfactorx": "null",
                "distfactory": "null",
                "distfactorz": "null"
            },
            "Interaction": {
                "XRGrabInteractable": "1",
                "XRInteractionMaskLayer": "custom",
                "TrackPosition": "1",
                "TrackRotation": "1",
                "Throw_Detach": "0",
                "forcegravity": "0",
                "velocity": "1",
                "angularvelocity": "1"
            },
            "Smoothing": "1",
            "Smoothing_duration": "0.8",
            "attachtransform": {
                "#rotate_x": "null",
                "#rotate_y": "null",
                "#rotate_z": "null",
                "#pos_x": "null",
                "#pos_y": "null",
                "#pos_z": "null"
            },
            "XRRigidObject": {
                "value": "8",
                "mass": "80",
                "dragfriction": "0",
                "angulardrag": "0",
                "Isgravityenable": "true",
                "IsKinematic": "1",
                "CanInterpolate": "0",
                "CollisionPolling": "discreet"
            },
            "aud_hasaudio": "1",
            "aud_type": "dynamic",
            "aud_src": "/path",
            "aud_volume": "5",
            "aud_PlayInloop": "0",
            "aud_IsSurround": "1",
            "aud_Dopplerlevel": "0.9",
            "aud_spread": "null",
            "aud_mindist": "0.01",
            "aud_maxdist": "100",
            "_Opttxt1": "null",
            "@context_img_source": "blank"
        }

    ]
}