{
    "behavior": [
        {
            "bid": "stonemovement1",
            "bname": "behavior of stone",
            "bdescription": "This determines the behavior of the stone after it's hit by the stick",
            "articlesused": "_Stonesmall, _Stick,_Glove",
            "logic": "SWYjPFN0aWNrICRoaXRzIFN0b25lc21hbGwgT1IgR2xvdmUgJGhpdHMgU3RvbmVzbWFsbCA+Izo8JGRlc3Ryb3koX1N0b25lc21hbGwpPiEK"
            
        },
        {
            "bid": "stonemovement2",
            "bname": "behavior of stone",
            "bdescription": "This determines the behavior of the stone after it's hit by the stick",
            "articlesused": "_Stonemedium, _Stick,_Glove",
            "logic": "SWYjPFN0aWNrICRoaXRzIFN0b25lTWVkaXVtIE9SIEdsb3ZlICRoaXRzIFN0b25lTWVkaXVtID4jOjwkZGVzdHJveShfU3RvbmVtZWRpdW0pPiEK"
            
        },
        {
            "bid": "stonemovement3",
            "bname": "behavior of stone",
            "bdescription": "This determines the behavior of the stone after it's hit by the stick",
            "articlesused": "_Stonebig, _Stick,_Glove",
            "logic": "SWYjPFN0aWNrICRoaXRzIFN0b25lYmlnIE9SIEdsb3ZlICRoaXRzIFN0b25lYmlnID4jOjwkZGVzdHJveShfU3RvbmViaWcpPiEK"
            
        },

        {
            "bid": "stickmovement",
            "bname": "behavior of stick",
            "bdescription": "This determines the behavior of the stick after it's hit by the stone",
            "articlesused": "_Stonesmall,_Stonemedium,_Stonebig, _Stick",
            "logic": "SWYjPFN0aWNrICRoaXRzIFN0b25lc21hbGwgIE9SIFN0aWNrICRoaXRzIFN0b25lbWVkaXVtIE9SIFN0aWNrICRoaXRzIFN0b25lYmlnPiM6PCRnbG93KF9TdGljayk+IQo="
        },
        {
            "bid": "glovemovement",
            "bname": "behavior of glove",
            "bdescription": "This determines the behavior of the glove after it's hit by the stone",
            "articlesused": "_Stonesmall,_Stonemedium,_Stonebig, _Glove",
            "logic": "SWYjPEdsb3ZlICRoaXRzIFN0b25lc21hbGwgIE9SIEdsb3ZlICRoaXRzIFN0b25lbWVkaXVtIE9SIEdsb3ZlICRoaXRzIFN0b25lYmlnPiM6PCRnbG93KF9HbG92ZSk+IQo="
        },
        {
            "bid": "scoreboardupdate",
            "bname": "behavior of scoreboard",
            "bdescription": "This determines the behavior of the scoreboard after stick hits stone",
            "articlesused": "_Stonesmall,_Stonemedium,_Stonebig, _Stick,_Scoreboard",
            "logic": "SWYjPFN0aWNrICRoaXRzIFN0b25lc21hbGwgIE9SIFN0aWNrICRoaXRzIFN0b25lbWVkaXVtIE9SIFN0aWNrICRoaXRzIFN0b25lYmlnPiM6PCR1cGRhdGUoX1Njb3JlYm9hcmQpPiEK"
        },
        {
            "bid": "scoreboardupdate2",
            "bname": "behavior of scoreboard",
            "bdescription": "This determines the behavior of the scoreboard after glove hits stone",
            "articlesused": "_Stonesmall,_Stonemedium,_Stonebig, _Glove,_Scoreboard",
            "logic": "SWYjPEdsb3ZlICRoaXRzIFN0b25lc21hbGwgIE9SIEdsb3ZlICRoaXRzIFN0b25lbWVkaXVtIE9SIEdsb3ZlICRoaXRzIFN0b25lYmlnPiM6PCR1cGRhdGUoX1Njb3JlYm9hcmQpPiEK"
        },
        {
            "bid": "scoreboardupdate3",
            "bname": "behavior of scoreboard",
            "bdescription": "This determines the behavior of the scoreboard when user collides with obstacle",
            "articlesused": "_User,_Triangular_obstacle",
            "logic": "SWYjPFVzZXIgJGhpdHMgVHJpYW5ndWxhcl9vYnN0YWNsZT4jOjwkdXBkYXRlKF9TY29yZWJvYXJkKT4hCg=="
        }
        
    ]
}