{
    "_scenename": "Forest Environment",
    "_sid": "VRFA-003",
    "_slabel": "Forest Workout",
    "_playarea": {
        "#pid": "PA-003",
        "#length_playarea": "100", 
        "#breadth_playarea": "100",
        "#height_playarea": "20",
        "#comment": "Values in feets",
        "#x_scenecenter": 10,
        "#y_scenecenter": -4,
        "#z_scenecenter": 0
    },
    "_camera": {
        "IsSceneObject": true,
        "trackingorigin": "5+floor"
    },
    "_initialcamerapos": {
        "#x_initialcamerapos": "0",
        "#y_initialcamerapos": "0",
        "#z_initialcamerapos": "0"
    },
    "_viewport": {
        "#x_viewport": "0",
        "#y_viewport": "0",
        "#w_viewport": "0.3",
        "#h_viewport": "0.2"
    },
    "_clippingplane": {
        "near_cp": 0.1,
        "far_cp": 1000
    },
    "_horizon": true,
    "_dof": 6,
    "_skybox": 6,
    "_controllers": {
        "type": "hand",
        "raycast": true,
        "raydistance": 10,
        "raythinkness": 1,
        "raycolor": "red",
        "raytype": "curve"
    },
    "_gravity": {
        "value": 10
    },
    "_interaction": true,
    "_nestedscene": {
        "#value": false,
        "#scenecount": 0,
        "#sid_order": 0
    },
    "_audio": true,
    "_timeline": true,
    "_Opttxt1": "",
    "@context_mock": "",
    "usertype": [
        {
            "type": "single",
            "uplayarea": {
                "#length_uplayarea": 20,
                "#breadth_uplayarea": 10,
                "#height_uplayarea": 10
            },
            "initialupos": {
                "#x_initialupos": 0,
                "#y_initialupos": 0,
                "#z_initialupos": 0
            },
            "uplayareacenter": {
                "#x_uplayareacenter": 10,
                "#y_uplayareacenter": -4,
                "#z_uplayareacenter": 0
            }
        },
        {
            "type": "multi",
            "uplayarea": {
                "#length_uplayarea": 30,
                "#breadth_uplayarea": 20,
                "#height_uplayarea": 10
            },
            "initialupos": {
                "#x_initialupos": 0,
                "#y_initialupos": 0,
                "#z_initialupos": 0
            },
            "uplayareacenter": {
                "#x_uplayareacenter": 10,
                "#y_uplayareacenter": -4,
                "#z_uplayareacenter": 0
            }
        }
    ]
}