{
    "animate_trigSync": {
        "tsyncid": 77,
        "tsOntrigger": true,
        "SyncObjList": [
            "_Stick",
            "_MusicPlayer"
        ],
        "tSyncNote": "user tiggered event"
    },
    "animate_nontrigSync": {
        "ntsyncid": 88,
        "ntsOntrigger": true,
        "ntSyncObjList": [
        ],
        "ntSyncNote": "Sync non triggered"
    },
    "animate_trigAsync": {
        "tasyncid": 99,
        "taOntrigger": true,
        "tAsyncObjList": [
            
        ],
        "tAsyncNote": "Async triggered"
    },
    "animate_nontrigAsync": {
        "ntasyncid": 111,
        "ntaOntrigger": true,
        "ntAsyncObjList": [
            "_Scoreboard"
        ],
        "ntAsyncNote": "Async untriggered"
    },
    "routine": [
        {
            "routeid": 7,
            "starttime": "00:00:00",
            "endtime": "00:00:40",
            "order": [
                30,
                50,
                40,
                60
            ]
        },
        {
            "routeid": 8,
            "starttime": "00:00:20",
            "endtime": "00:00:40",
            "order": [
                40,
                60
            ]
        },
        {
            "routeid": 9,
            "starttime": "00:00:00",
            "endtime": "00:00:15",
            "order": [
                30,
                50
            ]
        }
    ]
}
