{
    "animate_trigSync": {
        "tsyncid": 21,
        "tsOntrigger": true,
        "SyncObjList": [
            "_User",
            "_Triangular_obstacle"
        ],
        "tSyncNote": "user tiggered event"
    },
    "animate_nontrigSync": {
        "ntsyncid": 22,
        "ntsOntrigger": true,
        "ntSyncObjList": [
        ],
        "ntSyncNote": "Sync non triggered"
    },
    "animate_trigAsync": {
        "tasyncid": 23,
        "taOntrigger": true,
        "tAsyncObjList": [
            
        ],
        "tAsyncNote": "Async triggered"
    },
    "animate_nontrigAsync": {
        "ntasyncid": 24,
        "ntaOntrigger": true,
        "ntAsyncObjList": [
            "_Scoreboard"
        ],
        "ntAsyncNote": "Async untriggered"
    },
    "routine": [
        {
            "routeid": 7,
            "starttime": "00:00:00",
            "endtime": "00:00:40",
            "order": [
                21,
                23,
                22,
                24
            ]
        },
        {
            "routeid": 8,
            "starttime": "00:00:20",
            "endtime": "00:00:40",
            "order": [
                22,
                24
            ]
        },
        {
            "routeid": 9,
            "starttime": "00:00:00",
            "endtime": "00:00:15",
            "order": [
                21,
                23
            ]
        }
    ]
}
