{
    "_scenename": "fightScene",
    "_sid": "scene1",
    "_slabel": "The scene has a medieval theme chosen by the user. Depending on the play type(single/multiplayer), the relevant amount of enemies will appear with ancient weaponry such as sword, mace, armour etc.",
    "_playarea": {
        "#pid": "P1",
        "#length_playarea": "50",
        "#breadth_playarea": "50",
        "#height_playarea": "50",
        "#comment": "The unit is assumed to be in meters",
        "#x_scenecenter": 0,
        "#y_scenecenter": 5,
        "#z_scenecenter": 0
    },
    "_camera": {
        "IsSceneObject": true,
        "trackingorigin": "5+floor"
    },
    "_initialcamerapos": {
        "#x_initialcamerapos": 0,
        "#y_initialcamerapos": 5,
        "#z_initialcamerapos": 0
    },
    "_viewport": {
        "#x_viewport": 0,
        "#y_viewport": 0,
        "#w_viewport": 1,
        "#h_viewport": 1
    },
    "_clippingplane": {
        "near_cp": 1,
        "far_cp": 100
    },
    "_horizon": true,
    "_dof": 6,
    "_skybox": 6,
    "_controllers": {
        "type": "hand",
        "raycast": true,
        "raydistance": 10,
        "raythinkness": 2,
        "raycolor": "transparent",
        "raytype": "straightline"
    },
    "_gravity": {
        "value": 10
    },
    "_interaction": true,
    "_nestedscene": {
        "#value": false,
        "#scenecount": 0,
        "#sid_order": 0
    },
    "_audio": true,
    "_timeline": true,
    "_Opttxt1": "null",
    "@context_mock": "blank",
    "usertype": [
        {
            "type": "single",
            "uplayarea": {
                "#length_uplayarea": 20,
                "#breadth_uplayarea": 20,
                "#height_uplayarea": 20
            },
            "initialupos": {
                "#x_initialupos": 0,
                "#y_initialupos": 0,
                "#z_initialupos": 0
            },
            "uplayareacenter": {
                "#x_uplayareacenter": 0,
                "#y_uplayareacenter": 10,
                "#z_uplayareacenter": 10
            }
        },
        {
            "type": "multi",
            "uplayarea": {
                "#length_uplayarea": 30,
                "#breadth_uplayarea": 30,
                "#height_uplayarea": 30
            },
            "initialupos": {
                "#x_initialupos": 0,
                "#y_initialupos": 0,
                "#z_initialupos": 0
            },
            "uplayareacenter": {
                "#x_uplayareacenter": 0,
                "#y_uplayareacenter": 15,
                "#z_uplayareacenter": 15
            }
        }
    ]
}