{
    "animate_trigSync": {
        "tsyncid": 1,
        "tsOntrigger": false,
        "SyncObjList": [],
        "tSyncNote": ""
    },
    "animate_nontrigSync": {
        "ntsyncid": 1,
        "ntsOntrigger": true,
        "ntSyncObjList": [
            {
                "objid": "armor_plate",
                "animation": "equip",
                "duration": "2s",
                "trigger": "armor_sync"
            },
            {
                "objid": "sword",
                "animation": "equip",
                "duration": "1.5s",
                "trigger": "weapon_sync"
            }
        ],
        "ntSyncNote": "Animate armor and sword equip"
    },
    "animate_trigAsync": {
        "tasyncid": 1,
        "taOntrigger": false,
        "tAsyncObjList": [],
        "tAsyncNote": "",
        "AsyncObjList": []
    },
    "animate_nontrigAsync": {
        "ntasyncid": 1,
        "ntaOntrigger": false,
        "ntAsyncObjList": [],
        "ntAsyncNote": "",
        "AsyncObjList": []
    },
    "routine": [
        {
            "routeid": 1,
            "starttime": "00:00",
            "endtime": "00:03",
            "order": [
                {
                    "objid": "player",
                    "animation": "walk",
                    "duration": "2s",
                    "trigger": ""
                },
                {
                    "objid": "player",
                    "animation": "stop",
                    "duration": "1s",
                    "trigger": ""
                }
            ]
        },
        {
            "routeid": 2,
            "starttime": "00:03",
            "endtime": "00:12",
            "order": [
                {
                    "objid": "player",
                    "animation": "equip_armor",
                    "duration": "6s",
                    "trigger": ""
                },
                {
                    "objid": "player",
                    "animation": "grab_weapon",
                    "duration": "3s",
                    "trigger": ""
                }
            ]
        }
    ]
}