{
	"ObjAction": [{
			"actresid": "_footballgoal",
			"sourceObj": "_football",
			"targetObj": "_goalpostsetter1",
			"IsCollision": true,
			"response": "natural/custom",
			"comment": "Triggered when a goal is scored",
			"Syncronous": true,
			"repeatactionfor": "_goalpostsetter2"
		},
		{
			"actresid": "",
			"sourceObj": "_playersetter1",
			"targetObj": "_football",
			"IsCollision": true,
			"response": "natural/custom",
			"comment": "player kicking, dribbling, passing ball, etc",
			"Syncronous": true,
			"repeatactionfor": "_playersetter2,_playersetter3,_playersetter4,_playersetter5,_playersetter6,_playersetter7,_playersetter8,_playersetter9,_playersetter10,_playersetter11,_opponentsetter1,_opponentsetter2,_opponentsetter3,_opponentsetter4,_opponentsetter5,_opponentsetter6,_opponentsetter7,_opponentsetter8,_opponentsetter9,_opponentsetter10,_opponentsetter11"
		},
		{
			"actresid": "_scoreupdate",
			"sourceObj": "_football",
			"targetObj": "_scoreboard",
			"IsCollision": false,
			"response": "passthrough",
			"comment": "scoreboard is updated, when goal is scored",
			"Syncronous": true,
			"repeatactionfor": "null"
		},
		{
			"actresid": "_player_player_interaction",
			"sourceObj": "_playersetter1",
			"targetObj": "_playersetter2",
			"IsCollision": true,
			"response": "natural",
			"comment": "collide, tackle",
			"Syncronous": true,
			"repeatactionfor": "_playersetter3,_playersetter4,_playersetter5,_playersetter6,_playersetter7,_playersetter8,_playersetter9,_playersetter10,_playersetter11,_opponentsetter1,_opponentsetter2,_opponentsetter3,_opponentsetter4,_opponentsetter5,_opponentsetter6,_opponentsetter7,_opponentsetter8,_opponentsetter9,_opponentsetter10,_opponentsetter11"
		},
		{
			"actresid": "_football_ground_interaction",
			"sourceObj": "_football",
			"targetObj": "_ground",
			"IsCollision": true,
			"response": "natural",
			"comment": "ball bouncing on ground",
			"Syncronous": true,
			"repeatactionfor": ""
		}
	]
}