{
   "articles": [{
         "_objectname": "Ground",
         "_sid": "_ground",
         "_slabel": "This is the ground",
         "_IsHidden": 0,
         "_enumcount": 1,
         "_Is3DObject": 0,
         "HasChild": 0,
         "shape": "plane",
         "dimension": {
            "dradii": 0,
            "dvolumn": "null",
            "dlength": "120",
            "dbreadth": "80",
            "dheigth": "null"
         },
         "IsText": false,
         "IsText3D": false,
         "lighting": {
            "CastShadow": "1",
            "ReceiveShadow": "1",
            "ContributeGlobalIlumination": "0"
         },
         "IsIlluminate": true,
         "Transform_initialpos": {
            "#x_initialpos": "0",
            "#y_initialpos": "0",
            "#z_initialpos": "0"
         },
         "Transform_initialrotation": {
            "#x_initialrotation": "0",
            "#y_initialrotation": "0",
            "#z_initialrotation": "0"
         },
         "Transform_objectscale": {
            "#x_objectscale": "0",
            "#y_objectscale": "0",
            "#z_objectscale": "0"
         },
         "repeattransfrom": {
            "distfactorx": "null",
            "distfactory": "null",
            "distfactorz": "null"
         },
         "Interaction": {
            "XRGrabInteractable": "1",
            "XRInteractionMaskLayer": "nothing/everything/custom",
            "TrackPosition": "0",
            "TrackRotation": "0",
            "Throw_Detach": "0",
            "forcegravity": "1",
            "velocity": "null",
            "angularvelocity": "null"
         },
         "Smoothing": "1",
         "Smoothing_duration": "0.5",
         "attachtransform": {
            "#rotate_x": "null",
            "#rotate_y": "null",
            "#rotate_z": "null",
            "#pos_x": "null",
            "#pos_y": "null",
            "#pos_z": "null"
         },
         "XRRigidObject": {
            "value": "1",
            "mass": "200",
            "dragfriction": "5",
            "angulardrag": "4",
            "Isgravityenable": "true",
            "IsKinematic": "0",
            "CanInterpolate": "0",
            "CollisionPolling": "discreet/continousdiscreet/continous"
         },
         "aud_hasaudio": "0",
         "aud_type": "null",
         "aud_src": "null",
         "aud_volume": "null",
         "aud_PlayInloop": "0",
         "aud_IsSurround": "0",
         "aud_Dopplerlevel": "null",
         "aud_spread": "null",
         "aud_mindist": "null",
         "aud_maxdist": "null",
         "_Opttxt1": "null",
         "@context_img_source": "blank"
      },
      {
         "_objectname": "Goal_Post_1",
         "_sid": "_goalpostsetter1",
         "_slabel": "This is a first goal post",
         "_IsHidden": 0,
         "_enumcount": 1,
         "_Is3DObject": 1,
         "HasChild": 0,
         "shape": "plane",
         "dimension": {
            "dradii": 0,
            "dvolumn": "null",
            "dlength": "7",
            "dbreadth": "0",
            "dheigth": "2.5"
         },
         "IsText": false,
         "IsText3D": false,
         "lighting": {
            "CastShadow": "1",
            "ReceiveShadow": "1",
            "ContributeGlobalIlumination": "0"
         },
         "IsIlluminate": true,
         "Transform_initialpos": {
            "#x_initialpos": "0",
            "#y_initialpos": "40",
            "#z_initialpos": "0"
         },
         "Transform_initialrotation": {
            "#x_initialrotation": "0",
            "#y_initialrotation": "0",
            "#z_initialrotation": "0"
         },
         "Transform_objectscale": {
            "#x_objectscale": "0",
            "#y_objectscale": "0",
            "#z_objectscale": "0"
         },
         "repeattransfrom": {
            "distfactorx": "null",
            "distfactory": "null",
            "distfactorz": "null"
         },
         "Interaction": {
            "XRGrabInteractable": "1",
            "XRInteractionMaskLayer": "nothing/everything/custom",
            "TrackPosition": "1",
            "TrackRotation": "1",
            "Throw_Detach": "1",
            "forcegravity": "1",
            "velocity": "null",
            "angularvelocity": "null"
         },
         "Smoothing": "1",
         "Smoothing_duration": "0.5",
         "attachtransform": {
            "#rotate_x": "null",
            "#rotate_y": "null",
            "#rotate_z": "null",
            "#pos_x": "null",
            "#pos_y": "null",
            "#pos_z": "null"
         },
         "XRRigidObject": {
            "value": "1",
            "mass": "20",
            "dragfriction": "5",
            "angulardrag": "4",
            "Isgravityenable": "true",
            "IsKinematic": "0",
            "CanInterpolate": "0",
            "CollisionPolling": "discreet/continous"
         },
         "aud_hasaudio": "0",
         "aud_type": "null",
         "aud_src": "null",
         "aud_volume": "null",
         "aud_PlayInloop": "0",
         "aud_IsSurround": "0",
         "aud_Dopplerlevel": "null",
         "aud_spread": "null",
         "aud_mindist": "null",
         "aud_maxdist": "null",
         "_Opttxt1": "null",
         "@context_img_source": "blank"
      },

      {
         "_objectname": "Goal_Post_2",
         "_sid": "_goalpostsetter2",
         "_slabel": "This is a second goal post",
         "_IsHidden": 0,
         "_enumcount": 1,
         "_Is3DObject": 1,
         "HasChild": 0,
         "shape": "plane",
         "dimension": {
            "dradii": 0,
            "dvolumn": "null",
            "dlength": "7",
            "dbreadth": "0",
            "dheigth": "2.5"
         },
         "IsText": false,
         "IsText3D": false,
         "lighting": {
            "CastShadow": "1",
            "ReceiveShadow": "1",
            "ContributeGlobalIlumination": "0"
         },
         "IsIlluminate": true,
         "Transform_initialpos": {
            "#x_initialpos": "120",
            "#y_initialpos": "40",
            "#z_initialpos": "0"
         },
         "Transform_initialrotation": {
            "#x_initialrotation": "0",
            "#y_initialrotation": "0",
            "#z_initialrotation": "0"
         },
         "Transform_objectscale": {
            "#x_objectscale": "0",
            "#y_objectscale": "0",
            "#z_objectscale": "0"
         },
         "repeattransfrom": {
            "distfactorx": "null",
            "distfactory": "null",
            "distfactorz": "null"
         },
         "Interaction": {
            "XRGrabInteractable": "1",
            "XRInteractionMaskLayer": "nothing/everything/custom",
            "TrackPosition": "1",
            "TrackRotation": "1",
            "Throw_Detach": "1",
            "forcegravity": "1",
            "velocity": "null",
            "angularvelocity": "null"
         },
         "Smoothing": "1",
         "Smoothing_duration": "0.5",
         "attachtransform": {
            "#rotate_x": "null",
            "#rotate_y": "null",
            "#rotate_z": "null",
            "#pos_x": "null",
            "#pos_y": "null",
            "#pos_z": "null"
         },
         "XRRigidObject": {
            "value": "1",
            "mass": "20",
            "dragfriction": "5",
            "angulardrag": "4",
            "Isgravityenable": "true",
            "IsKinematic": "0",
            "CanInterpolate": "0",
            "CollisionPolling": "discreet/continous"
         },
         "aud_hasaudio": "0",
         "aud_type": "null",
         "aud_src": "null",
         "aud_volume": "null",
         "aud_PlayInloop": "0",
         "aud_IsSurround": "0",
         "aud_Dopplerlevel": "null",
         "aud_spread": "null",
         "aud_mindist": "null",
         "aud_maxdist": "null",
         "_Opttxt1": "null",
         "@context_img_source": "blank"
      },

      {
         "_objectname": "FootBall",
         "_sid": "_football",
         "_slabel": "It will be kicked by players",
         "_IsHidden": 0,
         "_enumcount": 1,
         "_Is3DObject": 1,
         "HasChild": 0,
         "shape": "sphere",
         "dimension": {
            "dradii": 8,
            "dvolumn": "2143",
            "dlength": "null",
            "dbreadth": "null",
            "dheigth": "null"
         },
         "IsText": false,
         "IsText3D": false,
         "lighting": {
            "CastShadow": "1",
            "ReceiveShadow": "1",
            "ContributeGlobalIlumination": "1"
         },
         "IsIlluminate": false,
         "Transform_initialpos": {
            "#x_initialpos": "60",
            "#y_initialpos": "40",
            "#z_initialpos": "0"
         },
         "Transform_initialrotation": {
            "#x_initialrotation": "0",
            "#y_initialrotation": "0",
            "#z_initialrotation": "0"
         },
         "Transform_objectscale": {
            "#x_objectscale": "0",
            "#y_objectscale": "0",
            "#z_objectscale": "0"
         },
         "repeattransfrom": {
            "distfactorx": "null",
            "distfactory": "null",
            "distfactorz": "null"
         },
         "Interaction": {
            "XRGrabInteractable": "1",
            "XRInteractionMaskLayer": "nothing/everything/custom",
            "TrackPosition": "1",
            "TrackRotation": "1",
            "Throw_Detach": "1",
            "forcegravity": "1",
            "velocity": "3",
            "angularvelocity": "2"
         },
         "Smoothing": "1",
         "Smoothing_duration": "0.5",
         "attachtransform": {
            "#rotate_x": "null",
            "#rotate_y": "null",
            "#rotate_z": "null",
            "#pos_x": "null",
            "#pos_y": "null",
            "#pos_z": "null"
         },
         "XRRigidObject": {
            "value": "8",
            "mass": "450",
            "dragfriction": "5",
            "angulardrag": "4",
            "Isgravityenable": "true",
            "IsKinematic": "1",
            "CanInterpolate": "0",
            "CollisionPolling": "discreet/continous"
         },
         "aud_hasaudio": "1",
         "aud_type": "mpeg-3",
         "aud_src": "/path",
         "aud_volume": "10",
         "aud_PlayInloop": "0",
         "aud_IsSurround": "1",
         "aud_Dopplerlevel": "0.9",
         "aud_spread": "null",
         "aud_mindist": "null",
         "aud_maxdist": "null",
         "_Opttxt1": "null",
         "@context_img_source": "blank"
      },
      {
         "_objectname": "Scoreboard",
         "_sid": "_scoreboard",
         "_slabel": "This is scoreboard",
         "_IsHidden": 0,
         "_enumcount": 1,
         "_Is3DObject": 0,
         "HasChild": 0,
         "shape": "plane",
         "dimension": {
            "dradii": 0,
            "dvolumn": "null",
            "dlength": "5",
            "dbreadth": "5",
            "dheigth": "null"
         },
         "IsText": false,
         "IsText3D": false,
         "lighting": {
            "CastShadow": "1",
            "ReceiveShadow": "1",
            "ContributeGlobalIlumination": "1"
         },
         "IsIlluminate": true,
         "Transform_initialpos": {
            "#x_initialpos": "60",
            "#y_initialpos": "40",
            "#z_initialpos": "20"
         },
         "Transform_initialrotation": {
            "#x_initialrotation": "0",
            "#y_initialrotation": "0",
            "#z_initialrotation": "0"
         },
         "Transform_objectscale": {
            "#x_objectscale": "0",
            "#y_objectscale": "0",
            "#z_objectscale": "0"
         },
         "repeattransfrom": {
            "distfactorx": "null",
            "distfactory": "null",
            "distfactorz": "null"
         },
         "Interaction": {
            "XRGrabInteractable": "0",
            "XRInteractionMaskLayer": "nothing",
            "TrackPosition": "0",
            "TrackRotation": "0",
            "Throw_Detach": "0",
            "forcegravity": "0",
            "velocity": "0",
            "angularvelocity": "0"
         },
         "Smoothing": "0",
         "Smoothing_duration": "0",
         "attachtransform": {
            "#rotate_x": "null",
            "#rotate_y": "null",
            "#rotate_z": "null",
            "#pos_x": "null",
            "#pos_y": "null",
            "#pos_z": "null"
         },
         "XRRigidObject": {
            "value": "0",
            "mass": "null",
            "dragfriction": "null",
            "angulardrag": "null",
            "Isgravityenable": "false",
            "IsKinematic": "0",
            "CanInterpolate": "0",
            "CollisionPolling": "null"
         },
         "aud_hasaudio": "0",
         "aud_type": "null",
         "aud_src": "null",
         "aud_volume": "null",
         "aud_PlayInloop": "null",
         "aud_IsSurround": "null",
         "aud_Dopplerlevel": "null",
         "aud_spread": "null",
         "aud_mindist": "null",
         "aud_maxdist": "null",
         "_Opttxt1": "null",
         "@context_img_source": "blank"
      },

      {
         "_objectname": "Team_Player_1",
         "_sid": "_playersetter1",
         "_slabel": "This is a team player",
         "_IsHidden": 0,
         "_enumcount": 1,
         "_Is3DObject": 1,
         "HasChild": 0,
         "shape": "cuboid",
         "dimension": {
            "dradii": 0,
            "dvolumn": "0.255",
            "dlength": "0.3",
            "dbreadth": "0.5",
            "dheigth": "1.7"
         },
         "IsText": false,
         "IsText3D": false,
         "lighting": {
            "CastShadow": "1",
            "ReceiveShadow": "1",
            "ContributeGlobalIlumination": "0"
         },
         "IsIlluminate": true,
         "Transform_initialpos": {
            "#x_initialpos": "11",
            "#y_initialpos": "32.5",
            "#z_initialpos": "0.85"
         },
         "Transform_initialrotation": {
            "#x_initialrotation": "0",
            "#y_initialrotation": "0",
            "#z_initialrotation": "0"
         },
         "Transform_objectscale": {
            "#x_objectscale": "0",
            "#y_objectscale": "0",
            "#z_objectscale": "0"
         },
         "repeattransfrom": {
            "distfactorx": "null",
            "distfactory": "null",
            "distfactorz": "null"
         },
         "Interaction": {
            "XRGrabInteractable": "0",
            "XRInteractionMaskLayer": "nothing/everything/custom",
            "TrackPosition": "0",
            "TrackRotation": "0",
            "Throw_Detach": "0",
            "forcegravity": "1",
            "velocity": "1",
            "angularvelocity": "1"
         },
         "Smoothing": "1",
         "Smoothing_duration": "0.5",
         "attachtransform": {
            "#rotate_x": "null",
            "#rotate_y": "null",
            "#rotate_z": "null",
            "#pos_x": "null",
            "#pos_y": "null",
            "#pos_z": "null"
         },
         "XRRigidObject": {
            "value": "1",
            "mass": "100",
            "dragfriction": "5",
            "angulardrag": "4",
            "Isgravityenable": "true",
            "IsKinematic": "1",
            "CanInterpolate": "0",
            "CollisionPolling": "discreet/continousdiscreet/continous"
         },
         "aud_hasaudio": "0",
         "aud_type": "null",
         "aud_src": "null",
         "aud_volume": "null",
         "aud_PlayInloop": "0",
         "aud_IsSurround": "0",
         "aud_Dopplerlevel": "null",
         "aud_spread": "null",
         "aud_mindist": "null",
         "aud_maxdist": "null",
         "_Opttxt1": "null",
         "@context_img_source": "blank"
      },


      {
         "_objectname": "Team_Player_2",
         "_sid": "_playersetter2",
         "_slabel": "This is a team player",
         "_IsHidden": 0,
         "_enumcount": 1,
         "_Is3DObject": 1,
         "HasChild": 0,
         "shape": "cuboid",
         "dimension": {
            "dradii": 0,
            "dvolumn": "0.255",
            "dlength": "0.3",
            "dbreadth": "0.5",
            "dheigth": "1.7"
         },
         "IsText": false,
         "IsText3D": false,
         "lighting": {
            "CastShadow": "1",
            "ReceiveShadow": "1",
            "ContributeGlobalIlumination": "0"
         },
         "IsIlluminate": true,
         "Transform_initialpos": {
            "#x_initialpos": "22",
            "#y_initialpos": "13",
            "#z_initialpos": "0.85"
         },
         "Transform_initialrotation": {
            "#x_initialrotation": "0",
            "#y_initialrotation": "0",
            "#z_initialrotation": "0"
         },
         "Transform_objectscale": {
            "#x_objectscale": "0",
            "#y_objectscale": "0",
            "#z_objectscale": "0"
         },
         "repeattransfrom": {
            "distfactorx": "null",
            "distfactory": "null",
            "distfactorz": "null"
         },
         "Interaction": {
            "XRGrabInteractable": "0",
            "XRInteractionMaskLayer": "nothing/everything/custom",
            "TrackPosition": "0",
            "TrackRotation": "0",
            "Throw_Detach": "0",
            "forcegravity": "1",
            "velocity": "1",
            "angularvelocity": "1"
         },
         "Smoothing": "1",
         "Smoothing_duration": "0.5",
         "attachtransform": {
            "#rotate_x": "null",
            "#rotate_y": "null",
            "#rotate_z": "null",
            "#pos_x": "null",
            "#pos_y": "null",
            "#pos_z": "null"
         },
         "XRRigidObject": {
            "value": "1",
            "mass": "100",
            "dragfriction": "5",
            "angulardrag": "4",
            "Isgravityenable": "true",
            "IsKinematic": "1",
            "CanInterpolate": "0",
            "CollisionPolling": "discreet/continousdiscreet/continous"
         },
         "aud_hasaudio": "0",
         "aud_type": "null",
         "aud_src": "null",
         "aud_volume": "null",
         "aud_PlayInloop": "0",
         "aud_IsSurround": "0",
         "aud_Dopplerlevel": "null",
         "aud_spread": "null",
         "aud_mindist": "null",
         "aud_maxdist": "null",
         "_Opttxt1": "null",
         "@context_img_source": "blank"
      },


      {
         "_objectname": "Team_Player_3",
         "_sid": "_playersetter3",
         "_slabel": "This is a team player",
         "_IsHidden": 0,
         "_enumcount": 1,
         "_Is3DObject": 1,
         "HasChild": 0,
         "shape": "cuboid",
         "dimension": {
            "dradii": 0,
            "dvolumn": "0.255",
            "dlength": "0.3",
            "dbreadth": "0.5",
            "dheigth": "1.7"
         },
         "IsText": false,
         "IsText3D": false,
         "lighting": {
            "CastShadow": "1",
            "ReceiveShadow": "1",
            "ContributeGlobalIlumination": "0"
         },
         "IsIlluminate": true,
         "Transform_initialpos": {
            "#x_initialpos": "22",
            "#y_initialpos": "26",
            "#z_initialpos": "0.85"
         },
         "Transform_initialrotation": {
            "#x_initialrotation": "0",
            "#y_initialrotation": "0",
            "#z_initialrotation": "0"
         },
         "Transform_objectscale": {
            "#x_objectscale": "0",
            "#y_objectscale": "0",
            "#z_objectscale": "0"
         },
         "repeattransfrom": {
            "distfactorx": "null",
            "distfactory": "null",
            "distfactorz": "null"
         },
         "Interaction": {
            "XRGrabInteractable": "0",
            "XRInteractionMaskLayer": "nothing/everything/custom",
            "TrackPosition": "0",
            "TrackRotation": "0",
            "Throw_Detach": "0",
            "forcegravity": "1",
            "velocity": "1",
            "angularvelocity": "1"
         },
         "Smoothing": "1",
         "Smoothing_duration": "0.5",
         "attachtransform": {
            "#rotate_x": "null",
            "#rotate_y": "null",
            "#rotate_z": "null",
            "#pos_x": "null",
            "#pos_y": "null",
            "#pos_z": "null"
         },
         "XRRigidObject": {
            "value": "1",
            "mass": "100",
            "dragfriction": "5",
            "angulardrag": "4",
            "Isgravityenable": "true",
            "IsKinematic": "1",
            "CanInterpolate": "0",
            "CollisionPolling": "discreet/continousdiscreet/continous"
         },
         "aud_hasaudio": "0",
         "aud_type": "null",
         "aud_src": "null",
         "aud_volume": "null",
         "aud_PlayInloop": "0",
         "aud_IsSurround": "0",
         "aud_Dopplerlevel": "null",
         "aud_spread": "null",
         "aud_mindist": "null",
         "aud_maxdist": "null",
         "_Opttxt1": "null",
         "@context_img_source": "blank"
      },
      {
         "_objectname": "Team_Player_4",
         "_sid": "_playersetter4",
         "_slabel": "This is a team player",
         "_IsHidden": 0,
         "_enumcount": 1,
         "_Is3DObject": 1,
         "HasChild": 0,
         "shape": "cuboid",
         "dimension": {
            "dradii": 0,
            "dvolumn": "0.255",
            "dlength": "0.3",
            "dbreadth": "0.5",
            "dheigth": "1.7"
         },
         "IsText": false,
         "IsText3D": false,
         "lighting": {
            "CastShadow": "1",
            "ReceiveShadow": "1",
            "ContributeGlobalIlumination": "0"
         },
         "IsIlluminate": true,
         "Transform_initialpos": {
            "#x_initialpos": "22",
            "#y_initialpos": "39",
            "#z_initialpos": "0.85"
         },
         "Transform_initialrotation": {
            "#x_initialrotation": "0",
            "#y_initialrotation": "0",
            "#z_initialrotation": "0"
         },
         "Transform_objectscale": {
            "#x_objectscale": "0",
            "#y_objectscale": "0",
            "#z_objectscale": "0"
         },
         "repeattransfrom": {
            "distfactorx": "null",
            "distfactory": "null",
            "distfactorz": "null"
         },
         "Interaction": {
            "XRGrabInteractable": "0",
            "XRInteractionMaskLayer": "nothing/everything/custom",
            "TrackPosition": "0",
            "TrackRotation": "0",
            "Throw_Detach": "0",
            "forcegravity": "1",
            "velocity": "1",
            "angularvelocity": "1"
         },
         "Smoothing": "1",
         "Smoothing_duration": "0.5",
         "attachtransform": {
            "#rotate_x": "null",
            "#rotate_y": "null",
            "#rotate_z": "null",
            "#pos_x": "null",
            "#pos_y": "null",
            "#pos_z": "null"
         },
         "XRRigidObject": {
            "value": "1",
            "mass": "100",
            "dragfriction": "5",
            "angulardrag": "4",
            "Isgravityenable": "true",
            "IsKinematic": "1",
            "CanInterpolate": "0",
            "CollisionPolling": "discreet/continousdiscreet/continous"
         },
         "aud_hasaudio": "0",
         "aud_type": "null",
         "aud_src": "null",
         "aud_volume": "null",
         "aud_PlayInloop": "0",
         "aud_IsSurround": "0",
         "aud_Dopplerlevel": "null",
         "aud_spread": "null",
         "aud_mindist": "null",
         "aud_maxdist": "null",
         "_Opttxt1": "null",
         "@context_img_source": "blank"
      },
      {
         "_objectname": "Team_Player_5",
         "_sid": "_playersetter5",
         "_slabel": "This is a team player",
         "_IsHidden": 0,
         "_enumcount": 1,
         "_Is3DObject": 1,
         "HasChild": 0,
         "shape": "cuboid",
         "dimension": {
            "dradii": 0,
            "dvolumn": "0.255",
            "dlength": "0.3",
            "dbreadth": "0.5",
            "dheigth": "1.7"
         },
         "IsText": false,
         "IsText3D": false,
         "lighting": {
            "CastShadow": "1",
            "ReceiveShadow": "1",
            "ContributeGlobalIlumination": "0"
         },
         "IsIlluminate": true,
         "Transform_initialpos": {
            "#x_initialpos": "22",
            "#y_initialpos": "52",
            "#z_initialpos": "0.85"
         },
         "Transform_initialrotation": {
            "#x_initialrotation": "0",
            "#y_initialrotation": "0",
            "#z_initialrotation": "0"
         },
         "Transform_objectscale": {
            "#x_objectscale": "0",
            "#y_objectscale": "0",
            "#z_objectscale": "0"
         },
         "repeattransfrom": {
            "distfactorx": "null",
            "distfactory": "null",
            "distfactorz": "null"
         },
         "Interaction": {
            "XRGrabInteractable": "0",
            "XRInteractionMaskLayer": "nothing/everything/custom",
            "TrackPosition": "0",
            "TrackRotation": "0",
            "Throw_Detach": "0",
            "forcegravity": "1",
            "velocity": "1",
            "angularvelocity": "1"
         },
         "Smoothing": "1",
         "Smoothing_duration": "0.5",
         "attachtransform": {
            "#rotate_x": "null",
            "#rotate_y": "null",
            "#rotate_z": "null",
            "#pos_x": "null",
            "#pos_y": "null",
            "#pos_z": "null"
         },
         "XRRigidObject": {
            "value": "1",
            "mass": "100",
            "dragfriction": "5",
            "angulardrag": "4",
            "Isgravityenable": "true",
            "IsKinematic": "1",
            "CanInterpolate": "0",
            "CollisionPolling": "discreet/continousdiscreet/continous"
         },
         "aud_hasaudio": "0",
         "aud_type": "null",
         "aud_src": "null",
         "aud_volume": "null",
         "aud_PlayInloop": "0",
         "aud_IsSurround": "0",
         "aud_Dopplerlevel": "null",
         "aud_spread": "null",
         "aud_mindist": "null",
         "aud_maxdist": "null",
         "_Opttxt1": "null",
         "@context_img_source": "blank"
      },
      {
         "_objectname": "Team_Player_6",
         "_sid": "_playersetter6",
         "_slabel": "This is a team player",
         "_IsHidden": 0,
         "_enumcount": 1,
         "_Is3DObject": 1,
         "HasChild": 0,
         "shape": "cuboid",
         "dimension": {
            "dradii": 0,
            "dvolumn": "0.255",
            "dlength": "0.3",
            "dbreadth": "0.5",
            "dheigth": "1.7"
         },
         "IsText": false,
         "IsText3D": false,
         "lighting": {
            "CastShadow": "1",
            "ReceiveShadow": "1",
            "ContributeGlobalIlumination": "0"
         },
         "IsIlluminate": true,
         "Transform_initialpos": {
            "#x_initialpos": "33",
            "#y_initialpos": "13",
            "#z_initialpos": "0.85"
         },
         "Transform_initialrotation": {
            "#x_initialrotation": "0",
            "#y_initialrotation": "0",
            "#z_initialrotation": "0"
         },
         "Transform_objectscale": {
            "#x_objectscale": "0",
            "#y_objectscale": "0",
            "#z_objectscale": "0"
         },
         "repeattransfrom": {
            "distfactorx": "null",
            "distfactory": "null",
            "distfactorz": "null"
         },
         "Interaction": {
            "XRGrabInteractable": "0",
            "XRInteractionMaskLayer": "nothing/everything/custom",
            "TrackPosition": "0",
            "TrackRotation": "0",
            "Throw_Detach": "0",
            "forcegravity": "1",
            "velocity": "1",
            "angularvelocity": "1"
         },
         "Smoothing": "1",
         "Smoothing_duration": "0.5",
         "attachtransform": {
            "#rotate_x": "null",
            "#rotate_y": "null",
            "#rotate_z": "null",
            "#pos_x": "null",
            "#pos_y": "null",
            "#pos_z": "null"
         },
         "XRRigidObject": {
            "value": "1",
            "mass": "100",
            "dragfriction": "5",
            "angulardrag": "4",
            "Isgravityenable": "true",
            "IsKinematic": "1",
            "CanInterpolate": "0",
            "CollisionPolling": "discreet/continousdiscreet/continous"
         },
         "aud_hasaudio": "0",
         "aud_type": "null",
         "aud_src": "null",
         "aud_volume": "null",
         "aud_PlayInloop": "0",
         "aud_IsSurround": "0",
         "aud_Dopplerlevel": "null",
         "aud_spread": "null",
         "aud_mindist": "null",
         "aud_maxdist": "null",
         "_Opttxt1": "null",
         "@context_img_source": "blank"
      },
      {
         "_objectname": "Team_Player_7",
         "_sid": "_playersetter7",
         "_slabel": "This is a team player",
         "_IsHidden": 0,
         "_enumcount": 1,
         "_Is3DObject": 1,
         "HasChild": 0,
         "shape": "cuboid",
         "dimension": {
            "dradii": 0,
            "dvolumn": "0.255",
            "dlength": "0.3",
            "dbreadth": "0.5",
            "dheigth": "1.7"
         },
         "IsText": false,
         "IsText3D": false,
         "lighting": {
            "CastShadow": "1",
            "ReceiveShadow": "1",
            "ContributeGlobalIlumination": "0"
         },
         "IsIlluminate": true,
         "Transform_initialpos": {
            "#x_initialpos": "33",
            "#y_initialpos": "26",
            "#z_initialpos": "0.85"
         },
         "Transform_initialrotation": {
            "#x_initialrotation": "0",
            "#y_initialrotation": "0",
            "#z_initialrotation": "0"
         },
         "Transform_objectscale": {
            "#x_objectscale": "0",
            "#y_objectscale": "0",
            "#z_objectscale": "0"
         },
         "repeattransfrom": {
            "distfactorx": "null",
            "distfactory": "null",
            "distfactorz": "null"
         },
         "Interaction": {
            "XRGrabInteractable": "0",
            "XRInteractionMaskLayer": "nothing/everything/custom",
            "TrackPosition": "0",
            "TrackRotation": "0",
            "Throw_Detach": "0",
            "forcegravity": "1",
            "velocity": "1",
            "angularvelocity": "1"
         },
         "Smoothing": "1",
         "Smoothing_duration": "0.5",
         "attachtransform": {
            "#rotate_x": "null",
            "#rotate_y": "null",
            "#rotate_z": "null",
            "#pos_x": "null",
            "#pos_y": "null",
            "#pos_z": "null"
         },
         "XRRigidObject": {
            "value": "1",
            "mass": "100",
            "dragfriction": "5",
            "angulardrag": "4",
            "Isgravityenable": "true",
            "IsKinematic": "1",
            "CanInterpolate": "0",
            "CollisionPolling": "discreet/continousdiscreet/continous"
         },
         "aud_hasaudio": "0",
         "aud_type": "null",
         "aud_src": "null",
         "aud_volume": "null",
         "aud_PlayInloop": "0",
         "aud_IsSurround": "0",
         "aud_Dopplerlevel": "null",
         "aud_spread": "null",
         "aud_mindist": "null",
         "aud_maxdist": "null",
         "_Opttxt1": "null",
         "@context_img_source": "blank"
      },
      {
         "_objectname": "Team_Player_8",
         "_sid": "_playersetter8",
         "_slabel": "This is a team player",
         "_IsHidden": 0,
         "_enumcount": 1,
         "_Is3DObject": 1,
         "HasChild": 0,
         "shape": "cuboid",
         "dimension": {
            "dradii": 0,
            "dvolumn": "0.255",
            "dlength": "0.3",
            "dbreadth": "0.5",
            "dheigth": "1.7"
         },
         "IsText": false,
         "IsText3D": false,
         "lighting": {
            "CastShadow": "1",
            "ReceiveShadow": "1",
            "ContributeGlobalIlumination": "0"
         },
         "IsIlluminate": true,
         "Transform_initialpos": {
            "#x_initialpos": "33",
            "#y_initialpos": "39",
            "#z_initialpos": "0.85"
         },
         "Transform_initialrotation": {
            "#x_initialrotation": "0",
            "#y_initialrotation": "0",
            "#z_initialrotation": "0"
         },
         "Transform_objectscale": {
            "#x_objectscale": "0",
            "#y_objectscale": "0",
            "#z_objectscale": "0"
         },
         "repeattransfrom": {
            "distfactorx": "null",
            "distfactory": "null",
            "distfactorz": "null"
         },
         "Interaction": {
            "XRGrabInteractable": "0",
            "XRInteractionMaskLayer": "nothing/everything/custom",
            "TrackPosition": "0",
            "TrackRotation": "0",
            "Throw_Detach": "0",
            "forcegravity": "1",
            "velocity": "1",
            "angularvelocity": "1"
         },
         "Smoothing": "1",
         "Smoothing_duration": "0.5",
         "attachtransform": {
            "#rotate_x": "null",
            "#rotate_y": "null",
            "#rotate_z": "null",
            "#pos_x": "null",
            "#pos_y": "null",
            "#pos_z": "null"
         },
         "XRRigidObject": {
            "value": "1",
            "mass": "100",
            "dragfriction": "5",
            "angulardrag": "4",
            "Isgravityenable": "true",
            "IsKinematic": "1",
            "CanInterpolate": "0",
            "CollisionPolling": "discreet/continousdiscreet/continous"
         },
         "aud_hasaudio": "0",
         "aud_type": "null",
         "aud_src": "null",
         "aud_volume": "null",
         "aud_PlayInloop": "0",
         "aud_IsSurround": "0",
         "aud_Dopplerlevel": "null",
         "aud_spread": "null",
         "aud_mindist": "null",
         "aud_maxdist": "null",
         "_Opttxt1": "null",
         "@context_img_source": "blank"
      },
      {
         "_objectname": "Team_Player_9",
         "_sid": "_playersetter9",
         "_slabel": "This is a team player",
         "_IsHidden": 0,
         "_enumcount": 1,
         "_Is3DObject": 1,
         "HasChild": 0,
         "shape": "cuboid",
         "dimension": {
            "dradii": 0,
            "dvolumn": "0.255",
            "dlength": "0.3",
            "dbreadth": "0.5",
            "dheigth": "1.7"
         },
         "IsText": false,
         "IsText3D": false,
         "lighting": {
            "CastShadow": "1",
            "ReceiveShadow": "1",
            "ContributeGlobalIlumination": "0"
         },
         "IsIlluminate": true,
         "Transform_initialpos": {
            "#x_initialpos": "33",
            "#y_initialpos": "52",
            "#z_initialpos": "0.85"
         },
         "Transform_initialrotation": {
            "#x_initialrotation": "0",
            "#y_initialrotation": "0",
            "#z_initialrotation": "0"
         },
         "Transform_objectscale": {
            "#x_objectscale": "0",
            "#y_objectscale": "0",
            "#z_objectscale": "0"
         },
         "repeattransfrom": {
            "distfactorx": "null",
            "distfactory": "null",
            "distfactorz": "null"
         },
         "Interaction": {
            "XRGrabInteractable": "0",
            "XRInteractionMaskLayer": "nothing/everything/custom",
            "TrackPosition": "0",
            "TrackRotation": "0",
            "Throw_Detach": "0",
            "forcegravity": "1",
            "velocity": "1",
            "angularvelocity": "1"
         },
         "Smoothing": "1",
         "Smoothing_duration": "0.5",
         "attachtransform": {
            "#rotate_x": "null",
            "#rotate_y": "null",
            "#rotate_z": "null",
            "#pos_x": "null",
            "#pos_y": "null",
            "#pos_z": "null"
         },
         "XRRigidObject": {
            "value": "1",
            "mass": "100",
            "dragfriction": "5",
            "angulardrag": "4",
            "Isgravityenable": "true",
            "IsKinematic": "1",
            "CanInterpolate": "0",
            "CollisionPolling": "discreet/continousdiscreet/continous"
         },
         "aud_hasaudio": "0",
         "aud_type": "null",
         "aud_src": "null",
         "aud_volume": "null",
         "aud_PlayInloop": "0",
         "aud_IsSurround": "0",
         "aud_Dopplerlevel": "null",
         "aud_spread": "null",
         "aud_mindist": "null",
         "aud_maxdist": "null",
         "_Opttxt1": "null",
         "@context_img_source": "blank"
      },
      {
         "_objectname": "Team_Player_10",
         "_sid": "_playersetter10",
         "_slabel": "This is a team player",
         "_IsHidden": 0,
         "_enumcount": 1,
         "_Is3DObject": 1,
         "HasChild": 0,
         "shape": "cuboid",
         "dimension": {
            "dradii": 0,
            "dvolumn": "0.255",
            "dlength": "0.3",
            "dbreadth": "0.5",
            "dheigth": "1.7"
         },
         "IsText": false,
         "IsText3D": false,
         "lighting": {
            "CastShadow": "1",
            "ReceiveShadow": "1",
            "ContributeGlobalIlumination": "0"
         },
         "IsIlluminate": true,
         "Transform_initialpos": {
            "#x_initialpos": "44",
            "#y_initialpos": "20",
            "#z_initialpos": "0.85"
         },
         "Transform_initialrotation": {
            "#x_initialrotation": "0",
            "#y_initialrotation": "0",
            "#z_initialrotation": "0"
         },
         "Transform_objectscale": {
            "#x_objectscale": "0",
            "#y_objectscale": "0",
            "#z_objectscale": "0"
         },
         "repeattransfrom": {
            "distfactorx": "null",
            "distfactory": "null",
            "distfactorz": "null"
         },
         "Interaction": {
            "XRGrabInteractable": "0",
            "XRInteractionMaskLayer": "nothing/everything/custom",
            "TrackPosition": "0",
            "TrackRotation": "0",
            "Throw_Detach": "0",
            "forcegravity": "1",
            "velocity": "1",
            "angularvelocity": "1"
         },
         "Smoothing": "1",
         "Smoothing_duration": "0.5",
         "attachtransform": {
            "#rotate_x": "null",
            "#rotate_y": "null",
            "#rotate_z": "null",
            "#pos_x": "null",
            "#pos_y": "null",
            "#pos_z": "null"
         },
         "XRRigidObject": {
            "value": "1",
            "mass": "100",
            "dragfriction": "5",
            "angulardrag": "4",
            "Isgravityenable": "true",
            "IsKinematic": "1",
            "CanInterpolate": "0",
            "CollisionPolling": "discreet/continousdiscreet/continous"
         },
         "aud_hasaudio": "0",
         "aud_type": "null",
         "aud_src": "null",
         "aud_volume": "null",
         "aud_PlayInloop": "0",
         "aud_IsSurround": "0",
         "aud_Dopplerlevel": "null",
         "aud_spread": "null",
         "aud_mindist": "null",
         "aud_maxdist": "null",
         "_Opttxt1": "null",
         "@context_img_source": "blank"
      },
      {
         "_objectname": "Team_Player_11",
         "_sid": "_playersetter11",
         "_slabel": "This is a team player",
         "_IsHidden": 0,
         "_enumcount": 1,
         "_Is3DObject": 1,
         "HasChild": 0,
         "shape": "cuboid",
         "dimension": {
            "dradii": 0,
            "dvolumn": "0.255",
            "dlength": "0.3",
            "dbreadth": "0.5",
            "dheigth": "1.7"
         },
         "IsText": false,
         "IsText3D": false,
         "lighting": {
            "CastShadow": "1",
            "ReceiveShadow": "1",
            "ContributeGlobalIlumination": "0"
         },
         "IsIlluminate": true,
         "Transform_initialpos": {
            "#x_initialpos": "44",
            "#y_initialpos": "40",
            "#z_initialpos": "0.85"
         },
         "Transform_initialrotation": {
            "#x_initialrotation": "0",
            "#y_initialrotation": "0",
            "#z_initialrotation": "0"
         },
         "Transform_objectscale": {
            "#x_objectscale": "0",
            "#y_objectscale": "0",
            "#z_objectscale": "0"
         },
         "repeattransfrom": {
            "distfactorx": "null",
            "distfactory": "null",
            "distfactorz": "null"
         },
         "Interaction": {
            "XRGrabInteractable": "0",
            "XRInteractionMaskLayer": "nothing/everything/custom",
            "TrackPosition": "0",
            "TrackRotation": "0",
            "Throw_Detach": "0",
            "forcegravity": "1",
            "velocity": "1",
            "angularvelocity": "1"
         },
         "Smoothing": "1",
         "Smoothing_duration": "0.5",
         "attachtransform": {
            "#rotate_x": "null",
            "#rotate_y": "null",
            "#rotate_z": "null",
            "#pos_x": "null",
            "#pos_y": "null",
            "#pos_z": "null"
         },
         "XRRigidObject": {
            "value": "1",
            "mass": "100",
            "dragfriction": "5",
            "angulardrag": "4",
            "Isgravityenable": "true",
            "IsKinematic": "1",
            "CanInterpolate": "0",
            "CollisionPolling": "discreet/continousdiscreet/continous"
         },
         "aud_hasaudio": "0",
         "aud_type": "null",
         "aud_src": "null",
         "aud_volume": "null",
         "aud_PlayInloop": "0",
         "aud_IsSurround": "0",
         "aud_Dopplerlevel": "null",
         "aud_spread": "null",
         "aud_mindist": "null",
         "aud_maxdist": "null",
         "_Opttxt1": "null",
         "@context_img_source": "blank"
      },
      {
         "_objectname": "Opponent_Player_1",
         "_sid": "_opponentsetter1",
         "_slabel": "This is a team player",
         "_IsHidden": 0,
         "_enumcount": 1,
         "_Is3DObject": 1,
         "HasChild": 0,
         "shape": "cuboid",
         "dimension": {
            "dradii": 0,
            "dvolumn": "0.255",
            "dlength": "0.3",
            "dbreadth": "0.5",
            "dheigth": "1.7"
         },
         "IsText": false,
         "IsText3D": false,
         "lighting": {
            "CastShadow": "1",
            "ReceiveShadow": "1",
            "ContributeGlobalIlumination": "0"
         },
         "IsIlluminate": true,
         "Transform_initialpos": {
            "#x_initialpos": "55",
            "#y_initialpos": "20",
            "#z_initialpos": "0.85"
         },
         "Transform_initialrotation": {
            "#x_initialrotation": "0",
            "#y_initialrotation": "0",
            "#z_initialrotation": "90"
         },
         "Transform_objectscale": {
            "#x_objectscale": "0",
            "#y_objectscale": "0",
            "#z_objectscale": "0"
         },
         "repeattransfrom": {
            "distfactorx": "null",
            "distfactory": "null",
            "distfactorz": "null"
         },
         "Interaction": {
            "XRGrabInteractable": "0",
            "XRInteractionMaskLayer": "nothing/everything/custom",
            "TrackPosition": "0",
            "TrackRotation": "0",
            "Throw_Detach": "0",
            "forcegravity": "1",
            "velocity": "1",
            "angularvelocity": "1"
         },
         "Smoothing": "1",
         "Smoothing_duration": "0.5",
         "attachtransform": {
            "#rotate_x": "null",
            "#rotate_y": "null",
            "#rotate_z": "null",
            "#pos_x": "null",
            "#pos_y": "null",
            "#pos_z": "null"
         },
         "XRRigidObject": {
            "value": "1",
            "mass": "100",
            "dragfriction": "5",
            "angulardrag": "4",
            "Isgravityenable": "true",
            "IsKinematic": "1",
            "CanInterpolate": "0",
            "CollisionPolling": "discreet/continousdiscreet/continous"
         },
         "aud_hasaudio": "0",
         "aud_type": "null",
         "aud_src": "null",
         "aud_volume": "null",
         "aud_PlayInloop": "0",
         "aud_IsSurround": "0",
         "aud_Dopplerlevel": "null",
         "aud_spread": "null",
         "aud_mindist": "null",
         "aud_maxdist": "null",
         "_Opttxt1": "null",
         "@context_img_source": "blank"
      },
      {
         "_objectname": "Opponent_Player_2",
         "_sid": "_opponentsetter2",
         "_slabel": "This is a team player",
         "_IsHidden": 0,
         "_enumcount": 1,
         "_Is3DObject": 1,
         "HasChild": 0,
         "shape": "cuboid",
         "dimension": {
            "dradii": 0,
            "dvolumn": "0.255",
            "dlength": "0.3",
            "dbreadth": "0.5",
            "dheigth": "1.7"
         },
         "IsText": false,
         "IsText3D": false,
         "lighting": {
            "CastShadow": "1",
            "ReceiveShadow": "1",
            "ContributeGlobalIlumination": "0"
         },
         "IsIlluminate": true,
         "Transform_initialpos": {
            "#x_initialpos": "55",
            "#y_initialpos": "40",
            "#z_initialpos": "0.85"
         },
         "Transform_initialrotation": {
            "#x_initialrotation": "0",
            "#y_initialrotation": "0",
            "#z_initialrotation": "90"
         },
         "Transform_objectscale": {
            "#x_objectscale": "0",
            "#y_objectscale": "0",
            "#z_objectscale": "0"
         },
         "repeattransfrom": {
            "distfactorx": "null",
            "distfactory": "null",
            "distfactorz": "null"
         },
         "Interaction": {
            "XRGrabInteractable": "0",
            "XRInteractionMaskLayer": "nothing/everything/custom",
            "TrackPosition": "0",
            "TrackRotation": "0",
            "Throw_Detach": "0",
            "forcegravity": "1",
            "velocity": "1",
            "angularvelocity": "1"
         },
         "Smoothing": "1",
         "Smoothing_duration": "0.5",
         "attachtransform": {
            "#rotate_x": "null",
            "#rotate_y": "null",
            "#rotate_z": "null",
            "#pos_x": "null",
            "#pos_y": "null",
            "#pos_z": "null"
         },
         "XRRigidObject": {
            "value": "1",
            "mass": "100",
            "dragfriction": "5",
            "angulardrag": "4",
            "Isgravityenable": "true",
            "IsKinematic": "1",
            "CanInterpolate": "0",
            "CollisionPolling": "discreet/continousdiscreet/continous"
         },
         "aud_hasaudio": "0",
         "aud_type": "null",
         "aud_src": "null",
         "aud_volume": "null",
         "aud_PlayInloop": "0",
         "aud_IsSurround": "0",
         "aud_Dopplerlevel": "null",
         "aud_spread": "null",
         "aud_mindist": "null",
         "aud_maxdist": "null",
         "_Opttxt1": "null",
         "@context_img_source": "blank"
      },
      {
         "_objectname": "Opponent_Player_3",
         "_sid": "_opponentsetter3",
         "_slabel": "This is a team player",
         "_IsHidden": 0,
         "_enumcount": 1,
         "_Is3DObject": 1,
         "HasChild": 0,
         "shape": "cuboid",
         "dimension": {
            "dradii": 0,
            "dvolumn": "0.255",
            "dlength": "0.3",
            "dbreadth": "0.5",
            "dheigth": "1.7"
         },
         "IsText": false,
         "IsText3D": false,
         "lighting": {
            "CastShadow": "1",
            "ReceiveShadow": "1",
            "ContributeGlobalIlumination": "0"
         },
         "IsIlluminate": true,
         "Transform_initialpos": {
            "#x_initialpos": "66",
            "#y_initialpos": "13",
            "#z_initialpos": "0.85"
         },
         "Transform_initialrotation": {
            "#x_initialrotation": "0",
            "#y_initialrotation": "0",
            "#z_initialrotation": "90"
         },
         "Transform_objectscale": {
            "#x_objectscale": "0",
            "#y_objectscale": "0",
            "#z_objectscale": "0"
         },
         "repeattransfrom": {
            "distfactorx": "null",
            "distfactory": "null",
            "distfactorz": "null"
         },
         "Interaction": {
            "XRGrabInteractable": "0",
            "XRInteractionMaskLayer": "nothing/everything/custom",
            "TrackPosition": "0",
            "TrackRotation": "0",
            "Throw_Detach": "0",
            "forcegravity": "1",
            "velocity": "1",
            "angularvelocity": "1"
         },
         "Smoothing": "1",
         "Smoothing_duration": "0.5",
         "attachtransform": {
            "#rotate_x": "null",
            "#rotate_y": "null",
            "#rotate_z": "null",
            "#pos_x": "null",
            "#pos_y": "null",
            "#pos_z": "null"
         },
         "XRRigidObject": {
            "value": "1",
            "mass": "100",
            "dragfriction": "5",
            "angulardrag": "4",
            "Isgravityenable": "true",
            "IsKinematic": "1",
            "CanInterpolate": "0",
            "CollisionPolling": "discreet/continousdiscreet/continous"
         },
         "aud_hasaudio": "0",
         "aud_type": "null",
         "aud_src": "null",
         "aud_volume": "null",
         "aud_PlayInloop": "0",
         "aud_IsSurround": "0",
         "aud_Dopplerlevel": "null",
         "aud_spread": "null",
         "aud_mindist": "null",
         "aud_maxdist": "null",
         "_Opttxt1": "null",
         "@context_img_source": "blank"
      },
      {
         "_objectname": "Opponent_Player_4",
         "_sid": "_opponentsetter4",
         "_slabel": "This is a team player",
         "_IsHidden": 0,
         "_enumcount": 1,
         "_Is3DObject": 1,
         "HasChild": 0,
         "shape": "cuboid",
         "dimension": {
            "dradii": 0,
            "dvolumn": "0.255",
            "dlength": "0.3",
            "dbreadth": "0.5",
            "dheigth": "1.7"
         },
         "IsText": false,
         "IsText3D": false,
         "lighting": {
            "CastShadow": "1",
            "ReceiveShadow": "1",
            "ContributeGlobalIlumination": "0"
         },
         "IsIlluminate": true,
         "Transform_initialpos": {
            "#x_initialpos": "66",
            "#y_initialpos": "26",
            "#z_initialpos": "0.85"
         },
         "Transform_initialrotation": {
            "#x_initialrotation": "0",
            "#y_initialrotation": "0",
            "#z_initialrotation": "90"
         },
         "Transform_objectscale": {
            "#x_objectscale": "0",
            "#y_objectscale": "0",
            "#z_objectscale": "0"
         },
         "repeattransfrom": {
            "distfactorx": "null",
            "distfactory": "null",
            "distfactorz": "null"
         },
         "Interaction": {
            "XRGrabInteractable": "0",
            "XRInteractionMaskLayer": "nothing/everything/custom",
            "TrackPosition": "0",
            "TrackRotation": "0",
            "Throw_Detach": "0",
            "forcegravity": "1",
            "velocity": "1",
            "angularvelocity": "1"
         },
         "Smoothing": "1",
         "Smoothing_duration": "0.5",
         "attachtransform": {
            "#rotate_x": "null",
            "#rotate_y": "null",
            "#rotate_z": "null",
            "#pos_x": "null",
            "#pos_y": "null",
            "#pos_z": "null"
         },
         "XRRigidObject": {
            "value": "1",
            "mass": "100",
            "dragfriction": "5",
            "angulardrag": "4",
            "Isgravityenable": "true",
            "IsKinematic": "1",
            "CanInterpolate": "0",
            "CollisionPolling": "discreet/continousdiscreet/continous"
         },
         "aud_hasaudio": "0",
         "aud_type": "null",
         "aud_src": "null",
         "aud_volume": "null",
         "aud_PlayInloop": "0",
         "aud_IsSurround": "0",
         "aud_Dopplerlevel": "null",
         "aud_spread": "null",
         "aud_mindist": "null",
         "aud_maxdist": "null",
         "_Opttxt1": "null",
         "@context_img_source": "blank"
      },
      {
         "_objectname": "Opponent_Player_5",
         "_sid": "_opponentsetter5",
         "_slabel": "This is a team player",
         "_IsHidden": 0,
         "_enumcount": 1,
         "_Is3DObject": 1,
         "HasChild": 0,
         "shape": "cuboid",
         "dimension": {
            "dradii": 0,
            "dvolumn": "0.255",
            "dlength": "0.3",
            "dbreadth": "0.5",
            "dheigth": "1.7"
         },
         "IsText": false,
         "IsText3D": false,
         "lighting": {
            "CastShadow": "1",
            "ReceiveShadow": "1",
            "ContributeGlobalIlumination": "0"
         },
         "IsIlluminate": true,
         "Transform_initialpos": {
            "#x_initialpos": "66",
            "#y_initialpos": "39",
            "#z_initialpos": "0.85"
         },
         "Transform_initialrotation": {
            "#x_initialrotation": "0",
            "#y_initialrotation": "0",
            "#z_initialrotation": "90"
         },
         "Transform_objectscale": {
            "#x_objectscale": "0",
            "#y_objectscale": "0",
            "#z_objectscale": "0"
         },
         "repeattransfrom": {
            "distfactorx": "null",
            "distfactory": "null",
            "distfactorz": "null"
         },
         "Interaction": {
            "XRGrabInteractable": "0",
            "XRInteractionMaskLayer": "nothing/everything/custom",
            "TrackPosition": "0",
            "TrackRotation": "0",
            "Throw_Detach": "0",
            "forcegravity": "1",
            "velocity": "1",
            "angularvelocity": "1"
         },
         "Smoothing": "1",
         "Smoothing_duration": "0.5",
         "attachtransform": {
            "#rotate_x": "null",
            "#rotate_y": "null",
            "#rotate_z": "null",
            "#pos_x": "null",
            "#pos_y": "null",
            "#pos_z": "null"
         },
         "XRRigidObject": {
            "value": "1",
            "mass": "100",
            "dragfriction": "5",
            "angulardrag": "4",
            "Isgravityenable": "true",
            "IsKinematic": "1",
            "CanInterpolate": "0",
            "CollisionPolling": "discreet/continousdiscreet/continous"
         },
         "aud_hasaudio": "0",
         "aud_type": "null",
         "aud_src": "null",
         "aud_volume": "null",
         "aud_PlayInloop": "0",
         "aud_IsSurround": "0",
         "aud_Dopplerlevel": "null",
         "aud_spread": "null",
         "aud_mindist": "null",
         "aud_maxdist": "null",
         "_Opttxt1": "null",
         "@context_img_source": "blank"
      },
      {
         "_objectname": "Opponent_Player_6",
         "_sid": "_opponentsetter6",
         "_slabel": "This is a team player",
         "_IsHidden": 0,
         "_enumcount": 1,
         "_Is3DObject": 1,
         "HasChild": 0,
         "shape": "cuboid",
         "dimension": {
            "dradii": 0,
            "dvolumn": "0.255",
            "dlength": "0.3",
            "dbreadth": "0.5",
            "dheigth": "1.7"
         },
         "IsText": false,
         "IsText3D": false,
         "lighting": {
            "CastShadow": "1",
            "ReceiveShadow": "1",
            "ContributeGlobalIlumination": "0"
         },
         "IsIlluminate": true,
         "Transform_initialpos": {
            "#x_initialpos": "66",
            "#y_initialpos": "52",
            "#z_initialpos": "0.85"
         },
         "Transform_initialrotation": {
            "#x_initialrotation": "0",
            "#y_initialrotation": "0",
            "#z_initialrotation": "90"
         },
         "Transform_objectscale": {
            "#x_objectscale": "0",
            "#y_objectscale": "0",
            "#z_objectscale": "0"
         },
         "repeattransfrom": {
            "distfactorx": "null",
            "distfactory": "null",
            "distfactorz": "null"
         },
         "Interaction": {
            "XRGrabInteractable": "0",
            "XRInteractionMaskLayer": "nothing/everything/custom",
            "TrackPosition": "0",
            "TrackRotation": "0",
            "Throw_Detach": "0",
            "forcegravity": "1",
            "velocity": "1",
            "angularvelocity": "1"
         },
         "Smoothing": "1",
         "Smoothing_duration": "0.5",
         "attachtransform": {
            "#rotate_x": "null",
            "#rotate_y": "null",
            "#rotate_z": "null",
            "#pos_x": "null",
            "#pos_y": "null",
            "#pos_z": "null"
         },
         "XRRigidObject": {
            "value": "1",
            "mass": "100",
            "dragfriction": "5",
            "angulardrag": "4",
            "Isgravityenable": "true",
            "IsKinematic": "1",
            "CanInterpolate": "0",
            "CollisionPolling": "discreet/continousdiscreet/continous"
         },
         "aud_hasaudio": "0",
         "aud_type": "null",
         "aud_src": "null",
         "aud_volume": "null",
         "aud_PlayInloop": "0",
         "aud_IsSurround": "0",
         "aud_Dopplerlevel": "null",
         "aud_spread": "null",
         "aud_mindist": "null",
         "aud_maxdist": "null",
         "_Opttxt1": "null",
         "@context_img_source": "blank"
      },
      {
         "_objectname": "Opponent_Player_7",
         "_sid": "_opponentsetter7",
         "_slabel": "This is a team player",
         "_IsHidden": 0,
         "_enumcount": 1,
         "_Is3DObject": 1,
         "HasChild": 0,
         "shape": "cuboid",
         "dimension": {
            "dradii": 0,
            "dvolumn": "0.255",
            "dlength": "0.3",
            "dbreadth": "0.5",
            "dheigth": "1.7"
         },
         "IsText": false,
         "IsText3D": false,
         "lighting": {
            "CastShadow": "1",
            "ReceiveShadow": "1",
            "ContributeGlobalIlumination": "0"
         },
         "IsIlluminate": true,
         "Transform_initialpos": {
            "#x_initialpos": "77",
            "#y_initialpos": "13",
            "#z_initialpos": "0.85"
         },
         "Transform_initialrotation": {
            "#x_initialrotation": "0",
            "#y_initialrotation": "0",
            "#z_initialrotation": "90"
         },
         "Transform_objectscale": {
            "#x_objectscale": "0",
            "#y_objectscale": "0",
            "#z_objectscale": "0"
         },
         "repeattransfrom": {
            "distfactorx": "null",
            "distfactory": "null",
            "distfactorz": "null"
         },
         "Interaction": {
            "XRGrabInteractable": "0",
            "XRInteractionMaskLayer": "nothing/everything/custom",
            "TrackPosition": "0",
            "TrackRotation": "0",
            "Throw_Detach": "0",
            "forcegravity": "1",
            "velocity": "1",
            "angularvelocity": "1"
         },
         "Smoothing": "1",
         "Smoothing_duration": "0.5",
         "attachtransform": {
            "#rotate_x": "null",
            "#rotate_y": "null",
            "#rotate_z": "null",
            "#pos_x": "null",
            "#pos_y": "null",
            "#pos_z": "null"
         },
         "XRRigidObject": {
            "value": "1",
            "mass": "100",
            "dragfriction": "5",
            "angulardrag": "4",
            "Isgravityenable": "true",
            "IsKinematic": "1",
            "CanInterpolate": "0",
            "CollisionPolling": "discreet/continousdiscreet/continous"
         },
         "aud_hasaudio": "0",
         "aud_type": "null",
         "aud_src": "null",
         "aud_volume": "null",
         "aud_PlayInloop": "0",
         "aud_IsSurround": "0",
         "aud_Dopplerlevel": "null",
         "aud_spread": "null",
         "aud_mindist": "null",
         "aud_maxdist": "null",
         "_Opttxt1": "null",
         "@context_img_source": "blank"
      },
      {
         "_objectname": "Opponent_Player_8",
         "_sid": "_opponentsetter8",
         "_slabel": "This is a team player",
         "_IsHidden": 0,
         "_enumcount": 1,
         "_Is3DObject": 1,
         "HasChild": 0,
         "shape": "cuboid",
         "dimension": {
            "dradii": 0,
            "dvolumn": "0.255",
            "dlength": "0.3",
            "dbreadth": "0.5",
            "dheigth": "1.7"
         },
         "IsText": false,
         "IsText3D": false,
         "lighting": {
            "CastShadow": "1",
            "ReceiveShadow": "1",
            "ContributeGlobalIlumination": "0"
         },
         "IsIlluminate": true,
         "Transform_initialpos": {
            "#x_initialpos": "77",
            "#y_initialpos": "26",
            "#z_initialpos": "0.85"
         },
         "Transform_initialrotation": {
            "#x_initialrotation": "0",
            "#y_initialrotation": "0",
            "#z_initialrotation": "90"
         },
         "Transform_objectscale": {
            "#x_objectscale": "0",
            "#y_objectscale": "0",
            "#z_objectscale": "0"
         },
         "repeattransfrom": {
            "distfactorx": "null",
            "distfactory": "null",
            "distfactorz": "null"
         },
         "Interaction": {
            "XRGrabInteractable": "0",
            "XRInteractionMaskLayer": "nothing/everything/custom",
            "TrackPosition": "0",
            "TrackRotation": "0",
            "Throw_Detach": "0",
            "forcegravity": "1",
            "velocity": "1",
            "angularvelocity": "1"
         },
         "Smoothing": "1",
         "Smoothing_duration": "0.5",
         "attachtransform": {
            "#rotate_x": "null",
            "#rotate_y": "null",
            "#rotate_z": "null",
            "#pos_x": "null",
            "#pos_y": "null",
            "#pos_z": "null"
         },
         "XRRigidObject": {
            "value": "1",
            "mass": "100",
            "dragfriction": "5",
            "angulardrag": "4",
            "Isgravityenable": "true",
            "IsKinematic": "1",
            "CanInterpolate": "0",
            "CollisionPolling": "discreet/continousdiscreet/continous"
         },
         "aud_hasaudio": "0",
         "aud_type": "null",
         "aud_src": "null",
         "aud_volume": "null",
         "aud_PlayInloop": "0",
         "aud_IsSurround": "0",
         "aud_Dopplerlevel": "null",
         "aud_spread": "null",
         "aud_mindist": "null",
         "aud_maxdist": "null",
         "_Opttxt1": "null",
         "@context_img_source": "blank"
      },
      {
         "_objectname": "Opponent_Player_9",
         "_sid": "_opponentsetter9",
         "_slabel": "This is a team player",
         "_IsHidden": 0,
         "_enumcount": 1,
         "_Is3DObject": 1,
         "HasChild": 0,
         "shape": "cuboid",
         "dimension": {
            "dradii": 0,
            "dvolumn": "0.255",
            "dlength": "0.3",
            "dbreadth": "0.5",
            "dheigth": "1.7"
         },
         "IsText": false,
         "IsText3D": false,
         "lighting": {
            "CastShadow": "1",
            "ReceiveShadow": "1",
            "ContributeGlobalIlumination": "0"
         },
         "IsIlluminate": true,
         "Transform_initialpos": {
            "#x_initialpos": "77",
            "#y_initialpos": "39",
            "#z_initialpos": "0.85"
         },
         "Transform_initialrotation": {
            "#x_initialrotation": "0",
            "#y_initialrotation": "0",
            "#z_initialrotation": "90"
         },
         "Transform_objectscale": {
            "#x_objectscale": "0",
            "#y_objectscale": "0",
            "#z_objectscale": "0"
         },
         "repeattransfrom": {
            "distfactorx": "null",
            "distfactory": "null",
            "distfactorz": "null"
         },
         "Interaction": {
            "XRGrabInteractable": "0",
            "XRInteractionMaskLayer": "nothing/everything/custom",
            "TrackPosition": "0",
            "TrackRotation": "0",
            "Throw_Detach": "0",
            "forcegravity": "1",
            "velocity": "1",
            "angularvelocity": "1"
         },
         "Smoothing": "1",
         "Smoothing_duration": "0.5",
         "attachtransform": {
            "#rotate_x": "null",
            "#rotate_y": "null",
            "#rotate_z": "null",
            "#pos_x": "null",
            "#pos_y": "null",
            "#pos_z": "null"
         },
         "XRRigidObject": {
            "value": "1",
            "mass": "100",
            "dragfriction": "5",
            "angulardrag": "4",
            "Isgravityenable": "true",
            "IsKinematic": "1",
            "CanInterpolate": "0",
            "CollisionPolling": "discreet/continousdiscreet/continous"
         },
         "aud_hasaudio": "0",
         "aud_type": "null",
         "aud_src": "null",
         "aud_volume": "null",
         "aud_PlayInloop": "0",
         "aud_IsSurround": "0",
         "aud_Dopplerlevel": "null",
         "aud_spread": "null",
         "aud_mindist": "null",
         "aud_maxdist": "null",
         "_Opttxt1": "null",
         "@context_img_source": "blank"
      },
      {
         "_objectname": "Opponent_Player_10",
         "_sid": "_opponentsetter10",
         "_slabel": "This is a team player",
         "_IsHidden": 0,
         "_enumcount": 1,
         "_Is3DObject": 1,
         "HasChild": 0,
         "shape": "cuboid",
         "dimension": {
            "dradii": 0,
            "dvolumn": "0.255",
            "dlength": "0.3",
            "dbreadth": "0.5",
            "dheigth": "1.7"
         },
         "IsText": false,
         "IsText3D": false,
         "lighting": {
            "CastShadow": "1",
            "ReceiveShadow": "1",
            "ContributeGlobalIlumination": "0"
         },
         "IsIlluminate": true,
         "Transform_initialpos": {
            "#x_initialpos": "77",
            "#y_initialpos": "52",
            "#z_initialpos": "0.85"
         },
         "Transform_initialrotation": {
            "#x_initialrotation": "0",
            "#y_initialrotation": "0",
            "#z_initialrotation": "90"
         },
         "Transform_objectscale": {
            "#x_objectscale": "0",
            "#y_objectscale": "0",
            "#z_objectscale": "0"
         },
         "repeattransfrom": {
            "distfactorx": "null",
            "distfactory": "null",
            "distfactorz": "null"
         },
         "Interaction": {
            "XRGrabInteractable": "0",
            "XRInteractionMaskLayer": "nothing/everything/custom",
            "TrackPosition": "0",
            "TrackRotation": "0",
            "Throw_Detach": "0",
            "forcegravity": "1",
            "velocity": "1",
            "angularvelocity": "1"
         },
         "Smoothing": "1",
         "Smoothing_duration": "0.5",
         "attachtransform": {
            "#rotate_x": "null",
            "#rotate_y": "null",
            "#rotate_z": "null",
            "#pos_x": "null",
            "#pos_y": "null",
            "#pos_z": "null"
         },
         "XRRigidObject": {
            "value": "1",
            "mass": "100",
            "dragfriction": "5",
            "angulardrag": "4",
            "Isgravityenable": "true",
            "IsKinematic": "1",
            "CanInterpolate": "0",
            "CollisionPolling": "discreet/continousdiscreet/continous"
         },
         "aud_hasaudio": "0",
         "aud_type": "null",
         "aud_src": "null",
         "aud_volume": "null",
         "aud_PlayInloop": "0",
         "aud_IsSurround": "0",
         "aud_Dopplerlevel": "null",
         "aud_spread": "null",
         "aud_mindist": "null",
         "aud_maxdist": "null",
         "_Opttxt1": "null",
         "@context_img_source": "blank"
      },
      {
         "_objectname": "Opponent_Player_11",
         "_sid": "_opponentsetter11",
         "_slabel": "This is a team player",
         "_IsHidden": 0,
         "_enumcount": 1,
         "_Is3DObject": 1,
         "HasChild": 0,
         "shape": "cuboid",
         "dimension": {
            "dradii": 0,
            "dvolumn": "0.255",
            "dlength": "0.3",
            "dbreadth": "0.5",
            "dheigth": "1.7"
         },
         "IsText": false,
         "IsText3D": false,
         "lighting": {
            "CastShadow": "1",
            "ReceiveShadow": "1",
            "ContributeGlobalIlumination": "0"
         },
         "IsIlluminate": true,
         "Transform_initialpos": {
            "#x_initialpos": "88",
            "#y_initialpos": "32.5",
            "#z_initialpos": "0.85"
         },
         "Transform_initialrotation": {
            "#x_initialrotation": "0",
            "#y_initialrotation": "0",
            "#z_initialrotation": "90"
         },
         "Transform_objectscale": {
            "#x_objectscale": "0",
            "#y_objectscale": "0",
            "#z_objectscale": "0"
         },
         "repeattransfrom": {
            "distfactorx": "null",
            "distfactory": "null",
            "distfactorz": "null"
         },
         "Interaction": {
            "XRGrabInteractable": "0",
            "XRInteractionMaskLayer": "nothing/everything/custom",
            "TrackPosition": "0",
            "TrackRotation": "0",
            "Throw_Detach": "0",
            "forcegravity": "1",
            "velocity": "1",
            "angularvelocity": "1"
         },
         "Smoothing": "1",
         "Smoothing_duration": "0.5",
         "attachtransform": {
            "#rotate_x": "null",
            "#rotate_y": "null",
            "#rotate_z": "null",
            "#pos_x": "null",
            "#pos_y": "null",
            "#pos_z": "null"
         },
         "XRRigidObject": {
            "value": "1",
            "mass": "100",
            "dragfriction": "5",
            "angulardrag": "4",
            "Isgravityenable": "true",
            "IsKinematic": "1",
            "CanInterpolate": "0",
            "CollisionPolling": "discreet/continousdiscreet/continous"
         },
         "aud_hasaudio": "0",
         "aud_type": "null",
         "aud_src": "null",
         "aud_volume": "null",
         "aud_PlayInloop": "0",
         "aud_IsSurround": "0",
         "aud_Dopplerlevel": "null",
         "aud_spread": "null",
         "aud_mindist": "null",
         "aud_maxdist": "null",
         "_Opttxt1": "null",
         "@context_img_source": "blank"
      }

   ]
}