{
   "_scenename": "Football Game",
   "_sid": "1",
   "_slabel": "Football_Game",
   "_playarea": {
      "#pid": "1",
      "#length_playarea": "120",
      "#breadth_playarea": "80",
      "#height_playarea": "70",
      "#comment": "Length in meters",
      "#x_scenecenter": 60,
      "#y_scenecenter": 40,
      "#z_scenecenter": 35

   },
   "_camera": {
      "IsSceneObject": true,
      "trackingorigin": "floor"
   },
   "_initialcamerapos": {
      "#x_initialcamerapos": 50,
      "#y_initialcamerapos": 33,
      "#z_initialcamerapos": 10
   },
   "_viewport": {
      "#x_viewport": 0,
      "#y_viewport": 0,
      "#w_viewport": 2,
      "#h_viewport": 2
   },
   "_clippingplane": {
      "near_cp": 0.05,
      "far_cp": 200
   },
   "_horizon": true,
   "_dof": 3,
   "_skybox": 1,
   "_controllers": {
      "type": "foot",
      "raycast": true,
      "raydistance": 10,
      "raythinkness": 1,
      "raycolor": "#00ff00",
      "raytype": "laser"
   },
   "_gravity": {
      "value": 9.8
   },
   "_interaction": true,
   "_nestedscene": {
      "#value": false,
      "#scenecount": 0,
      "#sid_order": 0
   },
   "_audio": true,
   "_timeline": true,
   "_Opttxt1": "null",
   "@context_mock": "_blank",
   "usertype": [{
         "type": "single",
         "uplayarea": {
            "#length_uplayarea": 100,
            "#breadth_uplayarea": 65,
            "#height_uplayarea": 70
         },
         "initialupos": {
            "#x_initialupos": 50,
            "#y_initialupos": 32.5,
            "#z_initialupos": 0.8
         },
         "uplayareacenter": {
            "#x_uplayareacenter": 60,
            "#y_uplayareacenter": 40,
            "#z_uplayareacenter": 0
         }
      },
      {
         "type": "multi",
         "uplayarea": {
            "#length_uplayarea": 100,
            "#breadth_uplayarea": 65,
            "#height_uplayarea": 20
         },
         "initialupos": {
            "#x_initialupos": 50,
            "#y_initialupos": 32.5,
            "#z_initialupos": 0.8
         },
         "uplayareacenter": {
            "#x_uplayareacenter": 60,
            "#y_uplayareacenter": 40,
            "#z_uplayareacenter": 0
         }
      }
   ]
}