{

	"animate_trigSync": {
		"tsyncid": 21,
		"tsOntrigger": true,
		"SyncObjList": [],
		"tSyncNote": "All objects can be loaded asynchronously."
	},
	"animate_nontrigSync": {
		"ntsyncid": 22,
		"ntsOntrigger": false,
		"ntSyncObjList": [],
		"ntSyncNote": "All objects can be loaded asynchronously."
	},
	"animate_trigAsync": {
		"tasyncid": 23,
		"taOntrigger": true,
		"tAsyncObjList": ["_football", "_playersetter1", "_playersetter2", "_playersetter3", "_playersetter4", "_playersetter5", "_playersetter6", "_playersetter7", "_playersetter8", "_playersetter9", "_playersetter10", "_playersetter11", "_opponentsetter1", "_opponentsetter2", "_opponentsetter3", "_opponentsetter4", "_opponentsetter5", "_opponentsetter6", "_opponentsetter7", "_opponentsetter8", "_opponentsetter9", "_opponentsetter10", "_opponentsetter11"],
		"tAsyncNote": "All the players change their state (position, velocity, etc) based on the position of the ball."
	},
	"animate_nontrigAsync": {
		"ntasyncid": 24,
		"ntaOntrigger": false,
		"ntAsyncObjList": ["_scoreboard", "_goalpostsetter1", "_goalpostsetter2", "_ground"],
		"ntAsyncNote": "These objects dont change their physical properties like shape or position."
	},


	"routine": [{
		"routeid": 11,
		"starttime": "00:00:00",
		"endtime": "02:00:00",
		"order": [21, 22, 23, 24]
	}]



}