{
    "ObjAction": [
        {
            "actresid": "bat_ball",
            "sourceObj": "_cricketBat",
            "targetObj": "_cricketball",
            "IsCollision": true,
            "response": "natural/custom",
            "comment": "When the bat hits the ball, the ball moves according to physics caluclated by the engine",
            "Syncronous": true,
            "repeatactionfor": ""
        },
        {
            "actresid": "bat_wicket",
            "sourceObj": "_cricketBat",
            "targetObj": "_wickets0",
            "IsCollision": true,
            "response": "natural/custom",
            "comment": "When the bat hits the wicket, the batsman is out and other operations are performed",
            "Syncronous": true,
            "repeatactionfor": ""
        },
        {
            "actresid": "ball_wicket",
            "sourceObj": "_cricketball",
            "targetObj": "_wickets0",
            "IsCollision": true,
            "response": "natural/custom",
            "comment": "When the ball hits the wicket, the batsman is out and other operations are performed",
            "Syncronous": true,
            "repeatactionfor": ""
        },
        {
            "actresid": "ball_fielder",
            "sourceObj": "_cricketball",
            "targetObj": "_fielder1",
            "IsCollision": true,
            "response": "natural/custom",
            "comment": "When the fielder catches ball, the batsman is out and other operations are performed",
            "Syncronous": true,
            "repeatactionfor": "_fielder2,_fielder3,_fielder4,_fielder5,_fielder6,_fielder7,_fielder8,_fielder9"
        },
        {
            "actresid": "ball_wicketkeeper",
            "sourceObj": "_cricketball",
            "targetObj": "_wicketkeeper",
            "IsCollision": true,
            "response": "natural/custom",
            "comment": "When the wicketkeeper catches the ball, corresponding operations are performed",
            "Syncronous": true,
            "repeatactionfor": ""
        },
        {
            "actresid": "ball_boundary",
            "sourceObj": "_cricketball",
            "targetObj": "Brope",
            "IsCollision": true,
            "response": "natural/custom",
            "comment": "When the ball crosses the boundary, or touches it, score gets updated accordingly",
            "Syncronous": true,
            "repeatactionfor": ""
        },
        {
            "actresid": "ball_umpire",
            "sourceObj": "_cricketball",
            "targetObj": "CricketUmpire",
            "IsCollision": false,
            "response": "passthrough",
            "comment": "Ball passes through the umpire",
            "Syncronous": true,
            "repeatactionfor": ""
        },
        {
            "actresid": "bat_ball",
            "sourceObj": "_cricketBat",
            "targetObj": "_cricketball",
            "IsCollision": true,
            "response": "natural/custom",
            "comment": "When the bat hits the ball, the ball moves according to physics caluclated by the engine",
            "Syncronous": true,
            "repeatactionfor": ""
        },
        {
            "actresid": "bat_nonstriker",
            "sourceObj": "_cricketBat",
            "targetObj": "_nonstriker",
            "IsCollision": false,
            "response": "natural/custom",
            "comment": "Runs will be calculated according to the movement of bat and the non-striker",
            "Syncronous": true,
            "repeatactionfor": ""
        }
    ]
}