{
   "articles": [
      {
         "_objectname": "Ball",
         "_sid": "_cricketball",
         "_slabel": "This is used for bowling in cricket",
         "_IsHidden": 0,
         "_enumcount": 1,
         "_Is3DObject": 1,
         "HasChild": 0,
         "shape": "sphere",
         "dimension": {
            "dradii": 3.5,
            "dvolumn": "179.5",
            "dlength": "null",
            "dbreadth": "null",
            "dheigth": "null"
         },
         "IsText": false,
         "IsText3D": false,
         "lighting": {
            "CastShadow": "1",
            "ReceiveShadow": "1",
            "ContributeGlobalIlumination": "1"
         },
         "IsIlluminate": false,
         "Transform_initialpos": {
            "#x_initialpos": "2200",
            "#y_initialpos": "180",
            "#z_initialpos": "20"
         },
         "Transform_initialrotation": {
            "#x_initialrotation": "0",
            "#y_initialrotation": "0",
            "#z_initialrotation": "0"
         },
         "Transform_objectscale": {
            "#x_objectscale": "0",
            "#y_objectscale": "0",
            "#z_objectscale": "0"
         },
         "repeattransfrom": {
            "distfactorx": "null",
            "distfactory": "null",
            "distfactorz": "null"
         },
         "Interaction": {
            "XRGrabInteractable": "1",
            "XRInteractionMaskLayer": "custom",
            "TrackPosition": "1",
            "TrackRotation": "1",
            "Throw_Detach": "1",
            "forcegravity": "1",
            "velocity": "1",
            "angularvelocity": "1"
         },
         "Smoothing": "1",
         "Smoothing_duration": "0.5",
         "attachtransform": {
            "#rotate_x": "null",
            "#rotate_y": "null",
            "#rotate_z": "null",
            "#pos_x": "null",
            "#pos_y": "null",
            "#pos_z": "null"
         },
         "XRRigidObject": {
            "value": "9",
            "mass": "0.2",
            "dragfriction": "5",
            "angulardrag": "3",
            "Isgravityenable": "true",
            "IsKinematic": "1",
            "CanInterpolate": "0",
            "CollisionPolling": "discreet"
         },
         "aud_hasaudio": "1",
         "aud_type": "dynamic",
         "aud_src": "/path",
         "aud_volume": "8",
         "aud_PlayInloop": "0",
         "aud_IsSurround": "0",
         "aud_Dopplerlevel": "0.9",
         "aud_spread": "null",
         "aud_mindist": "0.01",
         "aud_maxdist": "100",
         "_Opttxt1": "null",
         "@context_img_source": "blank"
      },
      {
         "_objectname": "Scoreboard",
         "_sid": "_scoreboard",
         "_slabel": "This is used to display score for the audience in the stadium",
         "_IsHidden": 0,
         "_enumcount": 1,
         "_Is3DObject": 0,
         "HasChild": 0,
         "shape": "rectangle",
         "dimension": {
            "dradii": 0,
            "dvolumn": "null",
            "dlength": "900",
            "dbreadth": "300",
            "dheigth": "null"
         },
         "IsText": false,
         "IsText3D": false,
         "lighting": {
            "CastShadow": "0",
            "ReceiveShadow": "0",
            "ContributeGlobalIlumination": "1"
         },
         "IsIlluminate": true,
         "Transform_initialpos": {
            "#x_initialpos": "0",
            "#y_initialpos": "5000",
            "#z_initialpos": "7100"
         },
         "Transform_initialrotation": {
            "#x_initialrotation": "0",
            "#y_initialrotation": "0",
            "#z_initialrotation": "0"
         },
         "Transform_objectscale": {
            "#x_objectscale": "0",
            "#y_objectscale": "0",
            "#z_objectscale": "0"
         },
         "repeattransfrom": {
            "distfactorx": "null",
            "distfactory": "null",
            "distfactorz": "null"
         },
         "Interaction": {
            "XRGrabInteractable": "0",
            "XRInteractionMaskLayer": "nothing",
            "TrackPosition": "0",
            "TrackRotation": "0",
            "Throw_Detach": "0",
            "forcegravity": "0",
            "velocity": "0",
            "angularvelocity": "0"
         },
         "Smoothing": "0",
         "Smoothing_duration": "0",
         "attachtransform": {
            "#rotate_x": "null",
            "#rotate_y": "null",
            "#rotate_z": "null",
            "#pos_x": "null",
            "#pos_y": "null",
            "#pos_z": "null"
         },
         "XRRigidObject": {
            "value": "10",
            "mass": "100",
            "dragfriction": "0",
            "angulardrag": "0",
            "Isgravityenable": "0",
            "IsKinematic": "0",
            "CanInterpolate": "0",
            "CollisionPolling": "discreet"
         },
         "aud_hasaudio": "0",
         "aud_type": "null",
         "aud_src": "null",
         "aud_volume": "null",
         "aud_PlayInloop": "0",
         "aud_IsSurround": "0",
         "aud_Dopplerlevel": "0",
         "aud_spread": "null",
         "aud_mindist": "null",
         "aud_maxdist": "null",
         "_Opttxt1": "null",
         "@context_img_source": "blank"
      },
      {
         "_objectname": "bowler",
         "_sid": "_bowler",
         "_slabel": "this is the bowler who bowls",
         "_IsHidden": 0,
         "_enumcount": 1,
         "_Is3DObject": 1,
         "HasChild": 0,
         "shape": "humanoid",
         "dimension": {
            "dradii": 0,
            "dvolumn": "null",
            "dlength": "null",
            "dbreadth": "60",
            "dheigth": "180"
         },
         "IsText": false,
         "IsText3D": false,
         "lighting": {
            "CastShadow": "1",
            "ReceiveShadow": "1",
            "ContributeGlobalIlumination": "1"
         },
         "IsIlluminate": false,
         "Transform_initialpos": {
            "#x_initialpos": "2200",
            "#y_initialpos": "0",
            "#z_initialpos": "0"
         },
         "Transform_initialrotation": {
            "#x_initialrotation": "0",
            "#y_initialrotation": "0",
            "#z_initialrotation": "0"
         },
         "Transform_objectscale": {
            "#x_objectscale": "0",
            "#y_objectscale": "0",
            "#z_objectscale": "0"
         },
         "repeattransfrom": {
            "distfactorx": "null",
            "distfactory": "null",
            "distfactorz": "null"
         },
         "Interaction": {
            "XRGrabInteractable": "0",
            "XRInteractionMaskLayer": "nothing/everything/custom",
            "TrackPosition": "1",
            "TrackRotation": "1",
            "Throw_Detach": "0",
            "forcegravity": "0",
            "velocity": "1",
            "angularvelocity": "1"
         },
         "Smoothing": "1",
         "Smoothing_duration": "0.8",
         "attachtransform": {
            "#rotate_x": "null",
            "#rotate_y": "null",
            "#rotate_z": "null",
            "#pos_x": "null",
            "#pos_y": "null",
            "#pos_z": "null"
         },
         "XRRigidObject": {
            "value": "8",
            "mass": "80",
            "dragfriction": "5",
            "angulardrag": "2",
            "Isgravityenable": "true",
            "IsKinematic": "1",
            "CanInterpolate": "0",
            "CollisionPolling": "discrete"
         },
         "aud_hasaudio": "1",
         "aud_type": "dynamic",
         "aud_src": "/path",
         "aud_volume": "3",
         "aud_PlayInloop": "0",
         "aud_IsSurround": "0",
         "aud_Dopplerlevel": "0.9",
         "aud_spread": "null",
         "aud_mindist": "0.01",
         "aud_maxdist": "100",
         "_Opttxt1": "null",
         "@context_img_source": "blank"
      },
      {
         "_objectname": "nonstriker",
         "_sid": "_nonstriker",
         "_slabel": "this is the nonstriker who stands",
         "_IsHidden": 0,
         "_enumcount": 1,
         "_Is3DObject": 1,
         "HasChild": 0,
         "shape": "humanoid",
         "dimension": {
            "dradii": 0,
            "dvolumn": "null",
            "dlength": "null",
            "dbreadth": "60",
            "dheigth": "180"
         },
         "IsText": false,
         "IsText3D": false,
         "lighting": {
            "CastShadow": "1",
            "ReceiveShadow": "1",
            "ContributeGlobalIlumination": "1"
         },
         "IsIlluminate": false,
         "Transform_initialpos": {
            "#x_initialpos": "2100",
            "#y_initialpos": "0",
            "#z_initialpos": "0"
         },
         "Transform_initialrotation": {
            "#x_initialrotation": "0",
            "#y_initialrotation": "0",
            "#z_initialrotation": "0"
         },
         "Transform_objectscale": {
            "#x_objectscale": "0",
            "#y_objectscale": "0",
            "#z_objectscale": "0"
         },
         "repeattransfrom": {
            "distfactorx": "null",
            "distfactory": "null",
            "distfactorz": "null"
         },
         "Interaction": {
            "XRGrabInteractable": "0",
            "XRInteractionMaskLayer": "nothing/everything/custom",
            "TrackPosition": "1",
            "TrackRotation": "1",
            "Throw_Detach": "0",
            "forcegravity": "0",
            "velocity": "1",
            "angularvelocity": "1"
         },
         "Smoothing": "1",
         "Smoothing_duration": "0.8",
         "attachtransform": {
            "#rotate_x": "null",
            "#rotate_y": "null",
            "#rotate_z": "null",
            "#pos_x": "null",
            "#pos_y": "null",
            "#pos_z": "null"
         },
         "XRRigidObject": {
            "value": "8",
            "mass": "80",
            "dragfriction": "5",
            "angulardrag": "2",
            "Isgravityenable": "true",
            "IsKinematic": "1",
            "CanInterpolate": "0",
            "CollisionPolling": "discrete"
         },
         "aud_hasaudio": "1",
         "aud_type": "dynamic",
         "aud_src": "/path",
         "aud_volume": "3",
         "aud_PlayInloop": "0",
         "aud_IsSurround": "0",
         "aud_Dopplerlevel": "0.9",
         "aud_spread": "null",
         "aud_mindist": "0.01",
         "aud_maxdist": "100",
         "_Opttxt1": "null",
         "@context_img_source": "blank"
      },
      {
         "_objectname": "wicketkeeper",
         "_sid": "_wicketkeeper",
         "_slabel": "this is the wicketkeeper",
         "_IsHidden": 0,
         "_enumcount": 1,
         "_Is3DObject": 1,
         "HasChild": 0,
         "shape": "humanoid",
         "dimension": {
            "dradii": 0,
            "dvolumn": "null",
            "dlength": "null",
            "dbreadth": "60",
            "dheigth": "180"
         },
         "IsText": false,
         "IsText3D": false,
         "lighting": {
            "CastShadow": "1",
            "ReceiveShadow": "1",
            "ContributeGlobalIlumination": "1"
         },
         "IsIlluminate": false,
         "Transform_initialpos": {
            "#x_initialpos": "-100",
            "#y_initialpos": "0",
            "#z_initialpos": "0"
         },
         "Transform_initialrotation": {
            "#x_initialrotation": "0",
            "#y_initialrotation": "0",
            "#z_initialrotation": "0"
         },
         "Transform_objectscale": {
            "#x_objectscale": "0",
            "#y_objectscale": "0",
            "#z_objectscale": "0"
         },
         "repeattransfrom": {
            "distfactorx": "null",
            "distfactory": "null",
            "distfactorz": "null"
         },
         "Interaction": {
            "XRGrabInteractable": "0",
            "XRInteractionMaskLayer": "nothing/everything/custom",
            "TrackPosition": "1",
            "TrackRotation": "1",
            "Throw_Detach": "0",
            "forcegravity": "1",
            "velocity": "1",
            "angularvelocity": "1"
         },
         "Smoothing": "1",
         "Smoothing_duration": "0.8",
         "attachtransform": {
            "#rotate_x": "null",
            "#rotate_y": "null",
            "#rotate_z": "null",
            "#pos_x": "null",
            "#pos_y": "null",
            "#pos_z": "null"
         },
         "XRRigidObject": {
            "value": "8",
            "mass": "80",
            "dragfriction": "5",
            "angulardrag": "2",
            "Isgravityenable": "true",
            "IsKinematic": "1",
            "CanInterpolate": "0",
            "CollisionPolling": "discrete"
         },
         "aud_hasaudio": "1",
         "aud_type": "dynamic",
         "aud_src": "/path",
         "aud_volume": "4",
         "aud_PlayInloop": "0",
         "aud_IsSurround": "0",
         "aud_Dopplerlevel": "0.9",
         "aud_spread": "null",
         "aud_mindist": "0.01",
         "aud_maxdist": "100",
         "_Opttxt1": "null",
         "@context_img_source": "blank"
      },
      {
         "_objectname": "fielder1",
         "_sid": "_fielder1",
         "_slabel": "this is fielder 1",
         "_IsHidden": 0,
         "_enumcount": 1,
         "_Is3DObject": 1,
         "HasChild": 0,
         "shape": "humanoid",
         "dimension": {
            "dradii": 0,
            "dvolumn": "null",
            "dlength": "null",
            "dbreadth": "60",
            "dheigth": "180"
         },
         "IsText": false,
         "IsText3D": false,
         "lighting": {
            "CastShadow": "1",
            "ReceiveShadow": "1",
            "ContributeGlobalIlumination": "1"
         },
         "IsIlluminate": false,
         "Transform_initialpos": {
            "#x_initialpos": "5000",
            "#y_initialpos": "0",
            "#z_initialpos": "2800"
         },
         "Transform_initialrotation": {
            "#x_initialrotation": "0",
            "#y_initialrotation": "0",
            "#z_initialrotation": "0"
         },
         "Transform_objectscale": {
            "#x_objectscale": "0",
            "#y_objectscale": "0",
            "#z_objectscale": "0"
         },
         "repeattransfrom": {
            "distfactorx": "null",
            "distfactory": "null",
            "distfactorz": "null"
         },
         "Interaction": {
            "XRGrabInteractable": "0",
            "XRInteractionMaskLayer": "nothing/everything/custom",
            "TrackPosition": "1",
            "TrackRotation": "1",
            "Throw_Detach": "0",
            "forcegravity": "1",
            "velocity": "1",
            "angularvelocity": "1"
         },
         "Smoothing": "1",
         "Smoothing_duration": "0.8",
         "attachtransform": {
            "#rotate_x": "null",
            "#rotate_y": "null",
            "#rotate_z": "null",
            "#pos_x": "null",
            "#pos_y": "null",
            "#pos_z": "null"
         },
         "XRRigidObject": {
            "value": "8",
            "mass": "80",
            "dragfriction": "5",
            "angulardrag": "2",
            "Isgravityenable": "true",
            "IsKinematic": "1",
            "CanInterpolate": "0",
            "CollisionPolling": "discrete"
         },
         "aud_hasaudio": "1",
         "aud_type": "dynamic",
         "aud_src": "/path",
         "aud_volume": "2",
         "aud_PlayInloop": "0",
         "aud_IsSurround": "0",
         "aud_Dopplerlevel": "0.9",
         "aud_spread": "null",
         "aud_mindist": "0.01",
         "aud_maxdist": "90",
         "_Opttxt1": "null",
         "@context_img_source": "blank"
      },
      {
         "_objectname": "fielder2",
         "_sid": "_fielder2",
         "_slabel": "this is fielder 2",
         "_IsHidden": 0,
         "_enumcount": 1,
         "_Is3DObject": 1,
         "HasChild": 0,
         "shape": "humanoid",
         "dimension": {
            "dradii": 0,
            "dvolumn": "null",
            "dlength": "null",
            "dbreadth": "60",
            "dheigth": "180"
         },
         "IsText": false,
         "IsText3D": false,
         "lighting": {
            "CastShadow": "1",
            "ReceiveShadow": "1",
            "ContributeGlobalIlumination": "1"
         },
         "IsIlluminate": false,
         "Transform_initialpos": {
            "#x_initialpos": "-5000",
            "#y_initialpos": "0",
            "#z_initialpos": "-2800"
         },
         "Transform_initialrotation": {
            "#x_initialrotation": "0",
            "#y_initialrotation": "0",
            "#z_initialrotation": "0"
         },
         "Transform_objectscale": {
            "#x_objectscale": "0",
            "#y_objectscale": "0",
            "#z_objectscale": "0"
         },
         "repeattransfrom": {
            "distfactorx": "null",
            "distfactory": "null",
            "distfactorz": "null"
         },
         "Interaction": {
            "XRGrabInteractable": "0",
            "XRInteractionMaskLayer": "nothing/everything/custom",
            "TrackPosition": "1",
            "TrackRotation": "1",
            "Throw_Detach": "0",
            "forcegravity": "1",
            "velocity": "1",
            "angularvelocity": "1"
         },
         "Smoothing": "1",
         "Smoothing_duration": "0.8",
         "attachtransform": {
            "#rotate_x": "null",
            "#rotate_y": "null",
            "#rotate_z": "null",
            "#pos_x": "null",
            "#pos_y": "null",
            "#pos_z": "null"
         },
         "XRRigidObject": {
            "value": "8",
            "mass": "80",
            "dragfriction": "5",
            "angulardrag": "2",
            "Isgravityenable": "true",
            "IsKinematic": "1",
            "CanInterpolate": "0",
            "CollisionPolling": "discrete"
         },
         "aud_hasaudio": "1",
         "aud_type": "dynamic",
         "aud_src": "/path",
         "aud_volume": "2",
         "aud_PlayInloop": "0",
         "aud_IsSurround": "0",
         "aud_Dopplerlevel": "0.9",
         "aud_spread": "null",
         "aud_mindist": "0.01",
         "aud_maxdist": "90",
         "_Opttxt1": "null",
         "@context_img_source": "blank"
      },
      {
         "_objectname": "fielder3",
         "_sid": "_fielder3",
         "_slabel": "this is fielder 3",
         "_IsHidden": 0,
         "_enumcount": 1,
         "_Is3DObject": 1,
         "HasChild": 0,
         "shape": "humanoid",
         "dimension": {
            "dradii": 0,
            "dvolumn": "null",
            "dlength": "null",
            "dbreadth": "60",
            "dheigth": "180"
         },
         "IsText": false,
         "IsText3D": false,
         "lighting": {
            "CastShadow": "1",
            "ReceiveShadow": "1",
            "ContributeGlobalIlumination": "1"
         },
         "IsIlluminate": false,
         "Transform_initialpos": {
            "#x_initialpos": "4000",
            "#y_initialpos": "0",
            "#z_initialpos": "3800"
         },
         "Transform_initialrotation": {
            "#x_initialrotation": "0",
            "#y_initialrotation": "0",
            "#z_initialrotation": "0"
         },
         "Transform_objectscale": {
            "#x_objectscale": "0",
            "#y_objectscale": "0",
            "#z_objectscale": "0"
         },
         "repeattransfrom": {
            "distfactorx": "null",
            "distfactory": "null",
            "distfactorz": "null"
         },
         "Interaction": {
            "XRGrabInteractable": "0",
            "XRInteractionMaskLayer": "nothing/everything/custom",
            "TrackPosition": "1",
            "TrackRotation": "1",
            "Throw_Detach": "0",
            "forcegravity": "1",
            "velocity": "1",
            "angularvelocity": "1"
         },
         "Smoothing": "1",
         "Smoothing_duration": "0.8",
         "attachtransform": {
            "#rotate_x": "null",
            "#rotate_y": "null",
            "#rotate_z": "null",
            "#pos_x": "null",
            "#pos_y": "null",
            "#pos_z": "null"
         },
         "XRRigidObject": {
            "value": "8",
            "mass": "80",
            "dragfriction": "5",
            "angulardrag": "2",
            "Isgravityenable": "true",
            "IsKinematic": "1",
            "CanInterpolate": "0",
            "CollisionPolling": "discrete"
         },
         "aud_hasaudio": "1",
         "aud_type": "dynamic",
         "aud_src": "/path",
         "aud_volume": "2",
         "aud_PlayInloop": "0",
         "aud_IsSurround": "0",
         "aud_Dopplerlevel": "0.9",
         "aud_spread": "null",
         "aud_mindist": "0.01",
         "aud_maxdist": "90",
         "_Opttxt1": "null",
         "@context_img_source": "blank"
      },
      {
         "_objectname": "fielder4",
         "_sid": "_fielder4",
         "_slabel": "this is fielder 4",
         "_IsHidden": 0,
         "_enumcount": 1,
         "_Is3DObject": 1,
         "HasChild": 0,
         "shape": "humanoid",
         "dimension": {
            "dradii": 0,
            "dvolumn": "null",
            "dlength": "null",
            "dbreadth": "60",
            "dheigth": "180"
         },
         "IsText": false,
         "IsText3D": false,
         "lighting": {
            "CastShadow": "1",
            "ReceiveShadow": "1",
            "ContributeGlobalIlumination": "1"
         },
         "IsIlluminate": false,
         "Transform_initialpos": {
            "#x_initialpos": "-4300",
            "#y_initialpos": "0",
            "#z_initialpos": "2900"
         },
         "Transform_initialrotation": {
            "#x_initialrotation": "0",
            "#y_initialrotation": "0",
            "#z_initialrotation": "0"
         },
         "Transform_objectscale": {
            "#x_objectscale": "0",
            "#y_objectscale": "0",
            "#z_objectscale": "0"
         },
         "repeattransfrom": {
            "distfactorx": "null",
            "distfactory": "null",
            "distfactorz": "null"
         },
         "Interaction": {
            "XRGrabInteractable": "0",
            "XRInteractionMaskLayer": "nothing/everything/custom",
            "TrackPosition": "1",
            "TrackRotation": "1",
            "Throw_Detach": "0",
            "forcegravity": "1",
            "velocity": "1",
            "angularvelocity": "1"
         },
         "Smoothing": "1",
         "Smoothing_duration": "0.8",
         "attachtransform": {
            "#rotate_x": "null",
            "#rotate_y": "null",
            "#rotate_z": "null",
            "#pos_x": "null",
            "#pos_y": "null",
            "#pos_z": "null"
         },
         "XRRigidObject": {
            "value": "8",
            "mass": "80",
            "dragfriction": "5",
            "angulardrag": "2",
            "Isgravityenable": "true",
            "IsKinematic": "1",
            "CanInterpolate": "0",
            "CollisionPolling": "discrete"
         },
         "aud_hasaudio": "1",
         "aud_type": "dynamic",
         "aud_src": "/path",
         "aud_volume": "2",
         "aud_PlayInloop": "0",
         "aud_IsSurround": "0",
         "aud_Dopplerlevel": "0.9",
         "aud_spread": "null",
         "aud_mindist": "0.01",
         "aud_maxdist": "90",
         "_Opttxt1": "null",
         "@context_img_source": "blank"
      },
      {
         "_objectname": "fielder5",
         "_sid": "_fielder5",
         "_slabel": "this is fielder 5",
         "_IsHidden": 0,
         "_enumcount": 1,
         "_Is3DObject": 1,
         "HasChild": 0,
         "shape": "humanoid",
         "dimension": {
            "dradii": 0,
            "dvolumn": "null",
            "dlength": "null",
            "dbreadth": "60",
            "dheigth": "180"
         },
         "IsText": false,
         "IsText3D": false,
         "lighting": {
            "CastShadow": "1",
            "ReceiveShadow": "1",
            "ContributeGlobalIlumination": "1"
         },
         "IsIlluminate": false,
         "Transform_initialpos": {
            "#x_initialpos": "-3000",
            "#y_initialpos": "0",
            "#z_initialpos": "1400"
         },
         "Transform_initialrotation": {
            "#x_initialrotation": "0",
            "#y_initialrotation": "0",
            "#z_initialrotation": "0"
         },
         "Transform_objectscale": {
            "#x_objectscale": "0",
            "#y_objectscale": "0",
            "#z_objectscale": "0"
         },
         "repeattransfrom": {
            "distfactorx": "null",
            "distfactory": "null",
            "distfactorz": "null"
         },
         "Interaction": {
            "XRGrabInteractable": "0",
            "XRInteractionMaskLayer": "nothing/everything/custom",
            "TrackPosition": "1",
            "TrackRotation": "1",
            "Throw_Detach": "0",
            "forcegravity": "1",
            "velocity": "1",
            "angularvelocity": "1"
         },
         "Smoothing": "1",
         "Smoothing_duration": "0.8",
         "attachtransform": {
            "#rotate_x": "null",
            "#rotate_y": "null",
            "#rotate_z": "null",
            "#pos_x": "null",
            "#pos_y": "null",
            "#pos_z": "null"
         },
         "XRRigidObject": {
            "value": "8",
            "mass": "80",
            "dragfriction": "5",
            "angulardrag": "2",
            "Isgravityenable": "true",
            "IsKinematic": "1",
            "CanInterpolate": "0",
            "CollisionPolling": "discrete"
         },
         "aud_hasaudio": "1",
         "aud_type": "dynamic",
         "aud_src": "/path",
         "aud_volume": "2",
         "aud_PlayInloop": "0",
         "aud_IsSurround": "0",
         "aud_Dopplerlevel": "0.9",
         "aud_spread": "null",
         "aud_mindist": "0.01",
         "aud_maxdist": "90",
         "_Opttxt1": "null",
         "@context_img_source": "blank"
      },
      {
         "_objectname": "fielder6",
         "_sid": "_fielder6",
         "_slabel": "this is fielder 6",
         "_IsHidden": 0,
         "_enumcount": 1,
         "_Is3DObject": 1,
         "HasChild": 0,
         "shape": "humanoid",
         "dimension": {
            "dradii": 0,
            "dvolumn": "null",
            "dlength": "null",
            "dbreadth": "60",
            "dheigth": "180"
         },
         "IsText": false,
         "IsText3D": false,
         "lighting": {
            "CastShadow": "1",
            "ReceiveShadow": "1",
            "ContributeGlobalIlumination": "1"
         },
         "IsIlluminate": false,
         "Transform_initialpos": {
            "#x_initialpos": "6000",
            "#y_initialpos": "0",
            "#z_initialpos": "-1400"
         },
         "Transform_initialrotation": {
            "#x_initialrotation": "0",
            "#y_initialrotation": "0",
            "#z_initialrotation": "0"
         },
         "Transform_objectscale": {
            "#x_objectscale": "0",
            "#y_objectscale": "0",
            "#z_objectscale": "0"
         },
         "repeattransfrom": {
            "distfactorx": "null",
            "distfactory": "null",
            "distfactorz": "null"
         },
         "Interaction": {
            "XRGrabInteractable": "0",
            "XRInteractionMaskLayer": "nothing/everything/custom",
            "TrackPosition": "1",
            "TrackRotation": "1",
            "Throw_Detach": "0",
            "forcegravity": "1",
            "velocity": "1",
            "angularvelocity": "1"
         },
         "Smoothing": "1",
         "Smoothing_duration": "0.8",
         "attachtransform": {
            "#rotate_x": "null",
            "#rotate_y": "null",
            "#rotate_z": "null",
            "#pos_x": "null",
            "#pos_y": "null",
            "#pos_z": "null"
         },
         "XRRigidObject": {
            "value": "8",
            "mass": "80",
            "dragfriction": "5",
            "angulardrag": "2",
            "Isgravityenable": "true",
            "IsKinematic": "1",
            "CanInterpolate": "0",
            "CollisionPolling": "discrete"
         },
         "aud_hasaudio": "1",
         "aud_type": "dynamic",
         "aud_src": "/path",
         "aud_volume": "2",
         "aud_PlayInloop": "0",
         "aud_IsSurround": "0",
         "aud_Dopplerlevel": "0.9",
         "aud_spread": "null",
         "aud_mindist": "0.01",
         "aud_maxdist": "90",
         "_Opttxt1": "null",
         "@context_img_source": "blank"
      },
      {
         "_objectname": "fielder7",
         "_sid": "_fielder7",
         "_slabel": "this is fielder 7",
         "_IsHidden": 0,
         "_enumcount": 1,
         "_Is3DObject": 1,
         "HasChild": 0,
         "shape": "humanoid",
         "dimension": {
            "dradii": 0,
            "dvolumn": "null",
            "dlength": "null",
            "dbreadth": "60",
            "dheigth": "180"
         },
         "IsText": false,
         "IsText3D": false,
         "lighting": {
            "CastShadow": "1",
            "ReceiveShadow": "1",
            "ContributeGlobalIlumination": "1"
         },
         "IsIlluminate": false,
         "Transform_initialpos": {
            "#x_initialpos": "5600",
            "#y_initialpos": "0",
            "#z_initialpos": "-3600"
         },
         "Transform_initialrotation": {
            "#x_initialrotation": "0",
            "#y_initialrotation": "0",
            "#z_initialrotation": "0"
         },
         "Transform_objectscale": {
            "#x_objectscale": "0",
            "#y_objectscale": "0",
            "#z_objectscale": "0"
         },
         "repeattransfrom": {
            "distfactorx": "null",
            "distfactory": "null",
            "distfactorz": "null"
         },
         "Interaction": {
            "XRGrabInteractable": "0",
            "XRInteractionMaskLayer": "nothing/everything/custom",
            "TrackPosition": "1",
            "TrackRotation": "1",
            "Throw_Detach": "0",
            "forcegravity": "1",
            "velocity": "1",
            "angularvelocity": "1"
         },
         "Smoothing": "1",
         "Smoothing_duration": "0.8",
         "attachtransform": {
            "#rotate_x": "null",
            "#rotate_y": "null",
            "#rotate_z": "null",
            "#pos_x": "null",
            "#pos_y": "null",
            "#pos_z": "null"
         },
         "XRRigidObject": {
            "value": "8",
            "mass": "80",
            "dragfriction": "5",
            "angulardrag": "2",
            "Isgravityenable": "true",
            "IsKinematic": "1",
            "CanInterpolate": "0",
            "CollisionPolling": "discrete"
         },
         "aud_hasaudio": "1",
         "aud_type": "dynamic",
         "aud_src": "/path",
         "aud_volume": "2",
         "aud_PlayInloop": "0",
         "aud_IsSurround": "0",
         "aud_Dopplerlevel": "0.9",
         "aud_spread": "null",
         "aud_mindist": "0.01",
         "aud_maxdist": "90",
         "_Opttxt1": "null",
         "@context_img_source": "blank"
      },
      {
         "_objectname": "fielder8",
         "_sid": "_fielder8",
         "_slabel": "this is fielder 8",
         "_IsHidden": 0,
         "_enumcount": 1,
         "_Is3DObject": 1,
         "HasChild": 0,
         "shape": "humanoid",
         "dimension": {
            "dradii": 0,
            "dvolumn": "null",
            "dlength": "null",
            "dbreadth": "60",
            "dheigth": "180"
         },
         "IsText": false,
         "IsText3D": false,
         "lighting": {
            "CastShadow": "1",
            "ReceiveShadow": "1",
            "ContributeGlobalIlumination": "1"
         },
         "IsIlluminate": false,
         "Transform_initialpos": {
            "#x_initialpos": "6900",
            "#y_initialpos": "0",
            "#z_initialpos": "-7000"
         },
         "Transform_initialrotation": {
            "#x_initialrotation": "0",
            "#y_initialrotation": "0",
            "#z_initialrotation": "0"
         },
         "Transform_objectscale": {
            "#x_objectscale": "0",
            "#y_objectscale": "0",
            "#z_objectscale": "0"
         },
         "repeattransfrom": {
            "distfactorx": "null",
            "distfactory": "null",
            "distfactorz": "null"
         },
         "Interaction": {
            "XRGrabInteractable": "0",
            "XRInteractionMaskLayer": "nothing/everything/custom",
            "TrackPosition": "1",
            "TrackRotation": "1",
            "Throw_Detach": "0",
            "forcegravity": "1",
            "velocity": "1",
            "angularvelocity": "1"
         },
         "Smoothing": "1",
         "Smoothing_duration": "0.8",
         "attachtransform": {
            "#rotate_x": "null",
            "#rotate_y": "null",
            "#rotate_z": "null",
            "#pos_x": "null",
            "#pos_y": "null",
            "#pos_z": "null"
         },
         "XRRigidObject": {
            "value": "8",
            "mass": "80",
            "dragfriction": "5",
            "angulardrag": "2",
            "Isgravityenable": "true",
            "IsKinematic": "1",
            "CanInterpolate": "0",
            "CollisionPolling": "discrete"
         },
         "aud_hasaudio": "1",
         "aud_type": "dynamic",
         "aud_src": "/path",
         "aud_volume": "2",
         "aud_PlayInloop": "0",
         "aud_IsSurround": "0",
         "aud_Dopplerlevel": "0.9",
         "aud_spread": "null",
         "aud_mindist": "0.01",
         "aud_maxdist": "90",
         "_Opttxt1": "null",
         "@context_img_source": "blank"
      },
      {
         "_objectname": "fielder9",
         "_sid": "_fielder9",
         "_slabel": "this is fielder 9",
         "_IsHidden": 0,
         "_enumcount": 1,
         "_Is3DObject": 1,
         "HasChild": 0,
         "shape": "humanoid",
         "dimension": {
            "dradii": 0,
            "dvolumn": "null",
            "dlength": "null",
            "dbreadth": "60",
            "dheigth": "180"
         },
         "IsText": false,
         "IsText3D": false,
         "lighting": {
            "CastShadow": "1",
            "ReceiveShadow": "1",
            "ContributeGlobalIlumination": "1"
         },
         "IsIlluminate": false,
         "Transform_initialpos": {
            "#x_initialpos": "4600",
            "#y_initialpos": "0",
            "#z_initialpos": "1500"
         },
         "Transform_initialrotation": {
            "#x_initialrotation": "0",
            "#y_initialrotation": "0",
            "#z_initialrotation": "0"
         },
         "Transform_objectscale": {
            "#x_objectscale": "0",
            "#y_objectscale": "0",
            "#z_objectscale": "0"
         },
         "repeattransfrom": {
            "distfactorx": "null",
            "distfactory": "null",
            "distfactorz": "null"
         },
         "Interaction": {
            "XRGrabInteractable": "0",
            "XRInteractionMaskLayer": "nothing/everything/custom",
            "TrackPosition": "1",
            "TrackRotation": "1",
            "Throw_Detach": "0",
            "forcegravity": "1",
            "velocity": "1",
            "angularvelocity": "1"
         },
         "Smoothing": "1",
         "Smoothing_duration": "0.8",
         "attachtransform": {
            "#rotate_x": "null",
            "#rotate_y": "null",
            "#rotate_z": "null",
            "#pos_x": "null",
            "#pos_y": "null",
            "#pos_z": "null"
         },
         "XRRigidObject": {
            "value": "8",
            "mass": "80",
            "dragfriction": "5",
            "angulardrag": "2",
            "Isgravityenable": "true",
            "IsKinematic": "1",
            "CanInterpolate": "0",
            "CollisionPolling": "discrete"
         },
         "aud_hasaudio": "1",
         "aud_type": "dynamic",
         "aud_src": "/path",
         "aud_volume": "2",
         "aud_PlayInloop": "0",
         "aud_IsSurround": "0",
         "aud_Dopplerlevel": "0.9",
         "aud_spread": "null",
         "aud_mindist": "0.01",
         "aud_maxdist": "90",
         "_Opttxt1": "null",
         "@context_img_source": "blank"
      },
      {
         "_objectname": "Wickets0",
         "_sid": "_wickets0",
         "_slabel": "This is wickets0 with all three and stumps",
         "_IsHidden": 0,
         "_enumcount": 1,
         "_Is3DObject": 1,
         "HasChild": 0,
         "shape": "Three cylindrical wickets and 2 cylindical stumps ",
         "dimension": {
            "dradii": 2,
            "dvolumn": "120cc",
            "dlength": "4",
            "dbreadth": "30",
            "dheigth": "100"
         },
         "IsText": false,
         "IsText3D": false,
         "lighting": {
            "CastShadow": "1",
            "ReceiveShadow": "1",
            "ContributeGlobalIlumination": "1"
         },
         "IsIlluminate": false,
         "Transform_initialpos": {
            "#x_initialpos": "-100",
            "#y_initialpos": "0",
            "#z_initialpos": "0"
         },
         "Transform_initialrotation": {
            "#x_initialrotation": "0",
            "#y_initialrotation": "0",
            "#z_initialrotation": "0"
         },
         "Transform_objectscale": {
            "#x_objectscale": "0",
            "#y_objectscale": "0",
            "#z_objectscale": "0"
         },
         "repeattransfrom": {
            "distfactorx": "null",
            "distfactory": "null",
            "distfactorz": "null"
         },
         "Interaction": {
            "XRGrabInteractable": "0",
            "XRInteractionMaskLayer": "nothing/everything/custom",
            "TrackPosition": "0",
            "TrackRotation": "0",
            "Throw_Detach": "0",
            "forcegravity": "1",
            "velocity": "0",
            "angularvelocity": "0"
         },
         "Smoothing": "0",
         "Smoothing_duration": "0",
         "attachtransform": {
            "#rotate_x": "null",
            "#rotate_y": "null",
            "#rotate_z": "null",
            "#pos_x": "null",
            "#pos_y": "null",
            "#pos_z": "null"
         },
         "XRRigidObject": {
            "value": "5",
            "mass": "2",
            "dragfriction": "0",
            "angulardrag": "4",
            "Isgravityenable": "true",
            "IsKinematic": "0",
            "CanInterpolate": "0",
            "CollisionPolling": "discreet"
         },
         "aud_hasaudio": "1",
         "aud_type": "static",
         "aud_src": "/path",
         "aud_volume": "10",
         "aud_PlayInloop": "0",
         "aud_IsSurround": "1",
         "aud_Dopplerlevel": "0.9",
         "aud_spread": "null",
         "aud_mindist": "1",
         "aud_maxdist": "200",
         "_Opttxt1": "null",
         "@context_img_source": "blank"
      },
      {
         "_objectname": "Wickets1",
         "_sid": "_wickets1",
         "_slabel": "This is wickets1 with all three and stumps",
         "_IsHidden": 0,
         "_enumcount": 1,
         "_Is3DObject": 1,
         "HasChild": 0,
         "shape": "Three cylindrical wickets and 2 cylindical stumps ",
         "dimension": {
            "dradii": 2,
            "dvolumn": "120cc",
            "dlength": "4",
            "dbreadth": "30",
            "dheigth": "100"
         },
         "IsText": false,
         "IsText3D": false,
         "lighting": {
            "CastShadow": "1",
            "ReceiveShadow": "1",
            "ContributeGlobalIlumination": "1"
         },
         "IsIlluminate": false,
         "Transform_initialpos": {
            "#x_initialpos": "2100",
            "#y_initialpos": "0",
            "#z_initialpos": "0"
         },
         "Transform_initialrotation": {
            "#x_initialrotation": "0",
            "#y_initialrotation": "0",
            "#z_initialrotation": "0"
         },
         "Transform_objectscale": {
            "#x_objectscale": "0",
            "#y_objectscale": "0",
            "#z_objectscale": "0"
         },
         "repeattransfrom": {
            "distfactorx": "null",
            "distfactory": "null",
            "distfactorz": "null"
         },
         "Interaction": {
            "XRGrabInteractable": "0",
            "XRInteractionMaskLayer": "nothing/everything/custom",
            "TrackPosition": "0",
            "TrackRotation": "0",
            "Throw_Detach": "0",
            "forcegravity": "1",
            "velocity": "0",
            "angularvelocity": "0"
         },
         "Smoothing": "0",
         "Smoothing_duration": "0",
         "attachtransform": {
            "#rotate_x": "null",
            "#rotate_y": "null",
            "#rotate_z": "null",
            "#pos_x": "null",
            "#pos_y": "null",
            "#pos_z": "null"
         },
         "XRRigidObject": {
            "value": "5",
            "mass": "2",
            "dragfriction": "0",
            "angulardrag": "4",
            "Isgravityenable": "true",
            "IsKinematic": "0",
            "CanInterpolate": "0",
            "CollisionPolling": "discreet"
         },
         "aud_hasaudio": "1",
         "aud_type": "static",
         "aud_src": "/path",
         "aud_volume": "10",
         "aud_PlayInloop": "0",
         "aud_IsSurround": "1",
         "aud_Dopplerlevel": "0.9",
         "aud_spread": "null",
         "aud_mindist": "1",
         "aud_maxdist": "200",
         "_Opttxt1": "null",
         "@context_img_source": "blank"
      },
      {
         "_objectname":"Umpire",
         "_sid":"CricketUmpire",
         "_slabel":"cricketumpire",
         "_IsHidden":0,
         "_enumcount":1,
         "_Is3DObject":1,
         "HasChild":0,
         "shape":"Humanoid",      
         "dimension":{
             "dradii":0,
             "dvolumn":"1.74",
             "dlength":"5",
             "dbreadth":"2.3",
             "dheigth":"5"
           }, 
            "IsText":false,
            "IsText3D":false,
            "lighting":{
               "CastShadow":"1",
               "ReceiveShadow":"1",
               "ContributeGlobalIlumination":"1"
            },
         "IsIlluminate":false,
         "Transform_initialpos":{
               "#x_initialpos":"2000",
               "#y_initialpos":"150",
               "#z_initialpos":"0"
            },
            "Transform_initialrotation":{
               "#x_initialrotation":"0",
               "#y_initialrotation":"0",
               "#z_initialrotation":"0"
            },
            "Transform_objectscale":{
               "#x_objectscale":"0",
               "#y_objectscale":"0",
               "#z_objectscale":"0"
            },
           "repeattransfrom":{
            "distfactorx":"null",
           "distfactory":"null",
           "distfactorz":"null"
            },
         "Interaction":{
            "XRGrabInteractable":"1",
            "XRInteractionMaskLayer":"nothing",
            "TrackPosition":"0",
            "TrackRotation":"0",
            "Throw_Detach":"0",
            "forcegravity":"0",
            "velocity":"0",
            "angularvelocity":"0"
            },
            "Smoothing":"1",
           "Smoothing_duration":"0.8",
           "attachtransform":{
               "#rotate_x":"null",
               "#rotate_y":"null",
               "#rotate_z":"null",
               "#pos_x":"null",
               "#pos_y":"null",
               "#pos_z":"null"
            },
            "XRRigidObject":{
               "value":"8",
               "mass":"60",
               "dragfriction":"0",
               "angulardrag":"0",
               "Isgravityenable":"true",
               "IsKinematic":"0",
               "CanInterpolate":"0",
               "CollisionPolling":"discreet"
            },
         "aud_hasaudio":"1",
         "aud_type":"static",
         "aud_src":"/path",
         "aud_volume":"1",
         "aud_PlayInloop":"0",
         "aud_IsSurround":"1",
         "aud_Dopplerlevel":"0.9",
         "aud_spread":"null",
         "aud_mindist":"0.01",
         "aud_maxdist":"20",
         "_Opttxt1":"null",
         "@context_img_source":"blank"
      },
      {
         "_objectname":"Umpireoff",
         "_sid":"CricketUmpireoff",
         "_slabel":"cricketumpireoff",
         "_IsHidden":0,
         "_enumcount":1,
         "_Is3DObject":1,
         "HasChild":0,
         "shape":"Humanoid",      
         "dimension":{
             "dradii":0,
             "dvolumn":"1.74",
             "dlength":"5",
             "dbreadth":"2.3",
             "dheigth":"5"
           }, 
            "IsText":false,
            "IsText3D":false,
            "lighting":{
               "CastShadow":"1",
               "ReceiveShadow":"1",
               "ContributeGlobalIlumination":"1"
            },
         "IsIlluminate":false,
         "Transform_initialpos":{
               "#x_initialpos":"10",
               "#y_initialpos":"150",
               "#z_initialpos":"2300"
            },
            "Transform_initialrotation":{
               "#x_initialrotation":"0",
               "#y_initialrotation":"0",
               "#z_initialrotation":"0"
            },
            "Transform_objectscale":{
               "#x_objectscale":"0",
               "#y_objectscale":"0",
               "#z_objectscale":"0"
            },
           "repeattransfrom":{
            "distfactorx":"null",
           "distfactory":"null",
           "distfactorz":"null"
            },
         "Interaction":{
            "XRGrabInteractable":"1",
            "XRInteractionMaskLayer":"nothing",
            "TrackPosition":"0",
            "TrackRotation":"0",
            "Throw_Detach":"0",
            "forcegravity":"0",
            "velocity":"0",
            "angularvelocity":"0"
            },
            "Smoothing":"1",
           "Smoothing_duration":"0.8",
           "attachtransform":{
               "#rotate_x":"null",
               "#rotate_y":"null",
               "#rotate_z":"null",
               "#pos_x":"null",
               "#pos_y":"null",
               "#pos_z":"null"
            },
            "XRRigidObject":{
               "value":"8",
               "mass":"60",
               "dragfriction":"0",
               "angulardrag":"0",
               "Isgravityenable":"true",
               "IsKinematic":"0",
               "CanInterpolate":"0",
               "CollisionPolling":"discreet"
            },
         "aud_hasaudio":"1",
         "aud_type":"static",
         "aud_src":"/path",
         "aud_volume":"1",
         "aud_PlayInloop":"0",
         "aud_IsSurround":"1",
         "aud_Dopplerlevel":"0.9",
         "aud_spread":"null",
         "aud_mindist":"0.01",
         "aud_maxdist":"20",
         "_Opttxt1":"null",
         "@context_img_source":"blank"
      },
      {
         "_objectname":"Bat",
         "_sid":"_cricketBat",
         "_slabel":"This is used by batsman to hit and score runs",
         "_IsHidden":0,
         "_enumcount":1,
         "_Is3DObject":1,
         "HasChild":0,
         "shape":"cuboid",      
         "dimension":{
             "dradii":0,
             "dvolumn":"5200",
             "dlength":"96.5",
             "dbreadth":"10.8",
             "dheigth":"5"
           }, 
            "IsText":false,
            "IsText3D":false,
            "lighting":{
               "CastShadow":"1",
               "ReceiveShadow":"1",
               "ContributeGlobalIlumination":"1"
            },
         "IsIlluminate":false,
         "Transform_initialpos":{
               "#x_initialpos":"0",
               "#y_initialpos":"2",
               "#z_initialpos":"0"
            },
            "Transform_initialrotation":{
               "#x_initialrotation":"0",
               "#y_initialrotation":"0",
               "#z_initialrotation":"0"
            },
            "Transform_objectscale":{
               "#x_objectscale":"0",
               "#y_objectscale":"0",
               "#z_objectscale":"0"
            },
           "repeattransfrom":{
            "distfactorx":"null",
           "distfactory":"null",
           "distfactorz":"null"
            },
         "Interaction":{
            "XRGrabInteractable":"1",
            "XRInteractionMaskLayer":"custom",
            "TrackPosition":"1",
            "TrackRotation":"1",
            "Throw_Detach":"0",
            "forcegravity":"0",
            "velocity":"1",
            "angularvelocity":"1"
            },
            "Smoothing":"0",
           "Smoothing_duration":"0",
           "attachtransform":{
               "#rotate_x":"null",
               "#rotate_y":"null",
               "#rotate_z":"null",
               "#pos_x":"null",
               "#pos_y":"null",
               "#pos_z":"null"
            },
            "XRRigidObject":{
               "value":"10",
               "mass":"1.3",
               "dragfriction":"0",
               "angulardrag":"0",
               "Isgravityenable":"true",
               "IsKinematic":"1",
               "CanInterpolate":"0",
               "CollisionPolling":"discreet"
            },
         "aud_hasaudio":"1",
         "aud_type":"dynamic",
         "aud_src":"/patj",
         "aud_volume":"9",
         "aud_PlayInloop":"0",
         "aud_IsSurround":"0",
         "aud_Dopplerlevel":"0.9",
         "aud_spread":"null",
         "aud_mindist":"0.01",
         "aud_maxdist":"1000",
         "_Opttxt1":"null",
         "@context_img_source":"blank"
      },
      {
			"_objectname": "Pitch",
			"_sid": "_gamePitch",
			"_slabel": "This is pitch where batsmen run to score runs",
			"_IsHidden": 0,
			"_enumcount": 1,
			"_Is3DObject": 0,
			"HasChild": 0,
			"shape": "rectangle",
			"dimension": {
				"dradii": 0,
				"dvolumn": "null",
				"dlength": "2100",
				"dbreadth": "300",
				"dheigth": "null"
			},
			"IsText": false,
			"IsText3D": false,
			"lighting": {
				"CastShadow": "0",
				"ReceiveShadow": "1",
				"ContributeGlobalIlumination": "1"
			},
			"IsIlluminate": false,
			"Transform_initialpos": {
				"#x_initialpos": "1150",
				"#y_initialpos": "0",
				"#z_initialpos": "0"
			},
			"Transform_initialrotation": {
				"#x_initialrotation": "0",
				"#y_initialrotation": "0",
				"#z_initialrotation": "0"
			},
			"Transform_objectscale": {
				"#x_objectscale": "0",
				"#y_objectscale": "0",
				"#z_objectscale": "0"
			},
			"repeattransfrom": {
				"distfactorx": "null",
				"distfactory": "null",
				"distfactorz": "null"
			},
			"Interaction": {
				"XRGrabInteractable": "0",
				"XRInteractionMaskLayer": "nothing/everything/custom",
				"TrackPosition": "0",
				"TrackRotation": "0",
				"Throw_Detach": "0",
				"forcegravity": "0",
				"velocity": "0",
				"angularvelocity": "0"
			},
			"Smoothing": "1",
			"Smoothing_duration": "0.8",
			"attachtransform": {
				"#rotate_x": "null",
				"#rotate_y": "null",
				"#rotate_z": "null",
				"#pos_x": "null",
				"#pos_y": "null",
				"#pos_z": "null"
			},
			"XRRigidObject": {
				"value": "10",
				"mass": "0",
				"dragfriction": "0",
				"angulardrag": "0",
				"Isgravityenable": "false",
				"IsKinematic": "0",
				"CanInterpolate": "0",
				"CollisionPolling": "discreet"
			},
			"aud_hasaudio": "0",
			"aud_type": "null",
			"aud_src": "null",
			"aud_volume": "null",
			"aud_PlayInloop": "0",
			"aud_IsSurround": "0",
			"aud_Dopplerlevel": "0",
			"aud_spread": "null",
			"aud_mindist": "null",
			"aud_maxdist": "null",
			"_Opttxt1": "null",
			"@context_img_source": "blank"
		},
      {
			"_objectname": "Field",
			"_sid": "_Field",
			"_slabel": "Entire Field",
			"_IsHidden": 0,
			"_enumcount": 1,
			"_Is3DObject": 0,
			"HasChild": 0,
			"shape": "Disc",
			"dimension": {
				"dradii": 7000,
				"dvolumn": "null",
				"dlength": "null",
				"dbreadth": "null",
				"dheigth": "null"
			},
			"IsText": false,
			"IsText3D": false,
			"lighting": {
				"CastShadow": "0",
				"ReceiveShadow": "1",
				"ContributeGlobalIlumination": "1"
			},
			"IsIlluminate": false,
			"Transform_initialpos": {
				"#x_initialpos": "1150",
				"#y_initialpos": "0",
				"#z_initialpos": "0"
			},
			"Transform_initialrotation": {
				"#x_initialrotation": "0",
				"#y_initialrotation": "0",
				"#z_initialrotation": "0"
			},
			"Transform_objectscale": {
				"#x_objectscale": "0",
				"#y_objectscale": "0",
				"#z_objectscale": "0"
			},
			"repeattransfrom": {
				"distfactorx": "null",
				"distfactory": "null",
				"distfactorz": "null"
			},
			"Interaction": {
				"XRGrabInteractable": "0",
				"XRInteractionMaskLayer": "nothing/everything/custom",
				"TrackPosition": "0",
				"TrackRotation": "0",
				"Throw_Detach": "0",
				"forcegravity": "0",
				"velocity": "0",
				"angularvelocity": "0"
			},
			"Smoothing": "0",
			"Smoothing_duration": "0",
			"attachtransform": {
				"#rotate_x": "null",
				"#rotate_y": "null",
				"#rotate_z": "null",
				"#pos_x": "null",
				"#pos_y": "null",
				"#pos_z": "null"
			},
			"XRRigidObject": {
				"value": "10",
				"mass": "0",
				"dragfriction": "0",
				"angulardrag": "0",
				"Isgravityenable": "false",
				"IsKinematic": "0",
				"CanInterpolate": "0",
				"CollisionPolling": "discreet"
			},
			"aud_hasaudio": "0",
			"aud_type": "null",
			"aud_src": "null",
			"aud_volume": "null",
			"aud_PlayInloop": "0",
			"aud_IsSurround": "0",
			"aud_Dopplerlevel": "0",
			"aud_spread": "null",
			"aud_mindist": "null",
			"aud_maxdist": "null",
			"_Opttxt1": "null",
			"@context_img_source": "blank"
		},
      {
         "_objectname":"Boundaryrope",
         "_sid":"Brope",
         "_slabel":"brope",
         "_IsHidden":0,
         "_enumcount":1,
         "_Is3DObject":0,
         "HasChild":0,
         "shape":"Circle",      
         "dimension":{
             "dradii":7000,
             "dvolumn":"null",
             "dlength":"4400000",
             "dbreadth":"null",
             "dheigth":"null"
           }, 
            "IsText":false,
            "IsText3D":false,
            "lighting":{
               "CastShadow":"0",
               "ReceiveShadow":"1",
               "ContributeGlobalIlumination":"0"
            },
         "IsIlluminate":false,
         "Transform_initialpos":{
               "#x_initialpos":"1150",
               "#y_initialpos":"0",
               "#z_initialpos":"0"
            },
            "Transform_initialrotation":{
               "#x_initialrotation":"0",
               "#y_initialrotation":"0",
               "#z_initialrotation":"0"
            },
            "Transform_objectscale":{
               "#x_objectscale":"0",
               "#y_objectscale":"0",
               "#z_objectscale":"0"
            },
           "repeattransfrom":{
            "distfactorx":"null",
           "distfactory":"null",
           "distfactorz":"null"
            },
         "Interaction":{
            "XRGrabInteractable":"0",
            "XRInteractionMaskLayer":"nothing",
            "TrackPosition":"0",
            "TrackRotation":"0",
            "Throw_Detach":"0",
            "forcegravity":"0",
            "velocity":"0",
            "angularvelocity":"0"
            },
            "Smoothing":"1",
           "Smoothing_duration":"0.9",
           "attachtransform":{
               "#rotate_x":"null",
               "#rotate_y":"null",
               "#rotate_z":"null",
               "#pos_x":"null",
               "#pos_y":"null",
               "#pos_z":"null"
            },
            "XRRigidObject":{
               "value":"5",
               "mass":"0",
               "dragfriction":"0",
               "angulardrag":"0",
               "Isgravityenable":"false",
               "IsKinematic":"0",
               "CanInterpolate":"0",
               "CollisionPolling":"discreet"
            },
         "aud_hasaudio":"0",
         "aud_type":"null",
         "aud_src":"null",
         "aud_volume":"null",
         "aud_PlayInloop":"0",
         "aud_IsSurround":"0",
         "aud_Dopplerlevel":"0",
         "aud_spread":"null",
         "aud_mindist":"null",
         "aud_maxdist":"null",
         "_Opttxt1":"null",
         "@context_img_source":"blank"
      },
      {
         "_objectname": "audience",
         "_sid": "_audience",
         "_slabel": "this is audience",
         "_IsHidden": 0,
         "_enumcount": 500,
         "_Is3DObject": 1,
         "HasChild": 0,
         "shape": "humanoid",
         "dimension": {
            "dradii": 0,
            "dvolumn": "null",
            "dlength": "null",
            "dbreadth": "60",
            "dheigth": "180"
         },
         "IsText": false,
         "IsText3D": false,
         "lighting": {
            "CastShadow": "0",
            "ReceiveShadow": "1",
            "ContributeGlobalIlumination": "0"
         },
         "IsIlluminate": false,
         "Transform_initialpos": {
            "#x_initialpos": "0",
            "#y_initialpos": "0",
            "#z_initialpos": "0"
         },
         "Transform_initialrotation": {
            "#x_initialrotation": "0",
            "#y_initialrotation": "0",
            "#z_initialrotation": "0"
         },
         "Transform_objectscale": {
            "#x_objectscale": "0",
            "#y_objectscale": "0",
            "#z_objectscale": "0"
         },
         "repeattransfrom": {
            "distfactorx": "null",
            "distfactory": "null",
            "distfactorz": "null"
         },
         "Interaction": {
            "XRGrabInteractable": "0",
            "XRInteractionMaskLayer": "nothing",
            "TrackPosition": "0",
            "TrackRotation": "0",
            "Throw_Detach": "0",
            "forcegravity": "0",
            "velocity": "0",
            "angularvelocity": "0"
         },
         "Smoothing": "1",
         "Smoothing_duration": "0.8",
         "attachtransform": {
            "#rotate_x": "null",
            "#rotate_y": "null",
            "#rotate_z": "null",
            "#pos_x": "null",
            "#pos_y": "null",
            "#pos_z": "null"
         },
         "XRRigidObject": {
            "value": "8",
            "mass": "80",
            "dragfriction": "5",
            "angulardrag": "2",
            "Isgravityenable": "true",
            "IsKinematic": "0",
            "CanInterpolate": "0",
            "CollisionPolling": "discrete"
         },
         "aud_hasaudio": "1",
         "aud_type": "statis",
         "aud_src": "/path",
         "aud_volume": "2",
         "aud_PlayInloop": "0",
         "aud_IsSurround": "0",
         "aud_Dopplerlevel": "0.9",
         "aud_spread": "null",
         "aud_mindist": "0.01",
         "aud_maxdist": "900",
         "_Opttxt1": "null",
         "@context_img_source": "blank"
      } 
   ]
}