{
    "behavior": [
        {
            "bid": "ballmovement",
            "bname": "behavior of ball",
            "bdescription": "This determines the behavior of the ball based on physics",
            "articlesused": "_cricketBat,_cricketball,_bowler",
            "logic": "SWYjIDxCYXQgJGhpdHMgQmFsbCBPUiBCb3dsZXIgJGRldGFjaGVzIEJhbGw+Izo8JG1vdmUoX2NyaWNrZXRiYWxsKT4h"
        },
        {
            "bid": "fourscore",
            "bname": "criteria for a four",
            "bdescription": "If the ball is hit by the bat and it goes to the boundary after hitting the field atleast once it is a four",
            "articlesused": "_cricketBat,_cricketball,Brope,_Field",
            "logic": "SWYjIDxjb3VudChCYWxsICRoaXRzIEZpZWxkKSA+PTEgQU5EIEJhbGwgJHBhc3NlcyBCcm9wZT4jOjxzY29yZSArPSA0PiE="
        },
        {
            "bid": "sixscore",
            "bname": "criteria for a six",
            "bdescription": "If the ball is hit by the bat and it crosses the boundary before hitting the field, it is a four",
            "articlesused": "_cricketBat,_cricketball,Brope",
            "logic": "SWYjIDxjb3VudChCYWxsICRoaXRzIEZpZWxkKSA9MCBBTkQgQmFsbCAkcGFzc2VzIEJyb3BlPiM6PHNjb3JlICs9IDY+IQ=="
        },
        {
            "bid": "runscore",
            "bname": "criteria for a run",
            "bdescription": "If the batsman and the non-striker change ends without wicket falling, it is a run",
            "articlesused": "_cricketBat,_gamePitch,_nonstriker,_wickets0",
            "logic": "SWYjIDxub25zdHJpa2VyICRwYXNzZXMgZ2FtZVBpdGNoLmNyZWFzZTEgQU5EIEJhdCAkcGFzc2VzIGdhbWVQaXRjaC5jcmVhc2UyIEFORCBhbnl3aWNrZXQuaXNEb3duID0gMD4jOjxzY29yZSArPSAxPiE="
        },
        {
            "bid": "runout",
            "bname": "criteria for run-out",
            "bdescription": "If the wicket falls during the run, it is a run-out",
            "articlesused": "_cricketBat,_gamePitch,_nonstriker,_wickets0",
            "logic": "SWYjIDxOT1Qobm9uc3RyaWtlciAkcGFzc2VzIGdhbWVQaXRjaC5jcmVhc2UxKSBBTkQgTk9UKEJhdCAkcGFzc2VzIGdhbWVQaXRjaC5jcmVhc2UyKSBBTkQgYW55d2lja2V0LmlzRG93biA9IDA+Izo8d2lja2V0ICs9IDE+IQ=="
        },
        {
            "bid": "catchout",
            "bname": "criteria for catch-out",
            "bdescription": "If the ball after being hit by the bat, is caught by the fielder, it is a catch-out",
            "articlesused": "_cricketBat,_cricketball,_bowler,_anyfielder",
            "logic": "SWYjIDxjb3VudChCYWxsICRoaXRzIEZpZWxkKSA9MCBBTkQgYW55ZmllbGRlciAkY2F0Y2hlcyBCYWxsPiM6PHdpY2tldCs9MT4h"
        },
        {
            "bid": "bowled",
            "bname": "criteria for bowled-out",
            "bdescription": "If the ball thrown by the bowler hits the wicket, it is a bowled-out",
            "articlesused": "_cricketBat,_cricketball,_wickets0",
            "logic": "SWYjIDx3aWNrZXQwLmlzRG93biA9IDEgQU5EIGFueWZpZWxkZXIgJHRvY2hlcyBCYWxsPiM6PHdpY2tldCs9MT4h"
        },
        {
            "bid": "endgame",
            "bname": "criteria for game end",
            "bdescription": "If a target is reached or the no.of overs are over, no.of wickets limit have been lost",
            "articlesused": "_scoreboard",
            "logic": "SWYjIDxzY29yZWJvYXJkLndpY2tldHMgPSAxMCBPUiBzY29yZWJvYXJkLm92ZXIgPSBPVkVSX0xJTUlUIE9SIHNjb3JlYm9hcmQuc2NvcmUgPiBUQVJHRVQ+Izo8cmVzdWx0ID0gRU5EX0dBTUU+IQ=="
        }
    ]
}