{
   "_scenename": "Scoreboard",
   "_sid": "4",
   "_slabel": "rand",
   "_playarea": {
      "#pid": "4",
      "#length_playarea": "100",
      "#breadth_playarea": "100",
      "#height_playarea": "100",
      "#comment": "NILL",
      "#x_scenecenter": 2,
      "#y_scenecenter": 2,
      "#z_scenecenter": 0
   },
   "_camera": {
      "IsSceneObject": true,
      "trackingorigin": "7+floor"
   },
   "_initialcamerapos": {
      "#x_initialcamerapos": "0",
      "#y_initialcamerapos": "5",
      "#z_initialcamerapos": "0"
   },
   "_viewport": {
      "#x_viewport": "0",
      "#y_viewport": "0",
      "#w_viewport": "1",
      "#h_viewport": "1"
   },
   "_clippingplane": {
      "near_cp": 0.01,
      "far_cp": 2
   },
   "_horizon": false,
   "_dof": 3,
   "_skybox": 3,
   "_controllers": {
      "type": "Gesture",
      "raycast": true,
      "raydistance": 10,
      "raythinkness": 1,
      "raycolor": "red",
      "raytype": "curve"
   },
   "_gravity": {
      "value": 9.8
   },
   "_interaction": false,
   "_nestedscene": {
      "#value": false,
      "#scenecount": 0,
      "#sid_order": 190
   },
   "_audio": false,
   "_timeline": false,
   "_Opttxt1": "NILL",
   "@context_mock": "NILL",
   "usertype": [
      {
         "type": "single",
         "uplayarea": {
            "#length_uplayarea": 0,
            "#breadth_uplayarea": 0,
            "#height_uplayarea": 0
         },
         "initialupos": {
            "#x_initialupos": 0,
            "#y_initialupos": 0,
            "#z_initialupos": 0
         },
         "uplayareacenter": {
            "#x_uplayareacenter": 0,
            "#y_uplayareacenter": 0,
            "#z_uplayareacenter": 0
         }
      }
   ]
}