{
   "_scenename": "Main menu",
   "_sid": "45189",
   "_slabel": "Interactive Menu",
   "_playarea": {
      "#pid": "p1",
      "#length": "50",
      "#breadth": "50",
      "#height": "50",
      "#comment": "Values in feets",
      "#x_scenecenter": 5,
      "#y_scenecenter": 5,
      "#z_scenecenter": 0
   },
   "_camera": {
      "IsSceneObject": true,
      "trackingorigin": "5+floor"
   },
   "_initialcamerapos": {
      "#x_initialcamerapos": "0",
      "#y_initialcamerapos": "5",
      "#z_initialcamerapos": "0"
   },
   "_viewport": {
      "#x_viewport": "0",
      "#y_viewport": "0",
      "#w_viewport": "1",
      "#h_viewport": "1"
   },
   "_clippingplane": {
      "near_cp": 0.01,
      "far_cp": 10
   },
   "_horizon": false,
   "_dof": 6,
   "_skybox": 6,
   "_controllers": {
      "type": "hand",
      "raycast": true,
      "raydistance": 10,
      "raythinkness": 1,
      "raycolor": "red",
      "raytype": "curve"
   },
   "_gravity": {
      "value": 10
   },
   "_interaction": true,
   "_nestedscene": {
      "#value": false,
      "#scenecount": 0,
      "#sid_order": 0
   },
   "_audio": false,
   "_timeline": false,
   "_Opttxt1": "null",
   "@context_mock": "_blank",
   "usertype": [
      {
         "type": "single",
         "uplayarea": {
            "#length_uplayarea": 0,
            "#breadth_uplayarea": 0,
            "#height_uplayarea": 0
         },
         "initialupos": {
            "#x_initialupos": 0,
            "#y_initialupos": 5,
            "#z_initialupos": 0
         },
         "uplayareacenter": {
            "#x_uplayareacenter": 5,
            "#y_uplayareacenter": 5,
            "#z_uplayareacenter": 0
         }
      }
   ]
}