{
   "_scenename": "Training Net",
   "_sid": "1024",
   "_slabel": "This is a practice scene",
   "_playarea": {
      "#pid": "p2",
      "#length_playarea": "25",
      "#breadth_playarea": "10",
      "#height_playarea": "10",
      "#comment": "Values in feets",
      "#x_scenecenter": 5,
      "#y_scenecenter": 5,
      "#z_scenecenter": 0
   },
   "_camera": {
      "IsSceneObject": true,
      "trackingorigin": "floor"
   },
   "_initialcamerapos": {
      "#x_initialcamerapos": "0",
      "#y_initialcamerapos": "5",
      "#z_initialcamerapos": "0"
   },
   "_viewport": {
      "#x_viewport": "0",
      "#y_viewport": "0.5",
      "#w_viewport": "1",
      "#h_viewport": "0.2"
   },
   "_clippingplane": {
      "near_cp": 0.01,
      "far_cp": 800
   },
   "_horizon": true,
   "_dof": 6,
   "_skybox": 6,
   "_controllers": {
      "type": "hand",
      "raycast": true,
      "raydistance": 10,
      "raythinkness": 10,
      "raycolor": "1",
      "raytype": "curve"
   },
   "_gravity": {
      "value": 10
   },
   "_interaction": true,
   "_nestedscene": {
      "#value": false,
      "#scenecount": 0,
      "#sid_order": 0
   },
   "_audio": true,
   "_timeline": true,
   "_Opttxt1": "",
   "@context_mock": "",
   "usertype": [
      {
         "type": "single",
         "uplayarea": {
            "#length_uplayarea": 25,
            "#breadth_uplayarea": 10,
            "#height_uplayarea": 10
         },
         "initialupos": {
            "#x_initialupos": 0,
            "#y_initialupos": 0,
            "#z_initialupos": 0
         },
         "uplayareacenter": {
            "#x_uplayareacenter": 5,
            "#y_uplayareacenter": 5,
            "#z_uplayareacenter": 0
         }
      }
   ]
}