{
    "animate_trigSync": {
        "tsyncid": 123,
        "tsOntrigger": true,
        "SyncObjList": [
            "Pitch",
            "Bat"
        ],
        "tSyncNote": "user tiggered event"
    },
    "animate_nontrigSync": {
        "ntsyncid": 124,
        "ntsOntrigger": true,
        "ntSyncObjList": [
            "Umpire",
            "Wickets"
        ],
        "ntSyncNote": "Sync non triggered"
    },
    "animate_trigAsync": {
        "tasyncid": 125,
        "taOntrigger": true,
        "tAsyncObjList": [
            "NonStriker"
        ],
        "tAsyncNote": "Async triggered"
    },
    "animate_nontrigAsync": {
        "ntasyncid": 126,
        "ntaOntrigger": true,
        "ntAsyncObjList": [
            "Audience",
            "Scoreboard"
        ],
        "ntAsyncNote": "Async untriggered"
    },
    "routine": [
        {
            "routeid": 19,
            "starttime": "00:00:00",
            "endtime": "00:01:30",
            "order": [
                123,
                125,
                124,
                126
            ]
        },
        {
            "routeid": 20,
            "starttime": "00:01:10",
            "endtime": "00:01:30",
            "order": [
                124,
                126
            ]
        },
        {
            "routeid": 21,
            "starttime": "00:00:00",
            "endtime": "00:01:00",
            "order": [
                123,
                125
            ]
        }
    ]
}