{
    "animate_trigSync": {
        "tsyncid": 12,
        "tsOntrigger": true,
        "SyncObjList": [
            "Bat"
        ],
        "tSyncNote": "user tiggered event"
    },
    "animate_nontrigSync": {
        "ntsyncid": 13,
        "ntsOntrigger": true,
        "ntSyncObjList": [
            "Umpire"
        ],
        "ntSyncNote": "Sync non triggered"
    },
    "animate_trigAsync": {
        "tasyncid": 14,
        "taOntrigger": true,
        "tAsyncObjList": [
            "Wicketkeeper",
            "wickets"
        ],
        "tAsyncNote": "Async triggered"
    },
    "animate_nontrigAsync": {
        "ntasyncid": 15,
        "ntaOntrigger": true,
        "ntAsyncObjList": [
            "Audience",
            "Scoreboard"
        ],
        "ntAsyncNote": "Async untriggered"
    },
    "routine": [
        {
            "routeid": 10,
            "starttime": "00:00:00",
            "endtime": "00:00:40",
            "order": [
                12,
                14,
                13,
                15
            ]
        },
        {
            "routeid": 11,
            "starttime": "00:00:20",
            "endtime": "00:00:40",
            "order": [
                13,
                15
            ]
        },
        {
            "routeid": 12,
            "starttime": "00:00:00",
            "endtime": "00:00:20",
            "order": [
                12,
                14
            ]
        }
    ]
}