{
    "animate_trigSync": {
        "tsyncid": 77,
        "tsOntrigger": true,
        "SyncObjList": [
            "Ball",
            "Bat"
        ],
        "tSyncNote": "user tiggered event"
    },
    "animate_nontrigSync": {
        "ntsyncid": 88,
        "ntsOntrigger": true,
        "ntSyncObjList": [
            "Umpire"
        ],
        "ntSyncNote": "Sync non triggered"
    },
    "animate_trigAsync": {
        "tasyncid": 99,
        "taOntrigger": true,
        "tAsyncObjList": [
            "Fielders",
            "Wicketkeeper"
        ],
        "tAsyncNote": "Async triggered"
    },
    "animate_nontrigAsync": {
        "ntasyncid": 111,
        "ntaOntrigger": true,
        "ntAsyncObjList": [
            "Audience",
            "Scoreboard"
        ],
        "ntAsyncNote": "Async untriggered"
    },
    "routine": [
        {
            "routeid": 7,
            "starttime": "00:00:00",
            "endtime": "00:00:40",
            "order": [
                77,
                99,
                88,
                111
            ]
        },
        {
            "routeid": 8,
            "starttime": "00:00:20",
            "endtime": "00:00:40",
            "order": [
                88,
                111
            ]
        },
        {
            "routeid": 9,
            "starttime": "00:00:00",
            "endtime": "00:00:15",
            "order": [
                77,
                99
            ]
        }
    ]
}