[
  {
    "ObjAction": [
      {
        "actresid": "enter_library",
        "sourceObj": "_user",
        "targetObj": "_door",
        "IsCollision": true,
        "response": "passthrough",
        "comment": "Enter_library",
        "Syncronous": true,
        "repeatactionfor": ""
      },
      {
        "actresid": "Search_book",
        "sourceObj": "_user",
        "targetObj": "_desktop",
        "IsCollision": true,
        "response": "custom",
        "comment": "Input desired book name",
        "Syncronous": true,
        "repeatactionfor": "null"
      },
      {
        "actresid": "Get_book_location",
        "sourceObj": "_desktop",
        "targetObj": "_desktop",
        "IsCollision": false,
        "response": "custom",
        "comment": "Book shelf location displayed",
        "Syncronous": true,
        "repeatactionfor": "null"
      },
      {
        "actresid": "Go to shelf_location",
        "sourceObj": "_user",
        "targetObj": "_book_shelf",
        "IsCollision": true,
        "response": "natural",
        "comment": "Reach shelf",
        "Syncronous": true,
        "repeatactionfor": "null"
      },
      {
        "actresid": "Access_book",
        "sourceObj": "_user",
        "targetObj": "_book",
        "IsCollision": true,
        "response": "natural",
        "comment": "Book picked",
        "Syncronous": true,
        "repeatactionfor": "null"
      },
      {
        "actresid": "Issue_book",
        "sourceObj": "_book",
        "targetObj": "_librarian",
        "IsCollision": true,
        "response": "natural",
        "comment": "handover book for issuing",
        "Syncronous": true,
        "repeatactionfor": "null"
      },
      {
        "actresid": "Handover_book",
        "sourceObj": "_book",
        "targetObj": "_user",
        "IsCollision": true,
        "response": "natural",
        "comment": "handover book to user",
        "Syncronous": true,
        "repeatactionfor": "null"
      },
      {
        "actresid": "Add_book_to_collection",
        "sourceObj": "_book",
        "targetObj": "_user_book_collection",
        "IsCollision": false,
        "response": "natural",
        "comment": "issued book added to collection",
        "Syncronous": true,
        "repeatactionfor": "null"
      },
      {
        "actresid": "Exit_library",
        "sourceObj": "_user",
        "targetObj": "_door",
        "IsCollision": true,
        "response": "passthrough",
        "comment": "Exit out of library",
        "Syncronous": true,
        "repeatactionfor": ""
      }
    ]
  },
  {
    "ObjAction": [
      {
        "actresid": "enter_library",
        "sourceObj": "_user",
        "targetObj": "_door",
        "IsCollision": true,
        "response": "passthrough",
        "comment": "Enter_library",
        "Syncronous": true,
        "repeatactionfor": ""
      },
      {
        "actresid": "Search_game",
        "sourceObj": "_user",
        "targetObj": "_desktop",
        "IsCollision": true,
        "response": "custom",
        "comment": "Input desired game name",
        "Syncronous": true,
        "repeatactionfor": "null"
      },
      {
        "actresid": "Get_game_shelf_location",
        "sourceObj": "_desktop",
        "targetObj": "_desktop",
        "IsCollision": false,
        "response": "custom",
        "comment": "Game shelf location displayed",
        "Syncronous": true,
        "repeatactionfor": "null"
      },
      {
        "actresid": "Go to shelf_location",
        "sourceObj": "_user",
        "targetObj": "_game_shelf",
        "IsCollision": true,
        "response": "natural",
        "comment": "Reach shelf",
        "Syncronous": true,
        "repeatactionfor": "null"
      },
      {
        "actresid": "Access_game_cd",
        "sourceObj": "_user",
        "targetObj": "_game_cd",
        "IsCollision": true,
        "response": "natural",
        "comment": "Game CD picked",
        "Syncronous": true,
        "repeatactionfor": "null"
      },
      {
        "actresid": "Issue_game",
        "sourceObj": "_game_cd",
        "targetObj": "_librarian",
        "IsCollision": true,
        "response": "natural",
        "comment": "handover game CD for issuing",
        "Syncronous": true,
        "repeatactionfor": "null"
      },
      {
        "actresid": "Handover_game_cd",
        "sourceObj": "_game_cd",
        "targetObj": "_user",
        "IsCollision": true,
        "response": "natural",
        "comment": "handover game CD to user",
        "Syncronous": true,
        "repeatactionfor": "null"
      },
      {
        "actresid": "Add_game_to_collection",
        "sourceObj": "_game_cd",
        "targetObj": "_user_game_collection",
        "IsCollision": false,
        "response": "natural",
        "comment": "issued game added to collection",
        "Syncronous": true,
        "repeatactionfor": "null"
      },
      {
        "actresid": "Exit_library",
        "sourceObj": "_user",
        "targetObj": "_door",
        "IsCollision": true,
        "response": "passthrough",
        "comment": "Exit out of library",
        "Syncronous": true,
        "repeatactionfor": ""
      }
    ]
  },
  {
    "ObjAction": [
      {
        "actresid": "enter_library",
        "sourceObj": "_user",
        "targetObj": "_door",
        "IsCollision": true,
        "response": "passthrough",
        "comment": "Enter_library",
        "Syncronous": true,
        "repeatactionfor": ""
      },
      {
        "actresid": "Search_movie",
        "sourceObj": "_user",
        "targetObj": "_desktop",
        "IsCollision": true,
        "response": "custom",
        "comment": "Input desired movie name",
        "Syncronous": true,
        "repeatactionfor": "null"
      },
      {
        "actresid": "Get_movie_shelf_location",
        "sourceObj": "_desktop",
        "targetObj": "_desktop",
        "IsCollision": false,
        "response": "custom",
        "comment": "Game shelf location displayed",
        "Syncronous": true,
        "repeatactionfor": "null"
      },
      {
        "actresid": "Go to shelf_location",
        "sourceObj": "_user",
        "targetObj": "_game_shelf",
        "IsCollision": true,
        "response": "natural",
        "comment": "Reach shelf",
        "Syncronous": true,
        "repeatactionfor": "null"
      },
      {
        "actresid": "Access_movie_cd",
        "sourceObj": "_user",
        "targetObj": "_movie_cd",
        "IsCollision": true,
        "response": "natural",
        "comment": "Movie CD picked",
        "Syncronous": true,
        "repeatactionfor": "null"
      },
      {
        "actresid": "Issue_movie",
        "sourceObj": "_movie_cd",
        "targetObj": "_librarian",
        "IsCollision": true,
        "response": "natural",
        "comment": "handover movie CD for issuing",
        "Syncronous": true,
        "repeatactionfor": "null"
      },
      {
        "actresid": "Handover_movie_cd",
        "sourceObj": "_movie_cd",
        "targetObj": "_user",
        "IsCollision": true,
        "response": "natural",
        "comment": "handover movie CD to user",
        "Syncronous": true,
        "repeatactionfor": "null"
      },
      {
        "actresid": "Add_movie_to_collection",
        "sourceObj": "_movie_cd",
        "targetObj": "_user_movie_collection",
        "IsCollision": false,
        "response": "natural",
        "comment": "issued movie added to collection",
        "Syncronous": true,
        "repeatactionfor": "null"
      },
      {
        "actresid": "Exit_library",
        "sourceObj": "_user",
        "targetObj": "_door",
        "IsCollision": true,
        "response": "passthrough",
        "comment": "Exit out of library",
        "Syncronous": true,
        "repeatactionfor": ""
      }
    ]
  },
  {
    "ObjAction": [
      {
        "actresid": "User Walks",
        "sourceObj": "_user",
        "targetObj": "floor",
        "IsCollision": true,
        "response": "user starts walking",
        "comment": "user walks towards other user",
        "Syncronous": true,
        "repeatactionfor": ""
      },
      {
        "actresid": "Reach other user",
        "sourceObj": "_userObj",
        "targetObj": "_userObj",
        "IsCollision": true,
        "response": "natural",
        "comment": "Reach target user destination",
        "Syncronous": true,
        "repeatactionfor": "null"
      },
      {
        "actresid": "Start interaction",
        "sourceObj": "_userObj",
        "targetObj": "_userObj",
        "IsCollision": false,
        "response": "natural",
        "comment": "Type message to chat",
        "Syncronous": true,
        "repeatactionfor": "all users"
      }
    ]
  },
  {
    "ObjAction": [
      {
        "actresid": "user_enters_reading_room",
        "sourceObj": "_user",
        "targetObj": "floor",
        "IsCollision": true,
        "response": "user starts walking",
        "comment": "user enters reading room",
        "Syncronous": true,
        "repeatactionfor": "all users"
      },
      {
        "actresid": "select_book_to_read",
        "sourceObj": "_user",
        "targetObj": "user_book_collection",
        "IsCollision": false,
        "response": "natural",
        "comment": "select book from issued collection",
        "Syncronous": true,
        "repeatactionfor": "all users"
      },
      {
        "actresid": "read_book",
        "sourceObj": "_user",
        "targetObj": "_book",
        "IsCollision": false,
        "response": "natural",
        "comment": "User reads book selected from his collection",
        "Syncronous": true,
        "repeatactionfor": "all users"
      }
    ]
  },
  {
    "ObjAction": [
      {
        "actresid": "user_enters_game_room",
        "sourceObj": "_user",
        "targetObj": "floor",
        "IsCollision": true,
        "response": "user starts walking",
        "comment": "user enters game room",
        "Syncronous": true,
        "repeatactionfor": "all users"
      },
      {
        "actresid": "select_game_to_play",
        "sourceObj": "_user",
        "targetObj": "user_game_collection",
        "IsCollision": false,
        "response": "natural",
        "comment": "select game CD from issued collection",
        "Syncronous": true,
        "repeatactionfor": "all users"
      },
      {
        "actresid": "play_game",
        "sourceObj": "_user",
        "targetObj": "_game_cd",
        "IsCollision": false,
        "response": "natural",
        "comment": "User plays game selected from his collection",
        "Syncronous": true,
        "repeatactionfor": "all users"
      }
    ]
  },
  {
    "ObjAction": [
      {
        "actresid": "user_enters_movie_room",
        "sourceObj": "_user",
        "targetObj": "floor",
        "IsCollision": true,
        "response": "user starts walking",
        "comment": "user enters movie room",
        "Syncronous": true,
        "repeatactionfor": "all users"
      },
      {
        "actresid": "select_movie_to_watch",
        "sourceObj": "_user",
        "targetObj": "user_movie_collection",
        "IsCollision": false,
        "response": "natural",
        "comment": "select movie from issued collection",
        "Syncronous": true,
        "repeatactionfor": "all users"
      },
      {
        "actresid": "watch_movie",
        "sourceObj": "_user",
        "targetObj": "_movie_cd",
        "IsCollision": false,
        "response": "natural",
        "comment": "User watches movie selected from his collection",
        "Syncronous": true,
        "repeatactionfor": "all users"
      }
    ]
  },
  {
    "ObjAction": [
      {
        "actresid": "User Walks",
        "sourceObj": "_user",
        "targetObj": "floor",
        "IsCollision": true,
        "response": "user starts walking",
        "comment": "user walks towards librarian",
        "Syncronous": true,
        "repeatactionfor": ""
      },
      {
        "actresid": "reach_librarian",
        "sourceObj": "_user",
        "targetObj": "librarian",
        "IsCollision": true,
        "response": "natural",
        "comment": "Ask for feedback form",
        "Syncronous": true,
        "repeatactionfor": "all users"
      },
      {
        "actresid": "get_feedback_form",
        "sourceObj": "_feedback_form",
        "targetObj": "_user",
        "IsCollision": true,
        "response": "natural",
        "comment": "User collects feedback form",
        "Syncronous": true,
        "repeatactionfor": "all users"
      },
      {
        "actresid": "fill_feedback_form",
        "sourceObj": "_user",
        "targetObj": "_feedback_form",
        "IsCollision": true,
        "response": "natural",
        "comment": "User fills feedback form",
        "Syncronous": true,
        "repeatactionfor": "all users"
      },
      {
        "actresid": "submit_feedback_form",
        "sourceObj": "_feedback_form",
        "targetObj": "_librarian",
        "IsCollision": true,
        "response": "natural",
        "comment": "User collects feedback form",
        "Syncronous": true,
        "repeatactionfor": "all users"
      }
    ]
  }
]
