{
	"articles": [{
			"_objectname": "User",
			"_sid": "_user",
			"_slabel": "A human being who want to access library resources ",
			"_IsHidden": 0,
			"_enumcount": 1,
			"_Is3DObject": 1,
			"HasChild": 0,
			"shape": "capsule",
			"dimension": {
				"dradii": 5,
				"dvolumn": "null",
				"dlength": "30",
				"dbreadth": "null",
				"dheigth": "null"
			},
			"IsText": false,
			"IsText3D": false,
			"lighting": {
				"CastShadow": "1",
				"ReceiveShadow": "1",
				"ContributeGlobalIlumination": "1"
			},
			"IsIlluminate": true,
			"Transform_initialpos": {
				"#x_initialpos": "0",
				"#y_initialpos": "5",
				"#z_initialpos": "0"
			},
			"Transform_initialrotation": {
				"#x_initialrotation": "0",
				"#y_initialrotation": "5",
				"#z_initialrotation": "0"
			},
			"Transform_objectscale": {
				"#x_objectscale": "1",
				"#y_objectscale": "1",
				"#z_objectscale": "1"
			},
			"repeattransfrom": {
				"distfactorx": "0",
				"distfactory": "0",
				"distfactorz": "0"
			},
			"Interaction": {
				"XRGrabInteractable": "0",
				"XRInteractionMaskLayer": "0",
				"TrackPosition": "1",
				"TrackRotation": "1",
				"Throw_Detach": "1",
				"forcegravity": "1",
				"velocity": "3",
				"angularvelocity": "0"
			},
			"Smoothing": "1",
			"Smoothing_duration": "0.5",
			"attachtransform": {
				"#rotate_x": "null",
				"#rotate_y": "null",
				"#rotate_z": "1",
				"#pos_x": "null",
				"#pos_y": "null",
				"#pos_z": "1"
			},
			"XRRigidObject": {
				"value": "5",
				"mass": "60",
				"dragfriction": "5",
				"angulardrag": "0",
				"Isgravityenable": "true",
				"IsKinematic": "1",
				"CanInterpolate": "0",
				"CollisionPolling": "0"
			},
			"aud_hasaudio": "1",
			"aud_type": "static",
			"aud_src": "/path",
			"aud_volume": "10",
			"aud_PlayInloop": "0",
			"aud_IsSurround": "1",
			"aud_Dopplerlevel": "0.9",
			"aud_spread": "null",
			"aud_mindist": "null",
			"aud_maxdist": "null",
			"_Opttxt1": "null",
			"@context_img_source": "blank"
		},
		{
			"_objectname": "Book",
			"_sid": "_book",
			"_slabel": "Book to read by user ",
			"_IsHidden": 0,
			"_enumcount": 100,
			"_Is3DObject": 1,
			"HasChild": 0,
			"shape": "cube",
			"dimension": {
				"dradii": 0,
				"dvolumn": "null",
				"dlength": "5",
				"dbreadth": "3",
				"dheigth": "5"
			},
			"IsText": true,
			"IsText3D": true,
			"lighting": {
				"CastShadow": "1",
				"ReceiveShadow": "1",
				"ContributeGlobalIlumination": "1"
			},
			"IsIlluminate": true,
			"Transform_initialpos": {
				"#x_initialpos": "5",
				"#y_initialpos": "5",
				"#z_initialpos": "0"
			},
			"Transform_initialrotation": {
				"#x_initialrotation": "0",
				"#y_initialrotation": "5",
				"#z_initialrotation": "5"
			},
			"Transform_objectscale": {
				"#x_objectscale": "1",
				"#y_objectscale": "5",
				"#z_objectscale": "5"
			},
			"repeattransfrom": {
				"distfactorx": "5",
				"distfactory": "5",
				"distfactorz": "0"
			},
			"Interaction": {
				"XRGrabInteractable": "1",
				"XRInteractionMaskLayer": "1",
				"TrackPosition": "1",
				"TrackRotation": "1",
				"Throw_Detach": "1",
				"forcegravity": "1",
				"velocity": "0",
				"angularvelocity": "0"
			},
			"Smoothing": "1",
			"Smoothing_duration": "0.5",
			"attachtransform": {
				"#rotate_x": "1",
				"#rotate_y": "1",
				"#rotate_z": "1",
				"#pos_x": "1",
				"#pos_y": "1",
				"#pos_z": "1"
			},
			"XRRigidObject": {
				"value": "5",
				"mass": "10",
				"dragfriction": "2",
				"angulardrag": "0",
				"Isgravityenable": "true",
				"IsKinematic": "0",
				"CanInterpolate": "0",
				"CollisionPolling": "0"
			},
			"aud_hasaudio": "1",
			"aud_type": "static",
			"aud_src": "/path",
			"aud_volume": "10",
			"aud_PlayInloop": "0",
			"aud_IsSurround": "1",
			"aud_Dopplerlevel": "0.9",
			"aud_spread": "null",
			"aud_mindist": "null",
			"aud_maxdist": "null",
			"_Opttxt1": "null",
			"@context_img_source": "blank"
		},
        {
			"_objectname": "Book_Shelf",
			"_sid": "_book_shelf",
			"_slabel": "Location of books",
			"_IsHidden": 0,
			"_enumcount": 5,
			"_Is3DObject": 1,
			"HasChild": 1,
			"shape": "cuboid",
			"dimension": {
				"dradii": 0,
				"dvolumn": "null",
				"dlength": "30",
				"dbreadth": "30",
				"dheigth": "20"
			},
			"IsText": false,
			"IsText3D": false,
			"lighting": {
				"CastShadow": "1",
				"ReceiveShadow": "1",
				"ContributeGlobalIlumination": "1"
			},
			"IsIlluminate": true,
			"Transform_initialpos": {
				"#x_initialpos": "5",
				"#y_initialpos": "5",
				"#z_initialpos": "0"
			},
			"Transform_initialrotation": {
				"#x_initialrotation": "0",
				"#y_initialrotation": "0",
				"#z_initialrotation": "0"
			},
			"Transform_objectscale": {
				"#x_objectscale": "1",
				"#y_objectscale": "1",
				"#z_objectscale": "1"
			},
			"repeattransfrom": {
				"distfactorx": "0",
				"distfactory": "0",
				"distfactorz": "0"
			},
			"Interaction": {
				"XRGrabInteractable": "1",
				"XRInteractionMaskLayer": "1",
				"TrackPosition": "1",
				"TrackRotation": "1",
				"Throw_Detach": "1",
				"forcegravity": "1",
				"velocity": "0",
				"angularvelocity": "0"
			},
			"Smoothing": "1",
			"Smoothing_duration": "0.5",
			"attachtransform": {
				"#rotate_x": "0",
				"#rotate_y": "0",
				"#rotate_z": "0",
				"#pos_x": "1",
				"#pos_y": "1",
				"#pos_z": "0"
			},
			"XRRigidObject": {
				"value": "5",
				"mass": "100",
				"dragfriction": "10",
				"angulardrag": "0",
				"Isgravityenable": "true",
				"IsKinematic": "0",
				"CanInterpolate": "0",
				"CollisionPolling": "0"
			},
			"aud_hasaudio": "1",
			"aud_type": "static",
			"aud_src": "/path",
			"aud_volume": "10",
			"aud_PlayInloop": "0",
			"aud_IsSurround": "1",
			"aud_Dopplerlevel": "0.9",
			"aud_spread": "null",
			"aud_mindist": "null",
			"aud_maxdist": "null",
			"_Opttxt1": "null",
			"@context_img_source": "blank"
		},

        {
			"_objectname": "Desktop",
			"_sid": "_desktop",
			"_slabel": "To search for the location of books",
			"_IsHidden": 0,
			"_enumcount": 1,
			"_Is3DObject": 1,
			"HasChild": 0,
			"shape": "cuboid",
			"dimension": {
				"dradii": 0,
				"dvolumn": "null",
				"dlength": "5",
				"dbreadth": "5",
				"dheigth": "5"
			},
			"IsText": false,
			"IsText3D": false,
			"lighting": {
				"CastShadow": "1",
				"ReceiveShadow": "0",
				"ContributeGlobalIlumination": "1"
			},
			"IsIlluminate": true,
			"Transform_initialpos": {
				"#x_initialpos": "5",
				"#y_initialpos": "3",
				"#z_initialpos": "0"
			},
			"Transform_initialrotation": {
				"#x_initialrotation": "0",
				"#y_initialrotation": "0",
				"#z_initialrotation": "0"
			},
			"Transform_objectscale": {
				"#x_objectscale": "1",
				"#y_objectscale": "5",
				"#z_objectscale": "5"
			},
			"repeattransfrom": {
				"distfactorx": "0",
				"distfactory": "0",
				"distfactorz": "0"
			},
			"Interaction": {
				"XRGrabInteractable": "1",
				"XRInteractionMaskLayer": "1",
				"TrackPosition": "1",
				"TrackRotation": "1",
				"Throw_Detach": "1",
				"forcegravity": "1",
				"velocity": "0",
				"angularvelocity": "0"
			},
			"Smoothing": "1",
			"Smoothing_duration": "0.5",
			"attachtransform": {
				"#rotate_x": "1",
				"#rotate_y": "1",
				"#rotate_z": "0",
				"#pos_x": "1",
				"#pos_y": "1",
				"#pos_z": "0"
			},
			"XRRigidObject": {
				"value": "5",
				"mass": "10",
				"dragfriction": "2",
				"angulardrag": "0",
				"Isgravityenable": "true",
				"IsKinematic": "0",
				"CanInterpolate": "0",
				"CollisionPolling": "1"
			},
			"aud_hasaudio": "1",
			"aud_type": "static",
			"aud_src": "/path",
			"aud_volume": "10",
			"aud_PlayInloop": "0",
			"aud_IsSurround": "1",
			"aud_Dopplerlevel": "0.9",
			"aud_spread": "null",
			"aud_mindist": "null",
			"aud_maxdist": "null",
			"_Opttxt1": "null",
			"@context_img_source": "blank"
		},
        {
			"_objectname": "Door",
			"_sid": "_door",
			"_slabel": "Entering or exiting library through door",
			"_IsHidden": 0,
			"_enumcount": 1,
			"_Is3DObject": 1,
			"HasChild": 0,
			"shape": "cuboid",
			"dimension": {
				"dradii": 0,
				"dvolumn": "null",
				"dlength": "50",
				"dbreadth": "5",
				"dheigth": "50"
			},
			"IsText": false,
			"IsText3D": false,
			"lighting": {
				"CastShadow": "1",
				"ReceiveShadow": "0",
				"ContributeGlobalIlumination": "1"
			},
			"IsIlluminate": true,
			"Transform_initialpos": {
				"#x_initialpos": "0",
				"#y_initialpos": "5",
				"#z_initialpos": "0"
			},
			"Transform_initialrotation": {
				"#x_initialrotation": "90",
				"#y_initialrotation": "90",
				"#z_initialrotation": "0"
			},
			"Transform_objectscale": {
				"#x_objectscale": "0.5",
				"#y_objectscale": "0",
				"#z_objectscale": "0.5"
			},
			"repeattransfrom": {
				"distfactorx": "0",
				"distfactory": "0",
				"distfactorz": "0"
			},
			"Interaction": {
				"XRGrabInteractable": "1",
				"XRInteractionMaskLayer": "1",
				"TrackPosition": "1",
				"TrackRotation": "1",
				"Throw_Detach": "1",
				"forcegravity": "1",
				"velocity": "0",
				"angularvelocity": "5"
			},
			"Smoothing": "1",
			"Smoothing_duration": "0.5",
			"attachtransform": {
				"#rotate_x": "1",
				"#rotate_y": "1",
				"#rotate_z": "0",
				"#pos_x": "1",
				"#pos_y": "1",
				"#pos_z": "0"
			},
			"XRRigidObject": {
				"value": "5",
				"mass": "10",
				"dragfriction": "0",
				"angulardrag": "1",
				"Isgravityenable": "true",
				"IsKinematic": "0",
				"CanInterpolate": "0",
				"CollisionPolling": "1"
			},
			"aud_hasaudio": "1",
			"aud_type": "static",
			"aud_src": "/path",
			"aud_volume": "10",
			"aud_PlayInloop": "0",
			"aud_IsSurround": "1",
			"aud_Dopplerlevel": "0.9",
			"aud_spread": "null",
			"aud_mindist": "null",
			"aud_maxdist": "null",
			"_Opttxt1": "null",
			"@context_img_source": "blank"
		},
     
        

        {"_objectname": "Librarian",
			"_sid": "_librarian",
			"_slabel": "To get your book issued ",
			"_IsHidden": 0,
			"_enumcount": 1,
			"_Is3DObject": 1,
			"HasChild": 0,
			"shape": "capsule",
			"dimension": {
				"dradii": 5,
				"dvolumn": "null",
				"dlength": "30",
				"dbreadth": "null",
				"dheigth": "null"
			},
			"IsText": false,
			"IsText3D": false,
			"lighting": {
				"CastShadow": "1",
				"ReceiveShadow": "1",
				"ContributeGlobalIlumination": "1"
			},
			"IsIlluminate": true,
			"Transform_initialpos": {
				"#x_initialpos": "10",
				"#y_initialpos": "10",
				"#z_initialpos": "0"
			},
			"Transform_initialrotation": {
				"#x_initialrotation": "90",
				"#y_initialrotation": "90",
				"#z_initialrotation": "0"
			},
			"Transform_objectscale": {
				"#x_objectscale": "1",
				"#y_objectscale": "1",
				"#z_objectscale": "1"
			},
			"repeattransfrom": {
				"distfactorx": "5",
				"distfactory": "5",
				"distfactorz": "0"
			},
			"Interaction": {
				"XRGrabInteractable": "0",
				"XRInteractionMaskLayer": "0",
				"TrackPosition": "1",
				"TrackRotation": "1",
				"Throw_Detach": "1",
				"forcegravity": "1",
				"velocity": "0",
				"angularvelocity": "0"
			},
			"Smoothing": "1",
			"Smoothing_duration": "0.5",
			"attachtransform": {
				"#rotate_x": "null",
				"#rotate_y": "null",
				"#rotate_z": "null",
				"#pos_x": "null",
				"#pos_y": "null",
				"#pos_z": "null"
			},
			"XRRigidObject": {
				"value": "5",
				"mass": "60",
				"dragfriction": "0",
				"angulardrag": "0",
				"Isgravityenable": "true",
				"IsKinematic": "0",
				"CanInterpolate": "0",
				"CollisionPolling": "0"
			},
			"aud_hasaudio": "1",
			"aud_type": "static",
			"aud_src": "/path",
			"aud_volume": "10",
			"aud_PlayInloop": "0",
			"aud_IsSurround": "1",
			"aud_Dopplerlevel": "0.9",
			"aud_spread": "null",
			"aud_mindist": "null",
			"aud_maxdist": "null",
			"_Opttxt1": "null",
			"@context_img_source": "blank"
		},

		{
			"_objectname": "Game_Shelf",
			"_sid": "_game_shelf",
			"_slabel": "Location of game_cd",
			"_IsHidden": 0,
			"_enumcount": 5,
			"_Is3DObject": 1,
			"HasChild": 1,
			"shape": "cuboid",
			"dimension": {
				"dradii": 0,
				"dvolumn": "null",
				"dlength": "30",
				"dbreadth": "30",
				"dheigth": "20"
			},
			"IsText": false,
			"IsText3D": false,
			"lighting": {
				"CastShadow": "1",
				"ReceiveShadow": "1",
				"ContributeGlobalIlumination": "1"
			},
			"IsIlluminate": true,
			"Transform_initialpos": {
				"#x_initialpos": "10",
				"#y_initialpos": "10",
				"#z_initialpos": "0"
			},
			"Transform_initialrotation": {
				"#x_initialrotation": "0",
				"#y_initialrotation": "0",
				"#z_initialrotation": "0"
			},
			"Transform_objectscale": {
				"#x_objectscale": "1",
				"#y_objectscale": "1",
				"#z_objectscale": "1"
			},
			"repeattransfrom": {
				"distfactorx": "0",
				"distfactory": "0",
				"distfactorz": "0"
			},
			"Interaction": {
				"XRGrabInteractable": "1",
				"XRInteractionMaskLayer": "1",
				"TrackPosition": "1",
				"TrackRotation": "1",
				"Throw_Detach": "1",
				"forcegravity": "1",
				"velocity": "0",
				"angularvelocity": "0"
			},
			"Smoothing": "1",
			"Smoothing_duration": "0.5",
			"attachtransform": {
				"#rotate_x": "0",
				"#rotate_y": "0",
				"#rotate_z": "0",
				"#pos_x": "1",
				"#pos_y": "1",
				"#pos_z": "0"
			},
			"XRRigidObject": {
				"value": "5",
				"mass": "100",
				"dragfriction": "10",
				"angulardrag": "0",
				"Isgravityenable": "true",
				"IsKinematic": "0",
				"CanInterpolate": "0",
				"CollisionPolling": "0"
			},
			"aud_hasaudio": "1",
			"aud_type": "static",
			"aud_src": "/path",
			"aud_volume": "10",
			"aud_PlayInloop": "0",
			"aud_IsSurround": "1",
			"aud_Dopplerlevel": "0.9",
			"aud_spread": "null",
			"aud_mindist": "null",
			"aud_maxdist": "null",
			"_Opttxt1": "null",
			"@context_img_source": "blank"
		},
		{
			"_objectname": "Game_cd",
			"_sid": "_game_cd",
			"_slabel": "cd of games user wants to play",
			"_IsHidden": 0,
			"_enumcount": 100,
			"_Is3DObject": 1,
			"HasChild": 0,
			"shape": "sphere",
			"dimension": {
				"dradii": 2,
				"dvolumn": "null",
				"dlength": "null",
				"dbreadth": "null",
				"dheigth": "null"
			},
			"IsText": false,
			"IsText3D": false,
			"lighting": {
				"CastShadow": "1",
				"ReceiveShadow": "1",
				"ContributeGlobalIlumination": "1"
			},
			"IsIlluminate": true,
			"Transform_initialpos": {
				"#x_initialpos": "10",
				"#y_initialpos": "10",
				"#z_initialpos": "0"
			},
			"Transform_initialrotation": {
				"#x_initialrotation": "0",
				"#y_initialrotation": "5",
				"#z_initialrotation": "5"
			},
			"Transform_objectscale": {
				"#x_objectscale": "1",
				"#y_objectscale": "1",
				"#z_objectscale": "5"
			},
			"repeattransfrom": {
				"distfactorx": "10",
				"distfactory": "10",
				"distfactorz": "0"
			},
			"Interaction": {
				"XRGrabInteractable": "1",
				"XRInteractionMaskLayer": "1",
				"TrackPosition": "1",
				"TrackRotation": "1",
				"Throw_Detach": "1",
				"forcegravity": "1",
				"velocity": "0",
				"angularvelocity": "0"
			},
			"Smoothing": "1",
			"Smoothing_duration": "0.5",
			"attachtransform": {
				"#rotate_x": "1",
				"#rotate_y": "1",
				"#rotate_z": "1",
				"#pos_x": "1",
				"#pos_y": "1",
				"#pos_z": "1"
			},
			"XRRigidObject": {
				"value": "5",
				"mass": "10",
				"dragfriction": "0",
				"angulardrag": "2",
				"Isgravityenable": "true",
				"IsKinematic": "0",
				"CanInterpolate": "0",
				"CollisionPolling": "0"
			},
			"aud_hasaudio": "1",
			"aud_type": "static",
			"aud_src": "/path",
			"aud_volume": "10",
			"aud_PlayInloop": "0",
			"aud_IsSurround": "1",
			"aud_Dopplerlevel": "0.9",
			"aud_spread": "null",
			"aud_mindist": "null",
			"aud_maxdist": "null",
			"_Opttxt1": "null",
			"@context_img_source": "blank"
		},
		{
			"_objectname": "movie_cd",
			"_sid": "_movie_cd",
			"_slabel": "cd of movies user wants to watch",
			"_IsHidden": 0,
			"_enumcount": 100,
			"_Is3DObject": 1,
			"HasChild": 0,
			"shape": "sphere",
			"dimension": {
				"dradii": 2,
				"dvolumn": "null",
				"dlength": "null",
				"dbreadth": "null",
				"dheigth": "null"
			},
			"IsText": false,
			"IsText3D": false,
			"lighting": {
				"CastShadow": "1",
				"ReceiveShadow": "1",
				"ContributeGlobalIlumination": "1"
			},
			"IsIlluminate": true,
			"Transform_initialpos": {
				"#x_initialpos": "15",
				"#y_initialpos": "10",
				"#z_initialpos": "0"
			},
			"Transform_initialrotation": {
				"#x_initialrotation": "0",
				"#y_initialrotation": "5",
				"#z_initialrotation": "5"
			},
			"Transform_objectscale": {
				"#x_objectscale": "1",
				"#y_objectscale": "1",
				"#z_objectscale": "5"
			},
			"repeattransfrom": {
				"distfactorx": "15",
				"distfactory": "10",
				"distfactorz": "0"
			},
			"Interaction": {
				"XRGrabInteractable": "1",
				"XRInteractionMaskLayer": "1",
				"TrackPosition": "1",
				"TrackRotation": "1",
				"Throw_Detach": "1",
				"forcegravity": "1",
				"velocity": "0",
				"angularvelocity": "0"
			},
			"Smoothing": "1",
			"Smoothing_duration": "0.5",
			"attachtransform": {
				"#rotate_x": "1",
				"#rotate_y": "1",
				"#rotate_z": "1",
				"#pos_x": "1",
				"#pos_y": "1",
				"#pos_z": "1"
			},
			"XRRigidObject": {
				"value": "5",
				"mass": "10",
				"dragfriction": "0",
				"angulardrag": "2",
				"Isgravityenable": "true",
				"IsKinematic": "0",
				"CanInterpolate": "0",
				"CollisionPolling": "0"
			},
			"aud_hasaudio": "1",
			"aud_type": "static",
			"aud_src": "/path",
			"aud_volume": "10",
			"aud_PlayInloop": "0",
			"aud_IsSurround": "1",
			"aud_Dopplerlevel": "0.9",
			"aud_spread": "null",
			"aud_mindist": "null",
			"aud_maxdist": "null",
			"_Opttxt1": "null",
			"@context_img_source": "blank"
		},
		{
			"_objectname": "Feedback Form",
			"_sid": "_feedback_form",
			"_slabel": "Feedback form",
			"_IsHidden": 1,
			"_enumcount": 100,
			"_Is3DObject": 1,
			"HasChild": 0,
			"shape": "cube",
			"dimension": {
				"dradii": 0,
				"dvolumn": "null",
				"dlength": "5",
				"dbreadth": "3",
				"dheigth": "0.5"
			},
			"IsText": true,
			"IsText3D": true,
			"lighting": {
				"CastShadow": "1",
				"ReceiveShadow": "1",
				"ContributeGlobalIlumination": "1"
			},
			"IsIlluminate": true,
			"Transform_initialpos": {
				"#x_initialpos": "10",
				"#y_initialpos": "10",
				"#z_initialpos": "0"
			},
			"Transform_initialrotation": {
				"#x_initialrotation": "10",
				"#y_initialrotation": "10",
				"#z_initialrotation": "0"
			},
			"Transform_objectscale": {
				"#x_objectscale": "1",
				"#y_objectscale": "1",
				"#z_objectscale": "1"
			},
			"repeattransfrom": {
				"distfactorx": "10",
				"distfactory": "10",
				"distfactorz": "0"
			},
			"Interaction": {
				"XRGrabInteractable": "1",
				"XRInteractionMaskLayer": "1",
				"TrackPosition": "1",
				"TrackRotation": "1",
				"Throw_Detach": "1",
				"forcegravity": "1",
				"velocity": "0",
				"angularvelocity": "0"
			},
			"Smoothing": "1",
			"Smoothing_duration": "0.5",
			"attachtransform": {
				"#rotate_x": "1",
				"#rotate_y": "1",
				"#rotate_z": "1",
				"#pos_x": "1",
				"#pos_y": "1",
				"#pos_z": "1"
			},
			"XRRigidObject": {
				"value": "5",
				"mass": "5",
				"dragfriction": "2",
				"angulardrag": "0",
				"Isgravityenable": "true",
				"IsKinematic": "0",
				"CanInterpolate": "0",
				"CollisionPolling": "0"
			},
			"aud_hasaudio": "1",
			"aud_type": "static",
			"aud_src": "/path",
			"aud_volume": "10",
			"aud_PlayInloop": "0",
			"aud_IsSurround": "1",
			"aud_Dopplerlevel": "0.9",
			"aud_spread": "null",
			"aud_mindist": "null",
			"aud_maxdist": "null",
			"_Opttxt1": "null",
			"@context_img_source": "blank"
		}
	]
}