{
    "behavior": [
        {
            "bid": "booksearchresult",
            "bname": "behavior for showing results of book search",
            "bdescription": "",
            "articlesused": "User, Desktop",
            "logic": "SWYjYm9vayAkcHJlc2VudCBsaWJyYXJ5IzogIyRkaXNwbGF5IHNoZWxmX2xvY2F0aW9uIQ=="
        },
        {
            "bid": "gamesearchresult",
            "bname": "behavior for showing results of game search",
            "bdescription": "",
            "articlesused": "User, Desktop",
            "logic": "SWYjZ2FtZSAkcHJlc2VudCBsaWJyYXJ5IzogIyRkaXNwbGF5IHNoZWxmX2xvY2F0aW9uIQ=="
        },
        {
            "bid": "moviesearchresult",
            "bname": "behavior for showing results of movie search",
            "bdescription": "",
            "articlesused": "User, Desktop",
            "logic": "SWYjbW92aWUgJHByZXNlbnQgbGlicmFyeSM6ICMkZGlzcGxheSBzaGVsZl9sb2NhdGlvbiE="
        },
        {
            "bid": "issuebook",
            "bname": "behavior for issuing a book from the library",
            "bdescription": "",
            "articlesused": "User, Book, Librarian",
            "logic": "SWYjJG5vdHJlc2VydmVkIGJvb2sgQU5EICRpc3N1ZWRib29rc2xpbWl0bm90cmVhY2hlZCB1c2VyIzogIyRpc3N1ZSBib29rIHVzZXIh"
        },
        {
            "bid": "issuegame",
            "bname": "behavior for issuing a game from the library",
            "bdescription": "",
            "articlesused": "User, Game, Librarian",
            "logic": "SWYjJG5vdHJlc2VydmVkIGdhbWUgQU5EICRpc3N1ZWRnYW1lc2xpbWl0bm90cmVhY2hlZCB1c2VyIzogIyRpc3N1ZSBnYW1lIHVzZXIh"
        },
        {
            "bid": "issuemovie",
            "bname": "behavior for issuing a movie from the library",
            "bdescription": "",
            "articlesused": "User, Movie, Librarian",
            "logic": "SWYjJG5vdHJlc2VydmVkIG1vdmllIEFORCAkaXNzdWVkbW92aWVzbGltaXRub3RyZWFjaGVkIHVzZXIjOiAjJGlzc3VlIG1vdmllIHVzZXIh"
        },
        {
            "bid": "exitlibrary",
            "bname": "behavior for exiting library",
            "bdescription": "",
            "articlesused": "User",
            "logic": "SWYjJG5vdW5pc3N1ZWRib29rd2l0aG9sZGluZyB1c2VyIEFORCAkbm91bmlzc3VlZGdhbWV3aXRob2xkaW5nIHVzZXIgQU5EICRub3VuaXNzdWVkbW92aWV3aXRob2xkaW5nIHVzZXIgIzogIyRleGl0IHVzZXIh"
        }
    ]
}