[
  {
    "_scenename": "Library",
    "_sid": "45189",
    "_slabel": "This is a interactive library",
    "_playarea": {
      "#pid": "p1",
      "#length": "50",
      "#breadth": "50",
      "#height": "50",
      "#comment": "Values in feets",
      "#x_scenecenter": 0,
      "#y_scenecenter": 5,
      "#z_scenecenter": 0
    },
    "_camera": {
      "IsSceneObject": true,
      "trackingorigin": "eye"
    },
    "_initialcamerapos": {
      "#x_initialcamerapos": "0",
      "#y_initialcamerapos": "5",
      "#z_initialcamerapos": "0"
    },
    "_viewport": {
      "#x_viewport": "0",
      "#y_viewport": "0",
      "#w_viewport": "1",
      "#h_viewport": "1"
    },
    "_clippingplane": {
      "near_cp": 0.01,
      "far_cp": 1000
    },
    "_horizon": false,
    "_dof": 6,
    "_skybox": 6,
    "_controllers": {
      "type": "hand",
      "raycast": true,
      "raydistance": 5,
      "raythinkness": 1,
      "raycolor": "red",
      "raytype": "curve"
    },
    "_gravity": {
      "value": 5
    },
    "_interaction": true,
    "_nestedscene": {
      "#value": false,
      "#scenecount": 0,
      "#sid_order": 0
    },
    "_audio": true,
    "_timeline": true,
    "_Opttxt1": "null",
    "@context_mock": "_blank",
    "usertype": [
      {
        "type": "single",
        "uplayarea": {
          "#length_uplayarea": 20,
          "#breadth_uplayarea": 80,
          "#height_uplayarea": 20
        },
        "initialupos": {
          "#x_initialupos": -10,
          "#y_initialupos": 0,
          "#z_initialupos": 0
        },
        "uplayareacenter": {
          "#x_uplayareacenter": -10,
          "#y_uplayareacenter": 10,
          "#z_uplayareacenter": 0
        }
      }
    ]
  },
  {
    "_scenename": "Book",
    "_sid": "45190",
    "_slabel": "This is a interactive book",
    "_playarea": {
      "#pid": "p1",
      "#length": "50",
      "#breadth": "50",
      "#height": "50",
      "#comment": "Values in feets",
      "#x_scenecenter": 0,
      "#y_scenecenter": 5,
      "#z_scenecenter": 0
    },
    "_camera": {
      "IsSceneObject": true,
      "trackingorigin": "eye"
    },
    "_initialcamerapos": {
      "#x_initialcamerapos": "0",
      "#y_initialcamerapos": "5",
      "#z_initialcamerapos": "0"
    },
    "_viewport": {
      "#x_viewport": "0",
      "#y_viewport": "0",
      "#w_viewport": "1",
      "#h_viewport": "1"
    },
    "_clippingplane": {
      "near_cp": 0.01,
      "far_cp": 100
    },
    "_horizon": false,
    "_dof": 6,
    "_skybox": 6,
    "_controllers": {
      "type": "hand",
      "raycast": true,
      "raydistance": 5,
      "raythinkness": 1,
      "raycolor": "red",
      "raytype": "curve"
    },
    "_gravity": {
      "value": 0
    },
    "_interaction": true,
    "_nestedscene": {
      "#value": false,
      "#scenecount": 0,
      "#sid_order": 2
    },
    "_audio": true,
    "_timeline": true,
    "_Opttxt1": "null",
    "@context_mock": "_blank",
    "usertype": [
      {
        "type": "single",
        "uplayarea": {
          "#length_uplayarea": 20,
          "#breadth_uplayarea": 20,
          "#height_uplayarea": 20
        },
        "initialupos": {
          "#x_initialupos": -10,
          "#y_initialupos": 0,
          "#z_initialupos": 0
        },
        "uplayareacenter": {
          "#x_uplayareacenter": -10,
          "#y_uplayareacenter": 10,
          "#z_uplayareacenter": 0
        }
      }
    ]
  },
  {
    "_scenename": "Reading room",
    "_sid": "45191",
    "_slabel": "This is a reading room",
    "_playarea": {
      "#pid": "p1",
      "#length": "50",
      "#breadth": "50",
      "#height": "50",
      "#comment": "Values in feets",
      "#x_scenecenter": 0,
      "#y_scenecenter": 5,
      "#z_scenecenter": 0
    },
    "_camera": {
      "IsSceneObject": true,
      "trackingorigin": "eye"
    },
    "_initialcamerapos": {
      "#x_initialcamerapos": "0",
      "#y_initialcamerapos": "5",
      "#z_initialcamerapos": "0"
    },
    "_viewport": {
      "#x_viewport": "0",
      "#y_viewport": "0",
      "#w_viewport": "1",
      "#h_viewport": "1"
    },
    "_clippingplane": {
      "near_cp": 0.01,
      "far_cp": 1000
    },
    "_horizon": false,
    "_dof": 6,
    "_skybox": 6,
    "_controllers": {
      "type": "hand",
      "raycast": true,
      "raydistance": 5,
      "raythinkness": 1,
      "raycolor": "red",
      "raytype": "curve"
    },
    "_gravity": {
      "value": 5
    },
    "_interaction": true,
    "_nestedscene": {
      "#value": true,
      "#scenecount": 1,
      "#sid_order": 1
    },
    "_audio": true,
    "_timeline": true,
    "_Opttxt1": "null",
    "@context_mock": "_blank",
    "usertype": [
      {
        "type": "single",
        "uplayarea": {
          "#length_uplayarea": 20,
          "#breadth_uplayarea": 80,
          "#height_uplayarea": 20
        },
        "initialupos": {
          "#x_initialupos": -10,
          "#y_initialupos": 0,
          "#z_initialupos": 0
        },
        "uplayareacenter": {
          "#x_uplayareacenter": -10,
          "#y_uplayareacenter": 10,
          "#z_uplayareacenter": 0
        }
      }
    ]
  },
  {
    "_scenename": "Music room",
    "_sid": "45189",
    "_slabel": "This is a music room",
    "_playarea": {
      "#pid": "p1",
      "#length": "50",
      "#breadth": "50",
      "#height": "50",
      "#comment": "Values in feets",
      "#x_scenecenter": 0,
      "#y_scenecenter": 5,
      "#z_scenecenter": 0
    },
    "_camera": {
      "IsSceneObject": true,
      "trackingorigin": "eye"
    },
    "_initialcamerapos": {
      "#x_initialcamerapos": "0",
      "#y_initialcamerapos": "5",
      "#z_initialcamerapos": "0"
    },
    "_viewport": {
      "#x_viewport": "0",
      "#y_viewport": "0",
      "#w_viewport": "1",
      "#h_viewport": "1"
    },
    "_clippingplane": {
      "near_cp": 0.01,
      "far_cp": 1000
    },
    "_horizon": false,
    "_dof": 6,
    "_skybox": 6,
    "_controllers": {
      "type": "hand",
      "raycast": true,
      "raydistance": 5,
      "raythinkness": 1,
      "raycolor": "red",
      "raytype": "curve"
    },
    "_gravity": {
      "value": 5
    },
    "_interaction": true,
    "_nestedscene": {
      "#value": true,
      "#scenecount": 1,
      "#sid_order": 1
    },
    "_audio": true,
    "_timeline": true,
    "_Opttxt1": "null",
    "@context_mock": "_blank",
    "usertype": [
      {
        "type": "single",
        "uplayarea": {
          "#length_uplayarea": 20,
          "#breadth_uplayarea": 80,
          "#height_uplayarea": 20
        },
        "initialupos": {
          "#x_initialupos": -10,
          "#y_initialupos": 0,
          "#z_initialupos": 0
        },
        "uplayareacenter": {
          "#x_uplayareacenter": -10,
          "#y_uplayareacenter": 10,
          "#z_uplayareacenter": 0
        }
      }
    ]
  },
  {
    "_scenename": "Game room",
    "_sid": "45192",
    "_slabel": "This is a game room",
    "_playarea": {
      "#pid": "p1",
      "#length": "50",
      "#breadth": "50",
      "#height": "50",
      "#comment": "Values in feets",
      "#x_scenecenter": 0,
      "#y_scenecenter": 5,
      "#z_scenecenter": 0
    },
    "_camera": {
      "IsSceneObject": true,
      "trackingorigin": "eye"
    },
    "_initialcamerapos": {
      "#x_initialcamerapos": "0",
      "#y_initialcamerapos": "5",
      "#z_initialcamerapos": "0"
    },
    "_viewport": {
      "#x_viewport": "0",
      "#y_viewport": "0",
      "#w_viewport": "1",
      "#h_viewport": "1"
    },
    "_clippingplane": {
      "near_cp": 0.01,
      "far_cp": 1000
    },
    "_horizon": false,
    "_dof": 6,
    "_skybox": 6,
    "_controllers": {
      "type": "hand",
      "raycast": true,
      "raydistance": 5,
      "raythinkness": 1,
      "raycolor": "red",
      "raytype": "curve"
    },
    "_gravity": {
      "value": 5
    },
    "_interaction": true,
    "_nestedscene": {
      "#value": true,
      "#scenecount": 1,
      "#sid_order": 1
    },
    "_audio": true,
    "_timeline": true,
    "_Opttxt1": "null",
    "@context_mock": "_blank",
    "usertype": [
      {
        "type": "single",
        "uplayarea": {
          "#length_uplayarea": 20,
          "#breadth_uplayarea": 80,
          "#height_uplayarea": 20
        },
        "initialupos": {
          "#x_initialupos": -10,
          "#y_initialupos": 0,
          "#z_initialupos": 0
        },
        "uplayareacenter": {
          "#x_uplayareacenter": -10,
          "#y_uplayareacenter": 10,
          "#z_uplayareacenter": 0
        }
      }
    ]
  },
  {
    "_scenename": "Media player",
    "_sid": "45193",
    "_slabel": "This is a music player",
    "_playarea": {
      "#pid": "p1",
      "#length": "50",
      "#breadth": "50",
      "#height": "50",
      "#comment": "Values in feets",
      "#x_scenecenter": 0,
      "#y_scenecenter": 5,
      "#z_scenecenter": 0
    },
    "_camera": {
      "IsSceneObject": true,
      "trackingorigin": "eye"
    },
    "_initialcamerapos": {
      "#x_initialcamerapos": "0",
      "#y_initialcamerapos": "5",
      "#z_initialcamerapos": "0"
    },
    "_viewport": {
      "#x_viewport": "0",
      "#y_viewport": "0",
      "#w_viewport": "1",
      "#h_viewport": "1"
    },
    "_clippingplane": {
      "near_cp": 0.01,
      "far_cp": 1000
    },
    "_horizon": false,
    "_dof": 6,
    "_skybox": 6,
    "_controllers": {
      "type": "hand",
      "raycast": true,
      "raydistance": 5,
      "raythinkness": 1,
      "raycolor": "red",
      "raytype": "curve"
    },
    "_gravity": {
      "value": 0
    },
    "_interaction": true,
    "_nestedscene": {
      "#value": false,
      "#scenecount": 0,
      "#sid_order": 2
    },
    "_audio": true,
    "_timeline": true,
    "_Opttxt1": "null",
    "@context_mock": "_blank",
    "usertype": [
      {
        "type": "single",
        "uplayarea": {
          "#length_uplayarea": 20,
          "#breadth_uplayarea": 80,
          "#height_uplayarea": 20
        },
        "initialupos": {
          "#x_initialupos": -10,
          "#y_initialupos": 0,
          "#z_initialupos": 0
        },
        "uplayareacenter": {
          "#x_uplayareacenter": -10,
          "#y_uplayareacenter": 10,
          "#z_uplayareacenter": 0
        }
      }
    ]
  },
  {
    "_scenename": "Game",
    "_sid": "45194",
    "_slabel": "This is an interactive game screen",
    "_playarea": {
      "#pid": "p1",
      "#length": "50",
      "#breadth": "50",
      "#height": "50",
      "#comment": "Values in feets",
      "#x_scenecenter": 0,
      "#y_scenecenter": 5,
      "#z_scenecenter": 0
    },
    "_camera": {
      "IsSceneObject": true,
      "trackingorigin": "eye"
    },
    "_initialcamerapos": {
      "#x_initialcamerapos": "0",
      "#y_initialcamerapos": "5",
      "#z_initialcamerapos": "0"
    },
    "_viewport": {
      "#x_viewport": "0",
      "#y_viewport": "0",
      "#w_viewport": "1",
      "#h_viewport": "1"
    },
    "_clippingplane": {
      "near_cp": 0.01,
      "far_cp": 1000
    },
    "_horizon": false,
    "_dof": 6,
    "_skybox": 6,
    "_controllers": {
      "type": "hand",
      "raycast": true,
      "raydistance": 5,
      "raythinkness": 1,
      "raycolor": "red",
      "raytype": "curve"
    },
    "_gravity": {
      "value": 0
    },
    "_interaction": true,
    "_nestedscene": {
      "#value": false,
      "#scenecount": 0,
      "#sid_order": 2
    },
    "_audio": true,
    "_timeline": true,
    "_Opttxt1": "null",
    "@context_mock": "_blank",
    "usertype": [
      {
        "type": "single",
        "uplayarea": {
          "#length_uplayarea": 20,
          "#breadth_uplayarea": 80,
          "#height_uplayarea": 20
        },
        "initialupos": {
          "#x_initialupos": -10,
          "#y_initialupos": 0,
          "#z_initialupos": 0
        },
        "uplayareacenter": {
          "#x_uplayareacenter": -10,
          "#y_uplayareacenter": 10,
          "#z_uplayareacenter": 0
        }
      }
    ]
  }
]
