[{
	"initialize":{
		"animate1":{
			"value":"user",
			"sync_objects": ["background", "floor"],
      "async_objects": []
		}
	}
},
{
	"load_library":{
		"animate1":{
			"value":"user",
			"SyncObjList":["bookshelves"],
			"AsyncObjList":[]
		}
	}
},
{
	"enter_library":{
		"animate1":{
			"value":"user",
			"SyncObjList":["user", "bookshelves"],
			"AsyncObjList":["book_covers"]
		}
	}
},
{
	"view_book":{
		"animate1":{
			"value":"user",
			"SyncObjList": ["user", "book_covers"],
      "AsyncObjList": ["book_pages"]
		}
	}
},
{
	"borrow_book":{
		"animate1":{
			"value":"user",
			"SyncObjList": ["user", "book_covers"],
      "AsyncObjList": ["book_pages"]
		}
	}
},
{
	"return_book":{
		"animate1":{
			"value":"user",
			"sync_objects": ["user", "book_covers"],
      "async_objects": ["book_pages"]
		}
	}
},
{
	"load_game_room":{
		"animate1":{
			"value":"user",
			"SyncObjList":["game_collection"],
			"AsyncObjList":[]
		}
	}
},
{
	"enter_game_room":{
		"animate1":{
			"value":"user",
			"SyncObjList":["user", "game_collection"],
			"AsyncObjList":["game_covers"]
		}
	}
},
{
	"view_game":{
		"animate1":{
			"value":"user",
			"SyncObjList": ["user", "game_covers"],
      "AsyncObjList": ["game_contents"]
		}
	}
},
{
	"rent_game":{
		"animate1":{
			"value":"user",
			"SyncObjList": ["user", "game_covers"],
      "AsyncObjList": ["game_contents"]
		}
	}
},
{
	"return_game":{
		"animate1":{
			"value":"user",
			"sync_objects": ["user", "game_covers"],
      "async_objects": ["game_contents"]
		}
	}
}]