{
  "ObjAction": [
    {
      "actresid": "gameball_goalpost",
      "sourceObj": "_gameball",
      "targetObj": "_soccer_goalpost_net",
      "IsCollision": true,
      "response": "natural",
      "comment": "Goal scored!",
      "Syncronous": true,
      "repeatactionfor": "_goalkeeper"
    },
    {
      "actresid": "gameball_pitch_markings",
      "sourceObj": "_gameball",
      "targetObj": "_soccer_pitch_markings",
      "IsCollision": true,
      "response": "natural",
      "comment": "Ball crossed the boundary line.",
      "Syncronous": true,
      "repeatactionfor": "_gameball"
    },
    {
      "actresid": "gameball_goalkeeper",
      "sourceObj": "_gameball",
      "targetObj": "_goalkeeper",
      "IsCollision": true,
      "response": "natural",
      "comment": "Saved by the goalkeeper!",
      "Syncronous": true,
      "repeatactionfor": "null"
    },
    {
      "actresid": "gameball_scoreboard",
      "sourceObj": "_gameball",
      "targetObj": "_scoreboard",
      "IsCollision": true,
      "response": "passthrough",
      "comment": "Update the scoreboard.",
      "Syncronous": true,
      "repeatactionfor": "null"
    }
  ]
}
