{
  "articles": [
    {
      "_objectname": "Ball",
      "_sid": "_gameball",
      "_slabel": "This is used in soccer games",
      "_IsHidden": 0,
      "IsText": false,
      "IsText3D": false,
      "_enumcount": 1,
      "_Is3DObject": 1,
      "HasChild": 0,
      "shape": "sphere",
      "IsIlluminate": false,
      "Transform": {
        "_initialpos": {
          "#x": "0",
          "#y": "0",
          "#z": "0"
        },
        "_initialrotation": {
          "#x": "0",
          "#y": "0",
          "#z": "0"
        },
        "_objectscale": {
          "#x": "0",
          "#y": "0",
          "#z": "0"
        },
        "repeat": {
          "distfactorx": "null",
          "distfactory": "null",
          "distfactorz": "null"
        }
      },
      "Interaction": {
        "XRGrabInteractable": "true",
        "XRInteractionMaskLayer": "nothing/everything/custom",
        "TrackPosition": "true",
        "TrackRotation": "true",
        "Throw_Detach": "1",
        "forcegravity": "1",
        "velocity": "3",
        "angularvelocity": "2",
        "attachtransform": {
          "#rotate_x": "",
          "#rotate_y": "",
          "#rotate_z": "",
          "#pos_x": "",
          "#pos_y": "",
          "#pos_z": ""
        },
        "XRRigidObject": {
          "value": "true",
          "mass": "0.5",
          "dragfriction": "1",
          "angulardrag": "0.5",
          "Isgravityenable": "true",
          "IsKinematic": "true",
          "CanInterpolate": "false",
          "CollisionPolling": "discreet/continous"
        }
      },
      "Smoothing": "1",
      "Smoothing_duration": "0.5",
      "aud_hasaudio": "1",
      "aud_type": "static/dynamic",
      "aud_src": "/path",
      "aud_volume": "10",
      "aud_PlayInloop": "0",
      "aud_IsSurround": "1",
      "aud_Dopplerlevel": "0.9",
      "aud_spread": "null",
      "aud_mindist": "null",
      "aud_maxdist": "null",
      "_timeline": "true",
      "_Opttxt1": "null",
      "@context_img_source": "_blank"
    },
    {
      "_objectname": "Scoreboard",
      "_sid": "_scoreboard",
      "_slabel": "This is used to display scores and game information",
      "_IsHidden": 0,
      "IsText": false,
      "IsText3D": false,
      "_enumcount": 1,
      "_Is3DObject": 1,
      "IsIlluminate": true,
      "HasChild": 0,
      "shape": "rectangle",
      "Transform": {
        "_initialpos": {
          "#x": "0",
          "#y": "2",
          "#z": "0"
        },
        "_initialrotation": {
          "#x": "0",
          "#y": "0",
          "#z": "0"
        },
        "_objectscale": {
          "#x": "1",
          "#y": "1",
          "#z": "1"
        },
        "repeat": {
          "distfactorx": "null",
          "distfactory": "null",
          "distfactorz": "null"
        }
      },
      "Interaction": {
        "XRGrabInteractable": "false",
        "XRInteractionMaskLayer": "nothing/everything/custom",
        "TrackPosition": "false",
        "TrackRotation": "false",
        "Throw_Detach": "0",
        "forcegravity": "1",
        "velocity": "3",
        "angularvelocity": "2",
        "attachtransform": {
          "#rotate_x": "",
          "#rotate_y": "",
          "#rotate_z": "",
          "#pos_x": "",
          "#pos_y": "",
          "#pos_z": ""
        },
        "XRRigidObject": {
          "value": "false",
          "mass": "0",
          "dragfriction": "0",
          "angulardrag": "0",
          "Isgravityenable": "false",
          "IsKinematic": "false",
          "CanInterpolate": "false",
          "CollisionPolling": "discreet/continous"
        }
      },
      "Smoothing": "1",
      "Smoothing_duration": "0.5",
      "aud_hasaudio": "1",
      "aud_type": "static/dynamic",
      "aud_src": "/path",
      "aud_volume": "10",
      "aud_PlayInloop": "0",
      "aud_IsSurround": "1",
      "aud_Dopplerlevel": "0.9",
      "aud_spread": "null",
      "aud_mindist": "null",
      "aud_maxdist": "null",
      "_timeline": "false",
      "_Opttxt1": "null",
      "@context_img_source": "_blank"
    },
    {
      "_objectname": "Stadium Stand (N)",
      "_sid": "_stadium_stand_n",
      "_slabel": "This is used as a seating area for spectators in a soccer stadium",
      "_IsHidden": 0,
      "IsText": false,
      "IsText3D": false,
      "_enumcount": 1,
      "_Is3DObject": 1,
      "IsIlluminate": true,
      "HasChild": 0,
      "shape": "cuboid",
      "Transform": {
        "_initialpos": {
          "#x": "0",
          "#y": "0",
          "#z": "0"
        },
        "_initialrotation": {
          "#x": "0",
          "#y": "0",
          "#z": "0"
        },
        "_objectscale": {
          "#x": "1",
          "#y": "1",
          "#z": "1"
        },
        "repeat": {
          "distfactorx": "null",
          "distfactory": "null",
          "distfactorz": "null"
        }
      },
      "Interaction": {
        "XRGrabInteractable": "false",
        "XRInteractionMaskLayer": "nothing/everything/custom",
        "TrackPosition": "false",
        "TrackRotation": "false",
        "Throw_Detach": "0",
        "forcegravity": "1",
        "velocity": "3",
        "angularvelocity": "2",
        "attachtransform": {
          "#rotate_x": "",
          "#rotate_y": "",
          "#rotate_z": "",
          "#pos_x": "",
          "#pos_y": "",
          "#pos_z": ""
        },
        "XRRigidObject": {
          "value": "false",
          "mass": "0",
          "dragfriction": "0",
          "angulardrag": "0",
          "Isgravityenable": "false",
          "IsKinematic": "false",
          "CanInterpolate": "false",
          "CollisionPolling": "discreet/continous"
        }
      },
      "Smoothing": "1",
      "Smoothing_duration": "0.5",
      "aud_hasaudio": "1",
      "aud_type": "static/dynamic",
      "aud_src": "/path",
      "aud_volume": "10",
      "aud_PlayInloop": "0",
      "aud_IsSurround": "1",
      "aud_Dopplerlevel": "0.9",
      "aud_spread": "null",
      "aud_mindist": "null",
      "aud_maxdist": "null",
      "_timeline": "false",
      "_Opttxt1": "null",
      "@context_img_source": "_blank"
    },
    {
      "_objectname": "Stadium Stand (E)",
      "_sid": "_stadium_stand_e",
      "_slabel": "This is used as a seating area for spectators in a soccer stadium",
      "_IsHidden": 0,
      "IsText": false,
      "IsText3D": false,
      "_enumcount": 1,
      "_Is3DObject": 1,
      "IsIlluminate": true,
      "HasChild": 0,
      "shape": "cuboid",
      "Transform": {
        "_initialpos": {
          "#x": "0",
          "#y": "0",
          "#z": "0"
        },
        "_initialrotation": {
          "#x": "0",
          "#y": "0",
          "#z": "0"
        },
        "_objectscale": {
          "#x": "1",
          "#y": "1",
          "#z": "1"
        },
        "repeat": {
          "distfactorx": "null",
          "distfactory": "null",
          "distfactorz": "null"
        }
      },
      "Interaction": {
        "XRGrabInteractable": "false",
        "XRInteractionMaskLayer": "nothing/everything/custom",
        "TrackPosition": "false",
        "TrackRotation": "false",
        "Throw_Detach": "0",
        "forcegravity": "1",
        "velocity": "3",
        "angularvelocity": "2",
        "attachtransform": {
          "#rotate_x": "",
          "#rotate_y": "",
          "#rotate_z": "",
          "#pos_x": "",
          "#pos_y": "",
          "#pos_z": ""
        },
        "XRRigidObject": {
          "value": "false",
          "mass": "0",
          "dragfriction": "0",
          "angulardrag": "0",
          "Isgravityenable": "false",
          "IsKinematic": "false",
          "CanInterpolate": "false",
          "CollisionPolling": "discreet/continous"
        }
      },
      "Smoothing": "1",
      "Smoothing_duration": "0.5",
      "aud_hasaudio": "1",
      "aud_type": "static/dynamic",
      "aud_src": "/path",
      "aud_volume": "10",
      "aud_PlayInloop": "0",
      "aud_IsSurround": "1",
      "aud_Dopplerlevel": "0.9",
      "aud_spread": "null",
      "aud_mindist": "null",
      "aud_maxdist": "null",
      "_timeline": "false",
      "_Opttxt1": "null",
      "@context_img_source": "_blank"
    },
    {
      "_objectname": "Stadium Stand (W)",
      "_sid": "_stadium_stand_w",
      "_slabel": "This is used as a seating area for spectators in a soccer stadium",
      "_IsHidden": 0,
      "IsText": false,
      "IsText3D": false,
      "_enumcount": 1,
      "_Is3DObject": 1,
      "IsIlluminate": true,
      "HasChild": 0,
      "shape": "cuboid",
      "Transform": {
        "_initialpos": {
          "#x": "0",
          "#y": "0",
          "#z": "0"
        },
        "_initialrotation": {
          "#x": "0",
          "#y": "0",
          "#z": "0"
        },
        "_objectscale": {
          "#x": "1",
          "#y": "1",
          "#z": "1"
        },
        "repeat": {
          "distfactorx": "null",
          "distfactory": "null",
          "distfactorz": "null"
        }
      },
      "Interaction": {
        "XRGrabInteractable": "false",
        "XRInteractionMaskLayer": "nothing/everything/custom",
        "TrackPosition": "false",
        "TrackRotation": "false",
        "Throw_Detach": "0",
        "forcegravity": "1",
        "velocity": "3",
        "angularvelocity": "2",
        "attachtransform": {
          "#rotate_x": "",
          "#rotate_y": "",
          "#rotate_z": "",
          "#pos_x": "",
          "#pos_y": "",
          "#pos_z": ""
        },
        "XRRigidObject": {
          "value": "false",
          "mass": "0",
          "dragfriction": "0",
          "angulardrag": "0",
          "Isgravityenable": "false",
          "IsKinematic": "false",
          "CanInterpolate": "false",
          "CollisionPolling": "discreet/continous"
        }
      },
      "Smoothing": "1",
      "Smoothing_duration": "0.5",
      "aud_hasaudio": "1",
      "aud_type": "static/dynamic",
      "aud_src": "/path",
      "aud_volume": "10",
      "aud_PlayInloop": "0",
      "aud_IsSurround": "1",
      "aud_Dopplerlevel": "0.9",
      "aud_spread": "null",
      "aud_mindist": "null",
      "aud_maxdist": "null",
      "_timeline": "false",
      "_Opttxt1": "null",
      "@context_img_source": "_blank"
    },
    {
      "_objectname": "Stadium Stand (S)",
      "_sid": "_stadium_stand_s",
      "_slabel": "This is used as a seating area for spectators in a soccer stadium",
      "_IsHidden": 0,
      "IsText": false,
      "IsText3D": false,
      "_enumcount": 1,
      "_Is3DObject": 1,
      "IsIlluminate": true,
      "HasChild": 0,
      "shape": "cuboid",
      "Transform": {
        "_initialpos": {
          "#x": "0",
          "#y": "0",
          "#z": "0"
        },
        "_initialrotation": {
          "#x": "0",
          "#y": "0",
          "#z": "0"
        },
        "_objectscale": {
          "#x": "1",
          "#y": "1",
          "#z": "1"
        },
        "repeat": {
          "distfactorx": "null",
          "distfactory": "null",
          "distfactorz": "null"
        }
      },
      "Interaction": {
        "XRGrabInteractable": "false",
        "XRInteractionMaskLayer": "nothing/everything/custom",
        "TrackPosition": "false",
        "TrackRotation": "false",
        "Throw_Detach": "0",
        "forcegravity": "1",
        "velocity": "3",
        "angularvelocity": "2",
        "attachtransform": {
          "#rotate_x": "",
          "#rotate_y": "",
          "#rotate_z": "",
          "#pos_x": "",
          "#pos_y": "",
          "#pos_z": ""
        },
        "XRRigidObject": {
          "value": "false",
          "mass": "0",
          "dragfriction": "0",
          "angulardrag": "0",
          "Isgravityenable": "false",
          "IsKinematic": "false",
          "CanInterpolate": "false",
          "CollisionPolling": "discreet/continous"
        }
      },
      "Smoothing": "1",
      "Smoothing_duration": "0.5",
      "aud_hasaudio": "1",
      "aud_type": "static/dynamic",
      "aud_src": "/path",
      "aud_volume": "10",
      "aud_PlayInloop": "0",
      "aud_IsSurround": "1",
      "aud_Dopplerlevel": "0.9",
      "aud_spread": "null",
      "aud_mindist": "null",
      "aud_maxdist": "null",
      "_timeline": "false",
      "_Opttxt1": "null",
      "@context_img_source": "_blank"
    },
    {
      "_objectname": "Soccer Goal Post + Net",
      "_sid": "_soccer_goalpost_net",
      "_slabel": "This is a complete soccer goal post including the net for a soccer field",
      "_IsHidden": 0,
      "IsText": false,
      "IsText3D": false,
      "_enumcount": 1,
      "_Is3DObject": 1,
      "IsIlluminate": true,
      "HasChild": 1,
      "shape": "rectangle",
      "Transform": {
        "_initialpos": {
          "#x": "0",
          "#y": "0",
          "#z": "0"
        },
        "_initialrotation": {
          "#x": "0",
          "#y": "0",
          "#z": "0"
        },
        "_objectscale": {
          "#x": "1",
          "#y": "1",
          "#z": "1"
        },
        "repeat": {
          "distfactorx": "null",
          "distfactory": "null",
          "distfactorz": "null"
        }
      },
      "Interaction": {
        "XRGrabInteractable": "false",
        "XRInteractionMaskLayer": "nothing/everything/custom",
        "TrackPosition": "false",
        "TrackRotation": "false",
        "Throw_Detach": "0",
        "forcegravity": "1",
        "velocity": "3",
        "angularvelocity": "2",
        "attachtransform": {
          "#rotate_x": "",
          "#rotate_y": "",
          "#rotate_z": "",
          "#pos_x": "",
          "#pos_y": "",
          "#pos_z": ""
        },
        "XRRigidObject": {
          "value": "false",
          "mass": "0",
          "dragfriction": "0",
          "angulardrag": "0",
          "Isgravityenable": "false",
          "IsKinematic": "false",
          "CanInterpolate": "false",
          "CollisionPolling": "discreet/continous"
        }
      },
      "Smoothing": "1",
      "Smoothing_duration": "0.5",
      "aud_hasaudio": "1",
      "aud_type": "static/dynamic",
      "aud_src": "/path",
      "aud_volume": "10",
      "aud_PlayInloop": "0",
      "aud_IsSurround": "1",
      "aud_Dopplerlevel": "0.9",
      "aud_spread": "null",
      "aud_mindist": "null",
      "aud_maxdist": "null",
      "_timeline": "false",
      "_Opttxt1": "null",
      "@context_img_source": "_blank",
      "HasChildObjects": [
        {
          "_objectname": "Soccer Goal Net",
          "_sid": "_soccer_goal_net",
          "_slabel": "This is the net attached to the soccer goal post",
          "_IsHidden": 0,
          "IsText": false,
          "IsText3D": false,
          "_enumcount": 1,
          "_Is3DObject": 1,
          "IsIlluminate": false,
          "Transform": {
            "_initialpos": {
              "#x": "0",
              "#y": "0",
              "#z": "0"
            },
            "_initialrotation": {
              "#x": "0",
              "#y": "0",
              "#z": "0"
            },
            "_objectscale": {
              "#x": "1",
              "#y": "1",
              "#z": "1"
            },
            "repeat": {
              "distfactorx": "null",
              "distfactory": "null",
              "distfactorz": "null"
            }
          },
          "Interaction": {
            "XRGrabInteractable": "false",
            "XRInteractionMaskLayer": "nothing/everything/custom",
            "TrackPosition": "false",
            "TrackRotation": "false",
            "Throw_Detach": "0",
            "forcegravity": "1",
            "velocity": "3",
            "angularvelocity": "2",
            "attachtransform": {
              "#rotate_x": "",
              "#rotate_y": "",
              "#rotate_z": "",
              "#pos_x": "",
              "#pos_y": "",
              "#pos_z": ""
            },
            "XRRigidObject": {
              "value": "false",
              "mass": "0",
              "dragfriction": "0",
              "angulardrag": "0",
              "Isgravityenable": "false",
              "IsKinematic": "false",
              "CanInterpolate": "false",
              "CollisionPolling": "discreet/continous"
            }
          },
          "Smoothing": "1",
          "Smoothing_duration": "0.5",
          "aud_hasaudio": "1",
          "aud_type": "static/dynamic",
          "aud_src": "/path",
          "aud_volume": "10",
          "aud_PlayInloop": "0",
          "aud_IsSurround": "1",
          "aud_Dopplerlevel": "0.9",
          "aud_spread": "null",
          "aud_mindist": "null",
          "aud_maxdist": "null",
          "_timeline": "false",
          "_Opttxt1": "null",
          "@context_img_source": "_blank",
          "HasChildObjects": []
        }
      ]
    },
    {
      "_objectname": "Soccer Pitch",
      "_sid": "_soccer_pitch",
      "_slabel": "This is a soccer pitch with markings for a standard soccer game",
      "_IsHidden": 0,
      "IsText": false,
      "IsText3D": false,
      "_enumcount": 1,
      "_Is3DObject": 1,
      "IsIlluminate": false,
      "HasChild": 0,
      "shape": "rectangle",
      "Transform": {
        "_initialpos": {
          "#x": "0",
          "#y": "0",
          "#z": "0"
        },
        "_initialrotation": {
          "#x": "0",
          "#y": "0",
          "#z": "0"
        },
        "_objectscale": {
          "#x": "1",
          "#y": "1",
          "#z": "1"
        },
        "repeat": {
          "distfactorx": "null",
          "distfactory": "null",
          "distfactorz": "null"
        }
      },
      "Interaction": {
        "XRGrabInteractable": "false",
        "XRInteractionMaskLayer": "nothing/everything/custom",
        "TrackPosition": "false",
        "TrackRotation": "false",
        "Throw_Detach": "0",
        "forcegravity": "1",
        "velocity": "3",
        "angularvelocity": "2",
        "attachtransform": {
          "#rotate_x": "",
          "#rotate_y": "",
          "#rotate_z": "",
          "#pos_x": "",
          "#pos_y": "",
          "#pos_z": ""
        },
        "XRRigidObject": {
          "value": "false",
          "mass": "0",
          "dragfriction": "0",
          "angulardrag": "0",
          "Isgravityenable": "false",
          "IsKinematic": "false",
          "CanInterpolate": "false",
          "CollisionPolling": "discreet/continous"
        }
      },
      "Smoothing": "1",
      "Smoothing_duration": "0.5",
      "aud_hasaudio": "1",
      "aud_type": "static/dynamic",
      "aud_src": "/path",
      "aud_volume": "10",
      "aud_PlayInloop": "0",
      "aud_IsSurround": "1",
      "aud_Dopplerlevel": "0.9",
      "aud_spread": "null",
      "aud_mindist": "null",
      "aud_maxdist": "null",
      "_timeline": "false",
      "_Opttxt1": "null",
      "@context_img_source": "_blank"
    },
    {
      "_objectname": "Soccer Pitch Markings",
      "_sid": "_soccer_pitch_markings",
      "_slabel": "This is a set of markings for a standard soccer pitch",
      "_IsHidden": 0,
      "IsText": false,
      "IsText3D": false,
      "_enumcount": 1,
      "_Is3DObject": 1,
      "IsIlluminate": false,
      "HasChild": 0,
      "shape": "rectangle",
      "Transform": {
        "_initialpos": {
          "#x": "0",
          "#y": "0",
          "#z": "0"
        },
        "_initialrotation": {
          "#x": "0",
          "#y": "0",
          "#z": "0"
        },
        "_objectscale": {
          "#x": "1",
          "#y": "1",
          "#z": "1"
        },
        "repeat": {
          "distfactorx": "null",
          "distfactory": "null",
          "distfactorz": "null"
        }
      },
      "Interaction": {
        "XRGrabInteractable": "false",
        "XRInteractionMaskLayer": "nothing/everything/custom",
        "TrackPosition": "false",
        "TrackRotation": "false",
        "Throw_Detach": "0",
        "forcegravity": "1",
        "velocity": "3",
        "angularvelocity": "2",
        "attachtransform": {
          "#rotate_x": "",
          "#rotate_y": "",
          "#rotate_z": "",
          "#pos_x": "",
          "#pos_y": "",
          "#pos_z": ""
        },
        "XRRigidObject": {
          "value": "false",
          "mass": "0",
          "dragfriction": "0",
          "angulardrag": "0",
          "Isgravityenable": "false",
          "IsKinematic": "false",
          "CanInterpolate": "false",
          "CollisionPolling": "discreet/continous"
        }
      },
      "Smoothing": "1",
      "Smoothing_duration": "0.5",
      "aud_hasaudio": "1",
      "aud_type": "static/dynamic",
      "aud_src": "/path",
      "aud_volume": "10",
      "aud_PlayInloop": "0",
      "aud_IsSurround": "1",
      "aud_Dopplerlevel": "0.9",
      "aud_spread": "null",
      "aud_mindist": "null",
      "aud_maxdist": "null",
      "_timeline": "false",
      "_Opttxt1": "null",
      "@context_img_source": "_blank"
    },
    {
      "_objectname": "Goalkeeper",
      "_sid": "_goalkeeper",
      "_slabel": "This is a 3D model of a soccer goalkeeper",
      "_IsHidden": 0,
      "IsText": false,
      "IsText3D": false,
      "_enumcount": 1,
      "_Is3DObject": 1,
      "IsIlluminate": true,
      "HasChild": 0,
      "shape": "complex",
      "Transform": {
        "_initialpos": {
          "#x": "0",
          "#y": "0",
          "#z": "0"
        },
        "_initialrotation": {
          "#x": "0",
          "#y": "0",
          "#z": "0"
        },
        "_objectscale": {
          "#x": "1",
          "#y": "1",
          "#z": "1"
        },
        "repeat": {
          "distfactorx": "null",
          "distfactory": "null",
          "distfactorz": "null"
        }
      },
      "Interaction": {
        "XRGrabInteractable": "true",
        "XRInteractionMaskLayer": "everything",
        "TrackPosition": "true",
        "TrackRotation": "true",
        "Throw_Detach": "1",
        "forcegravity": "1",
        "velocity": "3",
        "angularvelocity": "2",
        "attachtransform": {
          "#rotate_x": "0",
          "#rotate_y": "0",
          "#rotate_z": "0",
          "#pos_x": "0",
          "#pos_y": "0",
          "#pos_z": "0"
        },
        "XRRigidObject": {
          "value": "false",
          "mass": "75",
          "dragfriction": "0.2",
          "angulardrag": "0.1",
          "Isgravityenable": "true",
          "IsKinematic": "false",
          "CanInterpolate": "true",
          "CollisionPolling": "continous"
        }
      },
      "Smoothing": "1",
      "Smoothing_duration": "0.5",
      "aud_hasaudio": "1",
      "aud_type": "static/dynamic",
      "aud_src": "/path",
      "aud_volume": "10",
      "aud_PlayInloop": "0",
      "aud_IsSurround": "1",
      "aud_Dopplerlevel": "0.9",
      "aud_spread": "null",
      "aud_mindist": "null",
      "aud_maxdist": "null",
      "_timeline": "false",
      "_Opttxt1": "null",
      "@context_img_source": "_blank"
    }
  ]
}
