{
  "behaviour": [
    {
      "rulename": "Goal",
      "description": "Player scores a goal",
      "logic": "SWYjIDxCYWxsICRoaXRzIFNvY2NlciBHb2FsIFBvc3QgKyBOZXQ+IyA6IDx1cGRhdGUgU2NvcmVib2FyZD0xPiEK"
    },
    {
      "rulename": "Saved",
      "description": "Goalkeeper saves a goal",
      "logic": "SWYjIDxCYWxsICRoaXRzIEdvYWxrZWVwZXI+IyA6IDx1cGRhdGUgU2NvcmVib2FyZD0tMT4hCg=="
    },
    {
      "rulename": "Out of Bounds",
      "description": "Ball crossed the boundary line",
      "logic": "SWYjIDxCYWxsICRoaXRzIFNvY2NlciBQaXRjaCBNYXJraW5ncz4jIDogPHVwZGF0ZSBTY29yZWJvYXJkPTA+IQo="
    }
  ]
}
