{
  "_scenename": "Soccer 1v1",
  "_sid": "VOVRT001",
  "_slabel": "VOVRT Scene",
  "_playarea": {
    "#pid": "PA001",
    "#length_playarea": "5",
    "#breadth_playarea": "5",
    "#height_playarea": "3",
    "#comment": "Play area dimensions in meters",
    "#x_scenecenter": 0,
    "#y_scenecenter": 5,
    "#z_scenecenter": 0
  },
  "_camera": {
    "IsSceneObject": true,
    "trackingorigin": "headset"
  },
  "_initialcamerapos": {
    "#x_initialcamerapos": 0,
    "#y_initialcamerapos": 5,
    "#z_initialcamerapos": 0
  },
  "_viewport": {
    "#x_viewport": 0,
    "#y_viewport": 0,
    "#w_viewport": "1920",
    "#h_viewport": "1080"
  },
  "_clippingplane": {
    "near_cp": 0.1,
    "far_cp": 100
  },
  "_horizon": false,
  "_dof": 0,
  "_skybox": 1,
  "_controllers": {
    "type": "VOVRT Controllers",
    "raycast": true,
    "raydistance": 10,
    "raythinkness": 0.01,
    "raycolor": "#00FF00",
    "raytype": "line"
  },
  "_gravity": {
    "value": 9.8
  },
  "_interaction": true,
  "_nestedscene": {
    "#value": false,
    "#scenecount": 0,
    "#sid_order": 0
  },
  "_audio": true,
  "_timeline": true,
  "_Opttxt1": "null",
  "@context_mock": "_blank",
  "usertype": [
    {
      "type": "Player",
      "uplayarea": {
        "#length_uplayarea": 3,
        "#breadth_uplayarea": 3,
        "#height_uplayarea": 2
      },
      "initialupos": {
        "#x_initialupos": 0,
        "#y_initialupos": 0,
        "#z_initialupos": 0
      },
      "uplayareacenter": {
        "#x_uplayareacenter": 0,
        "#y_uplayareacenter": 0,
        "#z_uplayareacenter": 0
      }
    },
    {
      "type": "Goalkeeper",
      "uplayarea": {
        "#length_uplayarea": 5,
        "#breadth_uplayarea": 5,
        "#height_uplayarea": 3
      },
      "initialupos": {
        "#x_initialupos": 0,
        "#y_initialupos": 5,
        "#z_initialupos": 0
      },
      "uplayareacenter": {
        "#x_uplayareacenter": 0,
        "#y_uplayareacenter": 0,
        "#z_uplayareacenter": 0
      }
    }
  ]
}
