{
  "animate_trigSync": {
    "tsyncid": 1,
    "tsOntrigger": true,
    "SyncObjList": [
      "_scoreboard",
      "_soccer_goalpost_net",
      "_soccer_pitch",
      "_soccer_pitch_markings"
    ],
    "tSyncNote": "Sync objects triggered by ball"
  },
  "animate_nontrigSync": {
    "ntsyncid": 2,
    "ntsOntrigger": false,
    "ntSyncObjList": ["_gameball", "_goalkeeper"],
    "ntSyncNote": "Non-triggered sync objects"
  },
  "animate_trigAsync": {
    "tasyncid": 3,
    "taOntrigger": true,
    "tAsyncObjList": ["_gameball"],
    "tAsyncNote": "Ball triggers asynchronous animation"
  },
  "animate_nontrigAsync": {
    "ntasyncid": 4,
    "ntaOntrigger": false,
    "ntAsyncObjList": [],
    "ntAsyncNote": "Non-triggered async objects"
  },
  "routine": [
    {
      "routeid": 1,
      "starttime": "00:00:00",
      "endtime": "00:10:00",
      "order": [1, 2]
    },
    {
      "routeid": 2,
      "starttime": "00:10:00",
      "endtime": "00:45:00",
      "order": [1, 2, 3]
    },
    {
      "routeid": 3,
      "starttime": "00:45:00",
      "endtime": "01:00:00",
      "order": [1, 2, 3, 4]
    }
  ]
}
