{
    "ObjAction": [
        {
            "actresid": "ar1",
            "sourceObj": "Player",
            "targetObj": "HistoricalFort",
            "IsCollision": true,
            "response": "Smaller 3D view of the historical place",
            "comment": "",
            "Syncronous": true,
            "repeatactionfor": ""
        },
        {
            "actresid": "1",
            "sourceObj": "Player",
            "targetObj": "Door_001",
            "IsCollision": true,
            "response": "Open the door to enter the fort",
            "comment": "",
            "Syncronous": true,
            "repeatactionfor": ""
        },
        {
            "actresid": "2",
            "sourceObj": "Player",
            "targetObj": "Weapon_001",
            "IsCollision": true,
            "response": "Provide information regarding who wielded that weapon",
            "comment": "",
            "Syncronous": true,
            "repeatactionfor": ""
        },
        {
            "actresid": "3",
            "sourceObj": "Player",
            "targetObj": "Artifact_001",
            "IsCollision": true,
            "response": "Pick up the artifact to learn more about its history",
            "comment": "",
            "Syncronous": true,
            "repeatactionfor": ""
        },
        {
            "actresid": "4",
            "sourceObj": "Player",
            "targetObj": "Viewpoint_001",
            "IsCollision": true,
            "response": "Climb up to the viewpoint to get a better view of the fort",
            "comment": "",
            "Syncronous": true,
            "repeatactionfor": ""
        },
        {
            "actresid": "5",
            "sourceObj": "Player",
            "targetObj": "Banner_001",
            "IsCollision": true,
            "response": "Wave the banner to see it flutter in the wind",
            "comment": "",
            "Syncronous": true,
            "repeatactionfor": ""
        },
        {
            "actresid": "6",
            "sourceObj": "Player",
            "targetObj": "Manuscript_001",
            "IsCollision": true,
            "response": "Open the manuscripts to learn what was written inside",
            "comment": "Used to read and learn the historical manuscripts.",
            "Syncronous": true,
            "repeatactionfor": ""
        },
        {
            "actresid": "7",
            "sourceObj": "Player",
            "targetObj": "Map",
            "IsCollision": false,
            "response": "Open the map of the historical place or site users visited in the VR application",
            "comment": "Tap on this map to see the overview of the historical site or place users visit.",
            "Syncronous": false,
            "repeatactionfor": ""
        }
    ]
}