{
	"articles": [ {
        "_objectname": "HistoricalFort",
        "_sid": "_historicalfort1",
        "_slabel": "This is a historical fort in India",
        "_IsHidden": 0,
        "_enumcount": 1,
        "_Is3DObject": 1,
        "HasChild": 0,
        "shape": "custom",
        "dimension": {
            "dradii": 0,
            "dvolumn": "0",
            "dlength": "200",
            "dbreadth": "200",
            "dheigth": "50"
        },
        "IsText": false,
        "IsText3D": false,
        "lighting": {
            "CastShadow": "true",
            "ReceiveShadow": "true",
            "ContributeGlobalIlumination": "true"
        },
        "IsIlluminate": true,
        "Transform_initialpos": {
            "#x_initialpos": 0,
            "#y_initialpos": 0,
            "#z_initialpos": 0
        },
        "Transform_initialrotation": {
            "#x_initialrotation": 0,
            "#y_initialrotation": 0,
            "#z_initialrotation": 0
        },
        "Transform_objectscale": {
            "#x_objectscale": "1",
            "#y_objectscale": "1",
            "#z_objectscale": "1"
        },
        "repeattransfrom": {
            "distfactorx": "null",
			"distfactory": "null",
			"distfactorz": "null"
        },
        "Interaction": {
            "XRGrabInteractable": "true",
            "XRInteractionMaskLayer": "everything",
                "TrackPosition": "true",
                "TrackRotation": "true",
                "Throw_Detach": "true",
                "forcegravity": "true",
                "velocity": "3",
                "angularvelocity": "2"
        },
        "Smoothing": "true",
        "Smoothing_duration": "0.5",
        "attachtransform": {
            "#rotate_x": "0",
            "#rotate_y": "0",
            "#rotate_z": "0",
            "#pos_x": "0",
            "#pos_y": "0",
            "#pos_z": "0"
        },
        "XRRigidObject": {
            "value": "true",
            "mass": "50",
            "dragfriction": "5",
            "angulardrag": "4",
            "Isgravityenable": "true",
            "IsKinematic": "true",
            "CanInterpolate": "false",
            "CollisionPolling": "discreet"
        },
        "aud_hasaudio": "true",
        "aud_type": "static",
        "aud_src": "/path/to/audio/file",
        "aud_volume": "10",
        "aud_PlayInloop": "false",
        "aud_IsSurround": "true",
        "aud_Dopplerlevel": "0.9",
        "aud_spread": "0",
        "aud_mindist": "0",
        "aud_maxdist": "0",
        "_Opttxt1": "null",
		"@context_img_source": "blank"
    },
        {
            "_objectname": "Door",
            "_sid": "_door1",
            "_slabel": "This is a door",
            "_IsHidden": 0,
            "_enumcount": 1,
            "_Is3DObject": 1,
            "HasChild": 0,
            "shape": "rectangle",
            "dimension": {
                "dradii": 10,
                "dvolumn": "5",
                "dwidth": "100",
                "dheight": "200",
                "depth": "10",
                "dlength": "200",
                "dbreadth": "200",
                "dheigth": "50"
            },
            "IsText": false,
            "IsText3D": false,
            "lighting": {
                "CastShadow": "true",
                "ReceiveShadow": "true",
                "ContributeGlobalIlumination": "true"
            },
            "IsIlluminate": true,
            "Transform_initialpos": {
                "#x_initialpos": 0,
                "#y_initialpos": 0,
                "#z_initialpos": 0
            },
            "Transform_initialrotation": {
                "#x_initialrotation": 0,
                "#y_initialrotation": 0,
                "#z_initialrotation": 0
            },
            "Transform_objectscale": {
                "#x_objectscale": "1",
                "#y_objectscale": "1",
                "#z_objectscale": "1"
            },
            "repeattransfrom": {
                "distfactorx": "null",
                "distfactory": "null",
                "distfactorz": "null"
            },
            "Interaction": {
                "XRGrabInteractable": "true",
                "XRInteractionMaskLayer": "everything",
                "TrackPosition": "true",
                "TrackRotation": "true",
                "Throw_Detach": "true",
                "forcegravity": "true",
                "velocity": "3",
                "angularvelocity": "2"
            },
            "Smoothing": "true",
            "Smoothing_duration": "0.5",
            "attachtransform": {
                "#rotate_x": "0",
                "#rotate_y": "0",
                "#rotate_z": "0",
                "#pos_x": "0",
                "#pos_y": "0",
                "#pos_z": "0"
            },
            "XRRigidObject": {
                "value": "true",
                "mass": "10",
                "dragfriction": "2",
                "angulardrag": "1",
                "Isgravityenable": "true",
                "IsKinematic": "false",
                "CanInterpolate": "false",
                "CollisionPolling": "continuous"
            },
            "aud_hasaudio": "false",
            "aud_type": "null",
            "aud_src": "null",
            "aud_volume": "0",
            "aud_PlayInloop": "false",
            "aud_IsSurround": "false",
            "aud_Dopplerlevel": "0",
            "aud_spread": "0",
            "aud_mindist": "0",
            "aud_maxdist": "0",
            "_Opttxt1": "null",
            "@context_img_source": "blank"
        },
        {
            "_objectname": "Weapon",
            "_sid": "_weapon1",
            "_slabel": "This is a weapon",
            "_IsHidden": 0,
            "_enumcount": 1,
            "_Is3DObject": 1,
            "HasChild": 0,
            "shape": "custom",
            "IsText": false,
            "IsText3D": false,
            "weaponType": "sword",
            "damage": "50",
            "range": "medium",
            "attackSpeed": "normal",
            "requiredLevel": "10",
            "IsEquipped": false,
            "IsIlluminate": false,
            "Transform_initialpos": {
                "#x_initialpos": 0,
                "#y_initialpos": 0,
                "#z_initialpos": 0
            },
            "Transform_initialrotation": {
                "#x_initialrotation": 0,
                "#y_initialrotation": 0,
                "#z_initialrotation": 0
            },
            "Transform_objectscale": {
                "#x_objectscale": "1",
                "#y_objectscale": "1",
                "#z_objectscale": "1"
            },
            "Interaction": {
                "XRGrabInteractable": "true",
                "XRInteractionMaskLayer": "weapons",
                "TrackPosition": "true",
                "TrackRotation": "true",
                "Throw_Detach": "true",
                "forcegravity": "true",
                "velocity": "2",
                "angularvelocity": "1"
            },
            "Smoothing": "true",
            "Smoothing_duration": "0.5",
            "XRRigidObject": {
                "value": "true",
                "mass": "5",
                "dragfriction": "1",
                "angulardrag": "0.5",
                "Isgravityenable": "true",
                "IsKinematic": "false",
                "CanInterpolate": "false",
                "CollisionPolling": "discrete"
            },
            "aud_hasaudio": "false",
            "aud_type": "null",
            "aud_src": "null",
            "aud_volume": "0",
            "aud_PlayInloop": "false",
            "aud_IsSurround": "false",
            "aud_Dopplerlevel": "0",
            "aud_spread": "0",
            "aud_mindist": "0",
            "aud_maxdist": "0",
            "_Opttxt1": "null",
            "@context_img_source": "blank"
        },
        {
            "_objectname": "Artifact",
            "_sid": "_artifact1",
            "_slabel": "This is an artifact",
            "_IsHidden": 0,
            "_enumcount": 1,
            "_Is3DObject": 1,
            "HasChild": 0,
            "shape": "rectangle",
            "IsText": false,
            "IsText3D": false,
            "artifactType": "statue",
            "material": "bronze",
            "age": "ancient",
            "rarity": "legendary",
            "IsDiscovered": false,
            "IsIlluminate": false,
            "Transform_initialpos": {
                "#x_initialpos": 0,
                "#y_initialpos": 0,
                "#z_initialpos": 0
            },
            "Transform_initialrotation": {
                "#x_initialrotation": 0,
                "#y_initialrotation": 0,
                "#z_initialrotation": 0
            },
            "Transform_objectscale": {
                "#x_objectscale": "1",
                "#y_objectscale": "1",
                "#z_objectscale": "1"
            },
            "Interaction": {
                "XRGrabInteractable": "true",
                "XRInteractionMaskLayer": "artifacts",
                "TrackPosition": "true",
                "TrackRotation": "true",
                "Throw_Detach": "true",
                "forcegravity": "true",
                "velocity": "2",
                "angularvelocity": "1"
            },
            "Smoothing": "true",
            "Smoothing_duration": "0.5",
            "XRRigidObject": {
                "value": "true",
                "mass": "5",
                "dragfriction": "1",
                "angulardrag": "0.5",
                "Isgravityenable": "true",
                "IsKinematic": "false",
                "CanInterpolate": "false",
                "CollisionPolling": "discrete"
            },
            "aud_hasaudio": "false",
            "aud_type": "null",
            "aud_src": "null",
            "aud_volume": "0",
            "aud_PlayInloop": "false",
            "aud_IsSurround": "false",
            "aud_Dopplerlevel": "0",
            "aud_spread": "0",
            "aud_mindist": "0",
            "aud_maxdist": "0",
            "_Opttxt1": "null",
            "@context_img_source": "blank"
        },
        {
            "_objectname": "Viewpoint",
            "_sid": "_viewpoint1",
            "_slabel": "This is a viewpoint",
            "_IsHidden": 0,
            "_enumcount": 1,
            "_Is3DObject": 1,
            "HasChild": 0,
            "shape": "custom",
            "IsText": false,
            "IsText3D": true,
            "viewpointType": "scenic",
            "location": "mountain top",
            "viewDistance": "10",
            "IsActivated": false,
            "IsIlluminate": false,
            "Transform_initialpos": {
                "#x_initialpos": 0,
                "#y_initialpos": 0,
                "#z_initialpos": 0
            },
            "Transform_initialrotation": {
                "#x_initialrotation": 0,
                "#y_initialrotation": 0,
                "#z_initialrotation": 0
            },
            "Transform_objectscale": {
                "#x_objectscale": "1",
                "#y_objectscale": "1",
                "#z_objectscale": "1"
            },
            "Interaction": {
                "XRGrabInteractable": "true",
                "XRInteractionMaskLayer": "viewpoints",
                "TrackPosition": "true",
                "TrackRotation": "true",
                "Throw_Detach": "true",
                "forcegravity": "true",
                "velocity": "1",
                "angularvelocity": "0.5"
            },
            "Smoothing": "true",
            "Smoothing_duration": "0.5",
            "XRRigidObject": {
                "value": "true",
                "mass": "2",
                "dragfriction": "0.5",
                "angulardrag": "0.2",
                "Isgravityenable": "true",
                "IsKinematic": "false",
                "CanInterpolate": "false",
                "CollisionPolling": "discrete"
            },
            "aud_hasaudio": "false",
            "aud_type": "null",
            "aud_src": "null",
            "aud_volume": "0",
            "aud_PlayInloop": "false",
            "aud_IsSurround": "false",
            "aud_Dopplerlevel": "0",
            "aud_spread": "0",
            "aud_mindist": "0",
            "aud_maxdist": "0",
            "_Opttxt1": "null",
            "@context_img_source": "blank"
        },
        {
            "_objectname": "Banner",
            "_sid": "_banner1",
            "_slabel": "This is a banner",
            "_IsHidden": 0,
            "_enumcount": 1,
            "_Is3DObject": 1,
            "HasChild": 0,
            "shape": "rectangle",
            "IsText": true,
            "IsText3D": true,
            "bannerType": "horizontal",
            "design": "medieval",
            "color": "red",
            "size": "large",
            "IsIlluminate": true,
            "Transform_initialpos": {
                "#x_initialpos": 0,
                "#y_initialpos": 0,
                "#z_initialpos": 0
            },
            "Transform_initialrotation": {
                "#x_initialrotation": 0,
                "#y_initialrotation": 0,
                "#z_initialrotation": 0
            },
            "Transform_objectscale": {
                "#x_objectscale": "1",
                "#y_objectscale": "1",
                "#z_objectscale": "1"
            },
            "Interaction": {
                "XRGrabInteractable": "true",
                "XRInteractionMaskLayer": "banners",
                "TrackPosition": "true",
                "TrackRotation": "true",
                "Throw_Detach": "true",
                "forcegravity": "true",
                "velocity": "1",
                "angularvelocity": "0.5"
            },
            "Smoothing": "true",
            "Smoothing_duration": "0.5",
            "XRRigidObject": {
                "value": "true",
                "mass": "2",
                "dragfriction": "0.5",
                "angulardrag": "0.2",
                "Isgravityenable": "true",
                "IsKinematic": "false",
                "CanInterpolate": "false",
                "CollisionPolling": "discrete"
            },
            "aud_hasaudio": "false",
            "aud_type": "null",
            "aud_src": "null",
            "aud_volume": "0",
            "aud_PlayInloop": "false",
            "aud_IsSurround": "false",
            "aud_Dopplerlevel": "0",
            "aud_spread": "0",
            "aud_mindist": "0",
            "aud_maxdist": "0",
            "_Opttxt1": "null",
            "@context_img_source": "blank"
        },
        {
            "_objectname": "Manuscript",
            "_sid": "_manuscript1",
            "_slabel": "This is a manuscript",
            "_IsHidden": 0,
            "_enumcount": 1,
            "_Is3DObject": 1,
            "HasChild": 0,
            "shape": "custom",
            "IsText": true,
            "IsText3D": false,
            "manuscriptType": "scroll",
            "age": "ancient",
            "material": "parchment",
            "content": "Lorem ipsum dolor sit amet, consectetur adipiscing elit.",
            "language": "Latin",
            "IsIlluminate": false,
            "Transform_initialpos": {
                "#x_initialpos": 0,
                "#y_initialpos": 0,
                "#z_initialpos": 0
            },
            "Transform_initialrotation": {
                "#x_initialrotation": 0,
                "#y_initialrotation": 0,
                "#z_initialrotation": 0
            },
            "Transform_objectscale": {
                "#x_objectscale": "1",
                "#y_objectscale": "1",
                "#z_objectscale": "1"
            },
            "Interaction": {
                "XRGrabInteractable": "true",
                "XRInteractionMaskLayer": "manuscripts",
                "TrackPosition": "true",
                "TrackRotation": "true",
                "Throw_Detach": "true",
                "forcegravity": "true",
                "velocity": "1",
                "angularvelocity": "0.5"
            },
            "Smoothing": "true",
            "Smoothing_duration": "0.5",
            "XRRigidObject": {
                "value": "true",
                "mass": "2",
                "dragfriction": "0.5",
                "angulardrag": "0.2",
                "Isgravityenable": "true",
                "IsKinematic": "false",
                "CanInterpolate": "false",
                "CollisionPolling": "discrete"
            },
            "aud_hasaudio": "false",
            "aud_type": "null",
            "aud_src": "null",
            "aud_volume": "0",
            "aud_PlayInloop": "false",
            "aud_IsSurround": "false",
            "aud_Dopplerlevel": "0",
            "aud_spread": "0",
            "aud_mindist": "0",
            "aud_maxdist": "0",
            "_Opttxt1": "null",
            "@context_img_source": "blank"
        },
        {
            "_objectname": "Map",
            "_sid": "_map1",
            "_slabel": "This is a map",
            "_IsHidden": 0,
            "_enumcount": 1,
            "_Is3DObject": 1,
            "HasChild": 0,
            "shape": "custom",
            "IsText": true,
            "IsText3D": false,
            "mapType": "world",
            "style": "vintage",
            "location": "Europe",
            "scale": "1:10000",
            "projection": "Mercator",
            "IsIlluminate": true,
            "Transform_initialpos": {
                "#x_initialpos": 0,
                "#y_initialpos": 0,
                "#z_initialpos": 0
            },
            "Transform_initialrotation": {
                "#x_initialrotation": 0,
                "#y_initialrotation": 0,
                "#z_initialrotation": 0
            },
            "Transform_objectscale": {
                "#x_objectscale": "1",
                "#y_objectscale": "1",
                "#z_objectscale": "1"
            },
            "Interaction": {
                "XRGrabInteractable": "true",
                "XRInteractionMaskLayer": "maps",
                "TrackPosition": "true",
                "TrackRotation": "true",
                "Throw_Detach": "true",
                "forcegravity": "true",
                "velocity": "1",
                "angularvelocity": "0.5"
            },
            "Smoothing": "true",
            "Smoothing_duration": "0.5",
            "XRRigidObject": {
                "value": "true",
                "mass": "2",
                "dragfriction": "0.5",
                "angulardrag": "0.2",
                "Isgravityenable": "true",
                "IsKinematic": "false",
                "CanInterpolate": "false",
                "CollisionPolling": "discrete"
            },
            "aud_hasaudio": "false",
            "aud_type": "null",
            "aud_src": "null",
            "aud_volume": "0",
            "aud_PlayInloop": "false",
            "aud_IsSurround": "false",
            "aud_Dopplerlevel": "0",
            "aud_spread": "0",
            "aud_mindist": "0",
            "aud_maxdist": "0",
            "_Opttxt1": "null",
            "@context_img_source": "blank"
        }
        
]
}