{
    "_scenename": "Indian Historical Site VR",
    "_sid": "fort001",
    "_slabel": "Fort",
    "_playarea": {
        "#pid": "play001",
        "#length_playarea": "100",
        "#breadth_playarea": "100",
        "#height_playarea": "30",
        "#comment": "A virtual scene of an Indian historical fort",
        "#x_scenecenter": 0,
        "#y_scenecenter": 0,
        "#z_scenecenter": 0
    },
    "_camera": {
        "IsSceneObject": true,
        "trackingorigin": "head"
    },
    "_initialcamerapos": {
        "#x_initialcamerapos": "0",
        "#y_initialcamerapos": "5",
        "#z_initialcamerapos": "0"
    },
    "_viewport": {
        "#x_viewport": "0",
        "#y_viewport": "0",
        "#w_viewport": "1920",
        "#h_viewport": "1080"
    },
    "_clippingplane": {
        "near_cp": 0.1,
        "far_cp": 1000
    },
    "_horizon": true,
    "_dof": 3,
    "_skybox": 3,
    "_controllers": {
        "type": "motion",
        "raycast": true,
        "raydistance": 10,
        "raythinkness": 0.01,
        "raycolor": "0xffffff",
        "raytype": "line"
    },
    "_gravity": {
        "value": 9.8
    },
    "_interaction": true,
    "_nestedscene": {
        "#value": true,
        "#scenecount": 3,
        "#sid_order": 123
    },
    "_audio": true,
    "_timeline": false,
    "_Opttxt1": "Optional text field",
    "@context_mock": "Context mock data",
    "usertype": [
        {
            "type": "player",
            "uplayarea": {
                "#length_uplayarea": 100,
                "#breadth_uplayarea": 100,
                "#height_uplayarea": 30
            },
            "initialupos": {
                "#x_initialupos": 0,
                "#y_initialupos": 5,
                "#z_initialupos": 0
            },
            "uplayareacenter": {
                "#x_uplayareacenter": 0,
                "#y_uplayareacenter": 0,
                "#z_uplayareacenter": 0
            }
        },
        {
            "type": "spectator",
            "uplayarea": {
                "#length_uplayarea": 0,
                "#breadth_uplayarea": 0,
                "#height_uplayarea": 0
            },
            "initialupos": {
                "#x_initialupos": 0,
                "#y_initialupos": 10,
                "#z_initialupos": 0
            },
            "uplayareacenter": {
                "#x_uplayareacenter": 0,
                "#y_uplayareacenter": 0,
                "#z_uplayareacenter": 0
            }
        }
    ]
}