{
	"animate_trigSync": {
		"tsyncid": 1,
		"tsOntrigger": true,
		"SyncObjList": [],
		"tSyncNote": "This statement is blank"
	},
	"animate_nontrigSync": {
		"ntsyncid": 2,
		"ntsOntrigger": false,
		"ntSyncObjList": [],
		"ntSyncNote": "This statement is blank"
	},
	"animate_trigAsync": {
		"tasyncid": 3,
		"taOntrigger": true,
		"tAsyncObjList": [
			"_door1",
			"_door2",
			"_door3",
			"_weapon1",
			"_weapon2",
			"_artifact1",
			"_artifact2",
			"_viewpoint1",
			"_viewpoint2",
			"_banner1",
			"_banner2",
			"_manuscript1",
			"_manuscript2",
			"_map1",
			"_map2"
		],
		"tAsyncNote": "All these articles change their state upon trigger by visitors"
	},
	"animate_nontrigAsync": {
		"ntasyncid": 4,
		"ntaOntrigger": false,
		"ntAsyncObjList": [],
		"ntAsyncNote": ""
	},
	"routine": [
		{
			"routeid": 1,
			"starttime": "10:00:00",
			"endtime": "11:00:00",
			"order": [
				1,
				3,
				2
			],
			"routeNote": "This is the first route that runs from 10:00 to 11:00 and animates objects 1, 3, and 2 in order."
		},
		{
			"routeid": 2,
			"starttime": "12:00:00",
			"endtime": "13:00:00",
			"order": [
				1,
				3
			],
			"routeNote": "This is the second route that runs from 12:00 to 13:00 and animates objects 1 and 3 in order."
		},
		{
			"routeid": 3,
			"starttime": "14:00:00",
			"endtime": "15:00:00",
			"order": [
				2,
				3,
				4
			],
			"routeNote": "This is the third route that runs from 14:00 to 15:00 and animates objects 2, 3, and 4 in order."
		}
	]
}
