{
	"ObjAction": [
	{
	"actresid":"ball_response",
	"sourceObj":"ball",
    "targetObj":"bat",	          
	"IsCollision":true,
    "response":"natural",
    "comment":"ball bounces on the ground and reboundes. The batsman hits the ball",
    "Syncronous":true,
	"repeatactionfor":"null"
	},
    {
        "actresid":"bat_response",
        "sourceObj":"bat",
        "targetObj":"ball",	          
        "IsCollision":true,
        "response":"natural",
        "comment":"when the ball rebounds from the ground, the batsman hits the ball",
        "Syncronous":true,
        "repeatactionfor":"null"
        },
        {
            "actresid":"batsman_scoreboard",
            "sourceObj":"scoreboard",
            "targetObj":"scoreboard",	          
            "IsCollision":false,
            "response":"natural",
            "comment":"when a batsman scores runs , then  scoreboard will be updated",
            "Syncronous":true,
            "repeatactionfor":"null"
        },
        {
            "actresid":"ball_count_board",
            "sourceObj":"ball_count_board",
            "targetObj":"ball_count_board",	          
            "IsCollision":false,
            "response":"natural",
            "comment":"when a bowler bowled a ball then board will be automatically updated",
            "Syncronous":true,
            "repeatactionfor":"null"
        }
	]
}