{
  "articles": [
    {
      "_objectname": "ball",
      "_sid": "1",
      "_slabel": "cork ball that is used to play cricket",
      "_IsHidden": 0,
      "_enumcount": 1,
      "_Is3DObject": 1,
      "HasChild": 0,
      "shape": "sphere",
      "dimension": {
        "dradii": 5,
        "dvolumn": "null",
        "dlength": "null",
        "dbreadth": "null",
        "dheight": "null"
      },
      "IsText": false,
      "IsText3D": false,
      "lighting": {
        "CastShadow": "1",
        "ReceiveShadow": "1",
        "ContributeGlobalIlumination": "1"
      },
      "IsIlluminate": false,
      "Transform_initialpos": {
        "#x_initialpos": "0",
        "#y_initialpos": "0",
        "#z_initialpos": "0"
      },
      "Transform_initialrotation": {
        "#x_initialrotation": "0",
        "#y_initialrotation": "0",
        "#z_initialrotation": "0"
      },
      "Transform_objectscale": {
        "#x_objectscale": "1",
        "#y_objectscale": "1",
        "#z_objectscale": "1"
      },
      "repeattransfrom": {
        "distfactorx": "0",
        "distfactory": "0",
        "distfactorz": "0"
      },
      "Interaction": {
        "XRGrabInteractable": "1",
        "XRInteractionMaskLayer": "1",
        "TrackPosition": "0",
        "TrackRotation": "0",
        "Throw_Detach": "1",
        "forcegravity": "1",
        "velocity": "3",
        "angularvelocity": "2"
      },
      "Smoothing": "1",
      "Smoothing_duration": "1.5",
      "attachtransform": {
        "#rotate_x": "1",
        "#rotate_y": "1",
        "#rotate_z": "1",
        "#pos_x": "1",
        "#pos_y": "1",
        "#pos_z": "1"
      },
      "XRRigidObject": {
        "value": "10",
        "mass": "10",
        "dragfriction": "0.6",
        "angulardrag": "0.5",
        "Isgravityenable": "1",
        "IsKinematic": "1",
        "CanInterpolate": "1",
        "CollisionPolling": "1"
      },
      "aud_hasaudio": "1",
      "aud_type": "static/dynamic",
      "aud_src": "/path",
      "aud_volume": "10",
      "aud_PlayInloop": "1",
      "aud_IsSurround": "1",
      "aud_Dopplerlevel": "0.8",
      "aud_spread": "null",
      "aud_mindist": "null",
      "aud_maxdist": "null",
      "_Opttxt1": "null",
      "@context_img_source": "/path/ball"
    },

    {
      "_objectname": "bat",
      "_sid": "2",
      "_slabel": "instrument that is used to hit the ball",
      "_IsHidden": 0,
      "_enumcount": 1,
      "_Is3DObject": 1,
      "HasChild": 0,
      "shape": "paddle",
      "dimension": {
        "dradii": 1,
        "dvolumn": "null",
        "dlength": "10",
        "dbreadth": "3",
        "dheight": "0.5"
      },
      "IsText": false,
      "IsText3D": false,
      "lighting": {
        "CastShadow": "1",
        "ReceiveShadow": "1",
        "ContributeGlobalIlumination": "1"
      },
      "IsIlluminate": false,
      "Transform_initialpos": {
        "#x_initialpos": "100",
        "#y_initialpos": "10",
        "#z_initialpos": "0"
      },
      "Transform_initialrotation": {
        "#x_initialrotation": "0",
        "#y_initialrotation": "0",
        "#z_initialrotation": "0"
      },
      "Transform_objectscale": {
        "#x_objectscale": "1",
        "#y_objectscale": "1",
        "#z_objectscale": "1"
      },
      "repeattransfrom": {
        "distfactorx": "0",
        "distfactory": "0",
        "distfactorz": "0"
      },
      "Interaction": {
        "XRGrabInteractable": "1",
        "XRInteractionMaskLayer": "1",
        "TrackPosition": "0",
        "TrackRotation": "0",
        "Throw_Detach": "1",
        "forcegravity": "1",
        "velocity": "5",
        "angularvelocity": "0"
      },
      "Smoothing": "0",
      "Smoothing_duration": "0.9",
      "attachtransform": {
        "#rotate_x": "0",
        "#rotate_y": "0",
        "#rotate_z": "1",
        "#pos_x": "1",
        "#pos_y": "1",
        "#pos_z": "1"
      },
      "XRRigidObject": {
        "value": "10",
        "mass": "100",
        "dragfriction": "0",
        "angulardrag": "0.5",
        "Isgravityenable": "1",
        "IsKinematic": "1",
        "CanInterpolate": "1",
        "CollisionPolling": "1"
      },
      "aud_hasaudio": "1",
      "aud_type": "static/dynamic",
      "aud_src": "/path",
      "aud_volume": "10",
      "aud_PlayInloop": "1",
      "aud_IsSurround": "1",
      "aud_Dopplerlevel": "0.8",
      "aud_spread": "null",
      "aud_mindist": "null",
      "aud_maxdist": "null",
      "_Opttxt1": "null",
      "@context_img_source": "/path/ball"
    },

    {
      "_objectname": "wickets",
      "_sid": "3",
      "_slabel": "stumps behind batsman and before umpire",
      "_IsHidden": 0,
      "_enumcount": 2,
      "_Is3DObject": 1,
      "HasChild": 0,
      "shape": "cylinder",
      "dimension": {
        "dradii": 2,
        "dvolumn": "null",
        "dlength": "null",
        "dbreadth": "null",
        "dheight": "null"
      },
      "IsText": false,
      "IsText3D": false,
      "lighting": {
        "CastShadow": "1",
        "ReceiveShadow": "1",
        "ContributeGlobalIlumination": "1"
      },
      "IsIlluminate": false,
      "Transform_initialpos": {
        "#x_initialpos": "20",
        "#y_initialpos": "20",
        "#z_initialpos": "0"
      },
      "Transform_initialrotation": {
        "#x_initialrotation": "0",
        "#y_initialrotation": "0",
        "#z_initialrotation": "0"
      },
      "Transform_objectscale": {
        "#x_objectscale": "1",
        "#y_objectscale": "1",
        "#z_objectscale": "1"
      },
      "repeattransfrom": {
        "distfactorx": "0",
        "distfactory": "0",
        "distfactorz": "0"
      },
      "Interaction": {
        "XRGrabInteractable": "0",
        "XRInteractionMaskLayer": "1",
        "TrackPosition": "0",
        "TrackRotation": "0",
        "Throw_Detach": "0",
        "forcegravity": "0",
        "velocity": "0",
        "angularvelocity": "0"
      },
      "Smoothing": "0",
      "Smoothing_duration": "0",
      "attachtransform": {
        "#rotate_x": "0",
        "#rotate_y": "0",
        "#rotate_z": "0",
        "#pos_x": "0",
        "#pos_y": "0",
        "#pos_z": "0"
      },
      "XRRigidObject": {
        "value": "10",
        "mass": "5",
        "dragfriction": "0",
        "angulardrag": "0",
        "Isgravityenable": "1",
        "IsKinematic": "0",
        "CanInterpolate": "0",
        "CollisionPolling": "1"
      },
      "aud_hasaudio": "1",
      "aud_type": "static/dynamic",
      "aud_src": "/path",
      "aud_volume": "10",
      "aud_PlayInloop": "1",
      "aud_IsSurround": "1",
      "aud_Dopplerlevel": "0.8",
      "aud_spread": "null",
      "aud_mindist": "null",
      "aud_maxdist": "null",
      "_Opttxt1": "null",
      "@context_img_source": "/path/wickets"
    },

    {
      "_objectname": "scoreboard",
      "_sid": "4",
      "_slabel": "scoreboard",
      "_IsHidden": 0,
      "_enumcount": 1,
      "_Is3DObject": 0,
      "HasChild": 0,
      "shape": "rectangle",
      "dimension": {
        "dradii": 0,
        "dvolumn": "null",
        "dlength": "100",
        "dbreadth": "100",
        "dheight": "null"
      },
      "IsText": true,
      "IsText3D": false,
      "lighting": {
        "CastShadow": "0",
        "ReceiveShadow": "0",
        "ContributeGlobalIlumination": "1"
      },
      "IsIlluminate": true,
      "Transform_initialpos": {
        "#x_initialpos": "10",
        "#y_initialpos": "10",
        "#z_initialpos": "10"
      },
      "Transform_initialrotation": {
        "#x_initialrotation": "0",
        "#y_initialrotation": "0",
        "#z_initialrotation": "0"
      },
      "Transform_objectscale": {
        "#x_objectscale": "1",
        "#y_objectscale": "1",
        "#z_objectscale": "1"
      },
      "repeattransfrom": {
        "distfactorx": "0",
        "distfactory": "0",
        "distfactorz": "0"
      },
      "Interaction": {
        "XRGrabInteractable": "0",
        "XRInteractionMaskLayer": "1",
        "TrackPosition": "0",
        "TrackRotation": "0",
        "Throw_Detach": "0",
        "forcegravity": "0",
        "velocity": "0",
        "angularvelocity": "0"
      },
      "Smoothing": "0",
      "Smoothing_duration": "0",
      "attachtransform": {
        "#rotate_x": "0",
        "#rotate_y": "0",
        "#rotate_z": "0",
        "#pos_x": "0",
        "#pos_y": "0",
        "#pos_z": "0"
      },
      "XRRigidObject": {
        "value": "10",
        "mass": "100",
        "dragfriction": "0",
        "angulardrag": "0",
        "Isgravityenable": "0",
        "IsKinematic": "0",
        "CanInterpolate": "0",
        "CollisionPolling": "0"
      },
      "aud_hasaudio": "1",
      "aud_type": "dynamic",
      "aud_src": "/path",
      "aud_volume": "10",
      "aud_PlayInloop": "1",
      "aud_IsSurround": "1",
      "aud_Dopplerlevel": "0.8",
      "aud_spread": "null",
      "aud_mindist": "null",
      "aud_maxdist": "null",
      "_Opttxt1": "null ",
      "@context_img_source": "/path/scorecard"
    }
  ]
}
