{
	"setvalues":
	{
	"custom_variables":"$bowled,$hitball,$hitwicket",
	"_anywickets":"_wicket1,wicket2,_wicket3",
    "run":"1",
	"run_count":"0",
	"wicket":"1",
    "wicket_count":"0",
	"rObjList":[
      "_camera",
      "_ball",
      "_bat",
      "_wicket1","wicket2","_wicket3",
      "_batplane",
      "_pitchplane",
      "_wicketplane",
	  "_groundplane"
		]
	},
	
	"rules":[
    {
        "rid":"shotrule",
        "rtitle":"rule for hitting the ball",
        "logic":"aWYoIF9iYXQgJGhpdGJhbGwgX2JhbGwgKQp0aGVuIHJ1bl9jb3VudCA9IHJ1bl9jb3VudCArIHJ1bg=="
    },
    {
		"rid":"wicketfallrule",
		"rtitle":"rule for bowled",
		"logic":"aWYoIHtfYmFsbCAkaGl0d2lja2V0IF9hbnl3aWNrZXR9IE9SIHtfYmF0ICRoaXR3aWNrZXQgX2FueXdpY2tldH0pCnRoZW4gJGJvd2xlZChfYW55d2lja2V0KQ=="
	},
    
	{
		"rid":"scoreupdaterule",
		"rtitle":"rule for scoring",
		"logic":"aWYoICRib3dsZWQgKQp0aGVuIHdpY2tldF9jb3VudCA9IHdpY2tldF9jb3VudCArIHdpY2tldA=="
	}
	],
	
	"ruleorder":{
		"ordertype":"asc",
		"rorder":[ "shotrule","wicketfallrule","scoreupdaterule"]
	}
}