{
  "_scenename": "Cricket Stadium - Batter's View",
  "_sid": "cricket_stadium_batters_view",
  "_slabel": "Batter's View",
  "_playarea": {
    "#pid": "stadium_field",
    "#length_playarea": "60",
    "#breadth_playarea": "40",
    "#height_playarea": "0",
    "#comment": "The dimensions of the cricket field",
    "#x_scenecenter":0,
      "#y_scenecenter":5,
      "#z_scenecenter":0
  },
  "_camera": {
    "IsSceneObject": true,
    "trackingorigin": "head"
  },
  "_initialcamerapos": {
    "#x_initialcamerapos": 0,
    "#y_initialcamerapos": 5,
    "#z_initialcamerapos": 0
  },
  "_viewport": {
    "#x_viewport": 0,
    "#y_viewport": 0,
    "#w_viewport": 1920,
    "#h_viewport": 1080
  },
  "_clippingplane": {
    "near_cp": 0.1,
    "far_cp": 1000
  },
  "_horizon": true,
  "_dof":6,
  "_skybox": 1,
  "_controllers": {
    "type": "vr_controller",
    "raycast": true,
    "raydistance": 100,
    "raythickness": 0.1,
    "raycolor": "yellow",
    "raytype": "laser"
  },
  "_gravity": {
    "value": 10
  },
  "_interaction": true,
  "_nestedscene": {
    "#value": false,
    "#scenecount": 0,
    "#sid_order": 1
  },
  "_audio":true,
  "_timeline":true,
  "_Opttxt1":"null",
   "@context_mock":"_blank",
  
  
  "usertype": [
    {
      "type": "batsman",
      "uplayarea": {
        "#length_uplayarea": 5,
        "#breadth_uplayarea": 5,
        "#height_uplayarea": 0
      },
      "initialupos": {
        "#x_initialupos": 0,
        "#y_initialupos": 0,
        "#z_initialupos": 0
      },
      "uplayareacenter": {
        "#x_uplayareacenter": 0,
        "#y_uplayareacenter": 2.5,
        "#z_uplayareacenter": 0
      }
    }
  ]
}
