{
	
    "animate_trigSync":{
                       "tsyncid":30,
       "tsOntrigger":"true", 
       "SyncObjList":[ ], 
       "tSyncNote":"This statement is blank"
           },
     "animate_nontrigSync":{
       "ntsyncid":31,
                       "ntsOntrigger":"false", 
"ntSyncObjList":[ ],
"ntSyncNote":"This statement is blank"
           },
     "animate_trigAsync":{
       "tasyncid":32,
                       "taOntrigger":"true", 
"tAsyncObjList":[
      "ball",
      "bat",
      "wickets",
      "scoreboard"
 ], 
"tAsyncNote":"All this articles change their state upon trigger"
           },
     "animate_nontrigAsync":{
       "ntasyncid":33,
                       "ntaOntrigger":"false", 
"ntAsyncObjList":["scoreboard" ],
"ntAsyncNote":"This statement is blank"
           },

       
      "routine": 	[{ "routeid":20, "starttime":"00:30:00", "endtime":"00:55:00",     
"order":[30,31,32,33] },
{ "routeid":12, "starttime":"00:40:00", "endtime":"00:45:00", "order":[30,32] },
{ "routeid":13, "starttime":"00:10:00", "endtime":"00:50:00", "order":[31,33] }
]     
}
