{
  "ObjList": [
    "_camera",
    "_torch",
    "_door",
    "_ghost",
    "_skull/_skeleton",
    "_zombies",
    "_traps"
  ],

  "ObjAction": [
    {
      "actresid": "scary_trap1",
      "sourceObj": "_traps",
      "targetObj": "_camera",
      "IsCollision": true,
      "response": "natural/custom",
      "comment": "trap set to trap user/camera in a scary place.",
      "Syncronous": true,
      "repeatactionfor": "All the users."
    },

    {
      "actresid": "door_trp1",
      "sourceObj": "_door",
      "targetObj": "_camera",
      "IsCollision": true,
      "response": "natural/custom",
      "comment": "when user moves to different roome door closes to trap user/camera in a isoated/scary room.",
      "Syncronous": true,
      "repeatactionfor": "All the users."
    },

    {
      "actresid": "ske_skull_1",
      "sourceObj": "_skull/_skeleton",
      "targetObj": "_camera",
      "IsCollision": true,
      "response": "natural/custom",
      "comment": "while walking a skull or skeleton will be popped in front of user to 'jumpscare' user",
      "Syncronous": true,
      "repeatactionfor": "All the users."
    },

    {
      "actresid": "Zombie_atk1",
      "sourceObj": "_zombies",
      "targetObj": "_camera",
      "IsCollision": true,
      "response": "natural/custom",
      "comment": "zombies in the screen will start following the user/_camera while moving forward.",
      "Syncronous": true,
      "repeatactionfor": "All the users."
    },

    {
      "actresid": "ghost_atk1",
      "sourceObj": "_ghost",
      "targetObj": "_camera",
      "IsCollision": true,
      "response": "natural/custom",
      "comment": "while user/_camera moving from one place to another ghosts appear at different intervals of time.",
      "Syncronous": true,
      "repeatactionfor": "All the users."
    }
  ]
}
