{
    "articles":[		
    {
       "_objectname":"torch",
       "_sid":"_torch",
       "_slabel":"This is used to see the surrounding",
       "_IsHidden": false,
       "_enumcount":1,
       "_Is3DObject": 1,
        "HasChild": 0,
        "shape": "cylinder",
        "dimension": {
            "dradii": 5,
            "dvolumn": "50",
            "dlength": "null",
            "dbreadth": "null",
            "dheigth": "14"
        },
        "IsText": false,
        "IsText3D": false,
        "lighting": {
            "CastShadow": "1",
            "ReceiveShadow": "1",
            "ContributeGlobalIlumination": "1"
        },
        "IsIlluminate": true,
        "Transform_initialpos":{
            "#x_initialpos": "0",
            "#y_initialpos": "5",
            "#z_initialpos": "0"
          },
        "Transform_initialrotation":{
            "#x_initialrotation":"0",
            "#y_initialrotation":"5",
            "#z_initialrotation":"0"
          },
        "Transform_objectscale":{
            "#x_objectscale":"0",
            "#y_objectscale":"5",
            "#z_objectscale":"0"
          },
        "repeattransfrom":{
            "distfactorx": "null",
            "distfactory": "null",
            "distfactorz": "null"
          },
        "Interaction":{
            "XRGrabInteractable": "1",
            "XRInteractionMaskLayer": "nothing/everything/custom",
            "TrackPosition":"1",
            "TrackRotation":"1",
            "Throw_Detach":"0",
            "forcegravity":"0",
            "velocity":"0",
            "angularvelocity":"0"
          },
        "Smoothing":"1",
        "Smoothing_duration":"0.5",
        "attachtransform":{
            "#rotate_x":"null",
            "#rotate_y":"null",
            "#rotate_z":"null",
            "#pos_x":"null",
            "#pos_y":"null",
            "#pos_z":"null"
          },
          "XRRigidObject":{
             "value":"3",
             "mass":"5",
             "dragfriction":"1",
             "angulardrag":"1",
             "Isgravityenable":"true",
             "IsKinematic":"1",
             "CanInterpolate":"0",
             "CollisionPolling":"discreet/continous"
          },
       "aud_hasaudio":"null",
       "aud_type":"null",
       "aud_src":"null",
       "aud_volume":"null",
       "aud_PlayInloop":"null",
       "aud_IsSurround":"null",
       "aud_Dopplerlevel":"null",
       "aud_spread":"null",
       "aud_mindist":"null",
       "aud_maxdist":"null",
       "_Opttxt1":"dimensions of torch is in cm",
       "@context_img_source": "null"
    },
    {
        "_objectname":"ghost",
        "_sid":"_ghost",
        "_slabel":"ghost scares the player",
        "_IsHidden": 0,
        "_enumcount": 2,
        "_Is3DObject": 1,
        "HasChild":0,
        "shape": "cuboid",      
        "dimension":{
                "dradii": null,
                "dvolumn":"12",
                "dlength":"1",
                "dbreadth":"2",
                "dheight":"6"
            }, 
            "IsText":false,
            "IsText3D":false,
            "lighting":{
                "CastShadow":"1",
                "ReceiveShadow":"1",
                "ContributeGlobalIlumination":"1"
            },
        "IsIlluminate":false,
        "Transform_initialpos":{
                "#x_initialpos":"15",
                "#y_initialpos":"0",
                "#z_initialpos":"15"
            },
            "Transform_initialrotation":{
                "#x_initialrotation":"15",
                "#y_initialrotation":"0",
                "#z_initialrotation":"15"
            },
            "Transform_objectscale":{
                "#x_objectscale":"15",
                "#y_objectscale":"0",
                "#z_objectscale":"15"
            },
            "repeattransfrom":{
            "distfactorx":"null",
            "distfactory":"null",
            "distfactorz":"null"
            },
        "Interaction":{
            "XRGrabInteractable": "0",
            "XRInteractionMaskLayer": "nothing",
            "TrackPosition":"",
            "TrackRotation":"",
            "Throw_Detach":"",
            "forcegravity":"",
            "velocity":"",
            "angularvelocity":""
            },
            "Smoothing":"1",
            "Smoothing_duration":"0.5",
            "attachtransform":{
                "#rotate_x":"null",
                "#rotate_y":"null",
                "#rotate_z":"null",
                "#pos_x":"null",
                "#pos_y":"null",
                "#pos_z":"null"
            },
            "XRRigidObject":{
                "value":"8",
                "mass":"30",
                "dragfriction":"5",
                "angulardrag":"4",
                "Isgravityenable":"true",
                "IsKinematic":"1",
                "CanInterpolate":"0",
                "CollisionPolling":"continous"
            },
        "aud_hasaudio":"1",
        "aud_type":"dynamic",
        "aud_src":"/path",
        "aud_volume":"10",
        "aud_PlayInloop":"1",
        "aud_IsSurround":"1",
        "aud_Dopplerlevel":"0.9",
        "aud_spread":"1",
        "aud_mindist":"1",
        "aud_maxdist":"20",
        "_Opttxt1":"dimensions of the ghost is in feets",
        "@context_img_source":"blank"
    },
    
    {
        "_objectname":"zombie",
        "_sid":"_zombie",
        "_slabel":"zombie scares the player",
        "_IsHidden": 0,
        "_enumcount": 1,
        "_Is3DObject": 1,
        "HasChild":0,
        "shape": "cuboid",      
        "dimension":{
                "dradii": null,
                "dvolumn":"14",
                "dlength":"2",
                "dbreadth":"1",
                "dheight":"7"
            }, 
            "IsText":false,
            "IsText3D":false,
            "lighting":{
                "CastShadow":"1",
                "ReceiveShadow":"1",
                "ContributeGlobalIlumination":"1"
            },
        "IsIlluminate":false,
        "Transform_initialpos":{
                "#x_initialpos":"15",
                "#y_initialpos":"0",
                "#z_initialpos":"15"
            },
            "Transform_initialrotation":{
                "#x_initialrotation":"15",
                "#y_initialrotation":"0",
                "#z_initialrotation":"15"
            },
            "Transform_objectscale":{
                "#x_objectscale":"15",
                "#y_objectscale":"0",
                "#z_objectscale":"15"
            },
            "repeattransfrom":{
            "distfactorx":"null",
            "distfactory":"null",
            "distfactorz":"null"
            },
        "Interaction":{
            "XRGrabInteractable": "0",
            "XRInteractionMaskLayer": "nothing",
            "TrackPosition":"",
            "TrackRotation":"",
            "Throw_Detach":"",
            "forcegravity":"",
            "velocity":"",
            "angularvelocity":""
            },
            "Smoothing":"1",
            "Smoothing_duration":"0.5",
            "attachtransform":{
                "#rotate_x":"null",
                "#rotate_y":"null",
                "#rotate_z":"null",
                "#pos_x":"null",
                "#pos_y":"null",
                "#pos_z":"null"
            },
            "XRRigidObject":{
                "value":"8",
                "mass":"30",
                "dragfriction":"5",
                "angulardrag":"4",
                "Isgravityenable":"true",
                "IsKinematic":"1",
                "CanInterpolate":"0",
                "CollisionPolling":"continous"
            },
        "aud_hasaudio":"1",
        "aud_type":"dynamic",
        "aud_src":"/path",
        "aud_volume":"10",
        "aud_PlayInloop":"1",
        "aud_IsSurround":"1",
        "aud_Dopplerlevel":"0.9",
        "aud_spread":"1",
        "aud_mindist":"1",
        "aud_maxdist":"20",
        "_Opttxt1":"dimensions of the zombie is in feets",
        "@context_img_source":"blank"
    },

    {
        "_objectname":"skeleton",
        "_sid":"_skeleton",
        "_slabel":"skeleton scares the player",
        "_IsHidden": 0,
        "_enumcount": 2,
        "_Is3DObject": 1,
        "HasChild":0,
        "shape": "cuboid",      
        "dimension":{
                "dradii": null,
                "dvolumn":"14",
                "dlength":"2",
                "dbreadth":"1",
                "dheight":"7"
            }, 
            "IsText":false,
            "IsText3D":false,
            "lighting":{
                "CastShadow":"1",
                "ReceiveShadow":"1",
                "ContributeGlobalIlumination":"1"
            },
        "IsIlluminate":false,
        "Transform_initialpos":{
                "#x_initialpos":"20",
                "#y_initialpos":"5",
                "#z_initialpos":"20"
            },
            "Transform_initialrotation":{
                "#x_initialrotation":"20",
                "#y_initialrotation":"5",
                "#z_initialrotation":"20"
            },
            "Transform_objectscale":{
                "#x_objectscale":"20",
                "#y_objectscale":"5",
                "#z_objectscale":"20"
            },
            "repeattransfrom":{
            "distfactorx":"null",
            "distfactory":"null",
            "distfactorz":"null"
            },
        "Interaction":{
            "XRGrabInteractable": "0",
            "XRInteractionMaskLayer": "nothing",
            "TrackPosition":"",
            "TrackRotation":"",
            "Throw_Detach":"",
            "forcegravity":"",
            "velocity":"",
            "angularvelocity":""
            },
            "Smoothing":"1",
            "Smoothing_duration":"0.5",
            "attachtransform":{
                "#rotate_x":"null",
                "#rotate_y":"null",
                "#rotate_z":"null",
                "#pos_x":"null",
                "#pos_y":"null",
                "#pos_z":"null"
            },
            "XRRigidObject":{
                "value":"8",
                "mass":"30",
                "dragfriction":"5",
                "angulardrag":"4",
                "Isgravityenable":"true",
                "IsKinematic":"1",
                "CanInterpolate":"0",
                "CollisionPolling":"continous"
            },
        "aud_hasaudio":"1",
        "aud_type":"dynamic",
        "aud_src":"/path",
        "aud_volume":"10",
        "aud_PlayInloop":"1",
        "aud_IsSurround":"1",
        "aud_Dopplerlevel":"0.9",
        "aud_spread":"1",
        "aud_mindist":"1",
        "aud_maxdist":"20",
        "_Opttxt1":"dimensions of the skeleton is in feets",
        "@context_img_source":"blank"
    },
    		
    {
        "_objectname":"door",
        "_sid":"_door",
        "_slabel":"Player opens the door",
        "_IsHidden": 0,
        "_enumcount": 4,
        "_Is3DObject": 1,
        "HasChild":0,
        "shape":"cuboid",      
        "dimension":{
                "dradii": null,
                "dvolumn":"15",
                "dlength":"3",
                "dbreadth":"0.5",
                "dheight":"10"
            }, 
            "IsText":false,
            "IsText3D":false,
            "lighting":{
                "CastShadow":"1",
                "ReceiveShadow":"1",
                "ContributeGlobalIlumination":"1"
            },
        "IsIlluminate":false,
        "Transform_initialpos":{
                "#x_initialpos":"25",
                "#y_initialpos":"0",
                "#z_initialpos":"50"
            },
            "Transform_initialrotation":{
                "#x_initialrotation":"25",
                "#y_initialrotation":"0",
                "#z_initialrotation":"50"
            },
            "Transform_objectscale":{
                "#x_objectscale":"25",
                "#y_objectscale":"0",
                "#z_objectscale":"50"
            },
            "repeattransfrom":{
            "distfactorx":"null",
            "distfactory":"null",
            "distfactorz":"null"
            },
        "Interaction":{
            "XRGrabInteractable":"1",
            "XRInteractionMaskLayer":"nothing",
            "TrackPosition":"1",
            "TrackRotation":"1",
            "Throw_Detach":"1",
            "forcegravity":"1",
            "velocity":"2",
            "angularvelocity":"1"
            },
            "Smoothing":"1",
            "Smoothing_duration":"0.5",
            "attachtransform":{
                "#rotate_x":"27",
                "#rotate_y":"0",
                "#rotate_z":"50",
                "#pos_x":"28",
                "#pos_y":"0",
                "#pos_z":"48"
            },
            "XRRigidObject":{
                "value":"1",
                "mass":"10",
                "dragfriction":"5",
                "angulardrag":"4",
                "Isgravityenable":"true",
                "IsKinematic":"1",
                "CanInterpolate":"0",
                "CollisionPolling":"continous"
            },
        "aud_hasaudio":"1",
        "aud_type":"static",
        "aud_src":"/path",
        "aud_volume":"5",
        "aud_PlayInloop":"0",
        "aud_IsSurround":"1",
        "aud_Dopplerlevel":"0.9",
        "aud_spread":"null",
        "aud_mindist":"null",
        "aud_maxdist":"null",
        "_Opttxt1":"dimensions and position of door is in feets",
        "@context_img_source":""
    },

   		
    {
        "_objectname":"trap",
        "_sid":"_trap",
        "_slabel":"this traps the player",
        "_IsHidden": 0,
        "_enumcount": 1,
        "_Is3DObject": 1,
        "HasChild": 0,
        "shape":"cube",      
        "dimension":{
                "dradii":null,
                "dvolumn":"1",
                "dlength":"1",
                "dbreadth":"1",
                "dheight":"1"
            }, 
            "IsText":false,
            "IsText3D":false,
            "lighting":{
                "CastShadow":"1",
                "ReceiveShadow":"1",
                "ContributeGlobalIlumination":"1"
            },
        "IsIlluminate":true,
        "Transform_initialpos":{
                "#x_initialpos":"30",
                "#y_initialpos":"0",
                "#z_initialpos":"30"
            },
            "Transform_initialrotation":{
                "#x_initialrotation":"30",
                "#y_initialrotation":"0",
                "#z_initialrotation":"30"
            },
            "Transform_objectscale":{
                "#x_objectscale":"30",
                "#y_objectscale":"0",
                "#z_objectscale":"30"
            },
            "repeattransfrom":{
            "distfactorx":"null",
            "distfactory":"null",
            "distfactorz":"null"
            },
        "Interaction":{
            "XRGrabInteractable":"0",
            "XRInteractionMaskLayer":"",
            "TrackPosition":"",
            "TrackRotation":"",
            "Throw_Detach":"",
            "forcegravity":"",
            "velocity":"",
            "angularvelocity":""
            },
            "Smoothing":"1",
            "Smoothing_duration":"0.5",
            "attachtransform":{
                "#rotate_x":"null",
                "#rotate_y":"null",
                "#rotate_z":"null",
                "#pos_x":"null",
                "#pos_y":"null",
                "#pos_z":"null"
            },
            "XRRigidObject":{
                "value": "1",
                "mass": "20",
                "dragfriction":"1",
                "angulardrag":"1",
                "Isgravityenable":"true",
                "IsKinematic":"0",
                "CanInterpolate":"0",
                "CollisionPolling":"discreet/continous"
            },
        "aud_hasaudio":"1",
        "aud_type":"static",
        "aud_src":"/path",
        "aud_volume":"10",
        "aud_PlayInloop":"0",
        "aud_IsSurround":"1",
        "aud_Dopplerlevel":"0.8",
        "aud_spread":"null",
        "aud_mindist":"null",
        "aud_maxdist":"null",
        "_Opttxt1":"dimensions are in feets",
        "@context_img_source":"blank"
    }    
    ]
}