{
  "setvalues": {
    "custom_variables": "$scared,$jumpscare,$haunting,$terror,$see,$falls_in,$encounters",

    "_anyghost": "_ghost",
    "_anytrap": "_traps,_door",
    "_Zom": "_zombies",
    "_skel_skull": "_skeleton",
    "_viewer": "_camera",

    "rObjList": [
      "_camera",
      "_torch",
      "_door",
      "_ghost",
      "_skull/_skeleton",
      "_zombies",
      "_traps"
    ]
  },

  "rules": [
    {
      "rid": "ghost_scared",
      "rtitle": "what happen if ghost is seen by viewer",
      "logic": "aWYoIHtfdmlld2VyICRzZWUgX2FueWdob3N0fSkNCnRoZW4gJHNjYXJlZChfdmlld2VyKQ=="
    },
    {
      "rid": "falls_in_anytrap",
      "rtitle": "what happens if the view encounters anytrap",
      "logic": "aWYoIHtfdmlld2VyICRmYWxsc19pbiBfYW55dHJhcH0pDQp0aGVuICR0ZXJyb3IoX3ZpZXdlcik="
    },
    {
      "rid": "_skel_skull_enc",
      "rtitle": "what happens if the view suddenly encounters skeleton or shell",
      "logic": "aWYoIHtfdmlld2VyICRlbmNvdW50ZXJzIF9za2VsX3NrdWxsfSkNCnRoZW4gJGp1bXBzY2FyZShfdmlld2VyKQ=="
    },
    {
      "rid": "_zombie_enc",
      "rtitle": "what happens if the view encounters zombie attack",
      "logic": "aWYoIHtfdmlld2VyICRlbmNvdW50ZXJzIF9ab219KQ0KdGhlbiAkaGF1bnRpbmcoX3ZpZXdlcik="
    }
  ],

  "ruleorder": {
    "ordertype": "asc",
    "rorder": [
      "ghost_scared",
      "_zombie_enc",
      "falls_in_anytrap",
      "_skel_skull_enc"
    ]
  }
}
