{
  "_scene": [
    {
      "_scenename": "Abandoned Hospital",
      "_sid": "ABHOSP001",
      "_slabel": "Abandoned Hospital Scene",
      "_playarea": {
        "#pid": "ABHOSP001_P1",
        "#length_playarea": "50",
        "#breadth_playarea": "50",
        "#height_playarea": "10",
        "#comment": "The play area of the abandoned hospital scene in feets",
        "#x_scenecenter": 0,
        "#y_scenecenter": 5,
        "#z_scenecenter": 0
      },
      "_camera": {
        "IsSceneObject": true,
        "trackingorigin": "floor"
      },
      "_initialcamerapos": {
        "#x_initialcamerapos": "0",
        "#y_initialcamerapos": "2",
        "#z_initialcamerapos": "-5"
      },
      "_viewport": {
        "#x_viewport": "0",
        "#y_viewport": "0",
        "#w_viewport": "1",
        "#h_viewport": "1"
      },
      "_clippingplane": {
        "near_cp": 0.1,
        "far_cp": 1000
      },
      "_horizon": true,
      "_dof": 6,
      "_skybox": 1,
      "_controllers": {
        "type": "hand",
        "raycast": true,
        "raydistance": 10,
        "raythinkness": 0.01,
        "raycolor": "white",
        "raytype": "laser"
      },
      "_gravity": {
        "value": 9.81
      },
      "_interaction": true,
      "_nestedscene": {
        "#value": true,
        "#scenecount": 3,
        "#sid_order": 1
      },
      "_audio": true,
      "_timeline": true,
      "_Opttxt1": "Welcome to the Abandoned Hospital scene",
      "@context_mock": "",
      "usertype": [
        {
          "type": "Patient",
          "uplayarea": {
            "#length_uplayarea": 3,
            "#breadth_uplayarea": 3,
            "#height_uplayarea": 1
          },
          "initialupos": {
            "#x_initialupos": 10,
            "#y_initialupos": 2,
            "#z_initialupos": 10
          },
          "uplayareacenter": {
            "#x_uplayareacenter": 11,
            "#y_uplayareacenter": 2.5,
            "#z_uplayareacenter": 11
          }
        },
        {
          "type": "Nurse",
          "uplayarea": {
            "#length_uplayarea": 3,
            "#breadth_uplayarea": 3,
            "#height_uplayarea": 1
          },
          "initialupos": {
            "#x_initialupos": 20,
            "#y_initialupos": 2,
            "#z_initialupos": 20
          },
          "uplayareacenter": {
            "#x_uplayareacenter": 21,
            "#y_uplayareacenter": 2.5,
            "#z_uplayareacenter": 21
          }
        },
        {
          "type": "Doctor",
          "uplayarea": {
            "#length_uplayarea": 3,
            "#breadth_uplayarea": 3,
            "#height_uplayarea": 1
          },
          "initialupos": {
            "#x_initialupos": 20,
            "#y_initialupos": 2,
            "#z_initialupos": 20
          },
          "uplayareacenter": {
            "#x_uplayareacenter": 21,
            "#y_uplayareacenter": 2.5,
            "#z_uplayareacenter": 21
          }
        }
      ]
    },
    {
      "_scenename": "Graveyard",
      "_sid": "GraveY001",
      "_slabel": "Graveyard horror Scene",
      "_playarea": {
        "#pid": "GraveY001_P1",
        "#length_playarea": "50",
        "#breadth_playarea": "50",
        "#height_playarea": "10",
        "#comment": "The play area of the Graveyard scene in feets",
        "#x_scenecenter": 25,
        "#y_scenecenter": 5,
        "#z_scenecenter": 25
      },
      "_camera": {
        "IsSceneObject": true,
        "trackingorigin": "center"
      },
      "_initialcamerapos": {
        "#x_initialcamerapos": "0",
        "#y_initialcamerapos": "2",
        "#z_initialcamerapos": "-5"
      },
      "_viewport": {
        "#x_viewport": "0",
        "#y_viewport": "0",
        "#w_viewport": "1",
        "#h_viewport": "1"
      },
      "_clippingplane": {
        "near_cp": 0.1,
        "far_cp": 1000
      },
      "_horizon": true,
      "_dof": 6,
      "_skybox": 1,
      "_controllers": {
        "type": "hand",
        "raycast": true,
        "raydistance": 10,
        "raythinkness": 0.01,
        "raycolor": "#yellow",
        "raytype": "laser"
      },
      "_gravity": {
        "value": 9.81
      },
      "_interaction": true,
      "_nestedscene": {
        "#value": true,
        "#scenecount": 3,
        "#sid_order": 1
      },
      "_audio": true,
      "_timeline": true,
      "_Opttxt1": "Welcome to the Graveyard scene",
      "@context_mock": "",
      "usertype": [
        {
          "type": "cemetery workers",
          "uplayarea": {
            "#length_uplayarea": 3,
            "#breadth_uplayarea": 3,
            "#height_uplayarea": 1
          },
          "initialupos": {
            "#x_initialupos": 10,
            "#y_initialupos": 2,
            "#z_initialupos": 10
          },
          "uplayareacenter": {
            "#x_uplayareacenter": 11,
            "#y_uplayareacenter": 2.5,
            "#z_uplayareacenter": 11
          }
        }
      ]
    }
  ]
}
