{	
    "animate_trigSync":{
                       "tsyncid":21,
                       "tsOntrigger":true, 
                       "SyncObjList":["_door" ], 
                       "tSyncNote":"Open door upon trigger"
           },
     "animate_nontrigSync":{
                       "ntsyncid":22,
                       "ntsOntrigger":false, 
                       "ntSyncObjList":["_ghost","_zombie","_skeleton" ], 
                       "ntSyncNote":"These will be present in the room"
           },
     "animate_trigAsync":{
                       "tasyncid":23,
                       "taOntrigger":true, 
                       "tAsyncObjList":["_torch" ], 
                       "tAsyncNote":"Torch lights up upon trigger"
           },
     "animate_nontrigAsync":{
                       "ntasyncid":24,
                       "ntaOntrigger":false,
                       "ntAsyncObjList":["_trap" ], 
                       "ntAsyncNote":"Traps remain hidden"
           },

       
      "routine": [
      {  "routeid":11,    "starttime":"00:00:00",   "endtime":"00:15:00",  "order":[21,23,22,24] },
      {  "routeid":12,    "starttime":"00:15:00",   "endtime":"00:30:00",  "order":[21,22] },
      {  "routeid":13,    "starttime":"00:30:00",   "endtime":"00:45:00",  "order":[21,23,22,24] },                  
      {  "routeid":14,    "starttime":"00:45:00",   "endtime":"01:00:00",  "order":[21,22] }                        
]
            
}       















