
{
	"ObjAction": [
	{
	"actresid":"TicketBooth_VerifyTicket",
	"sourceObj":"null",
    "targetObj":"TicketBooth",	          
	"IsCollision":false,
    "response":"verifticket",
    "comment":"to verify the user's ticket",
    "Syncronous":true,
	"repeatactionfor":"null"
	},
	{
        "actresid":"SnackCounter_GetFood",
        "sourceObj":"null",
    "targetObj":"SnackCounter",
        "IsCollision":false,
    "response":"getsnacks",
    "comment":"to get food from the counter",
    "Syncronous":true,
        "repeatactionfor":"null"
        },
	{
        "actresid":"TicketBooth_GetTicket",
        "sourceObj":"null",
    "targetObj":"TicketBooth",
        "IsCollision":false,
    "response":"getticket",
    "comment":"to get ticket from the booth",
    "Syncronous":true,
        "repeatactionfor":"null"
        }
	]
}	
	
	
	