{
  "articles": [
    {
      "_objectname": "TicketBooth",
      "_sid": "_ticketbooth",
      "_slabel": "This is used to check the user's ticket",
      "_IsHidden": 0,
      "_enumcount": 5,
      "_Is3DObject": 1,
      "HasChild": 0,
      "shape": "cuboid",
      "dimension": {
        "dradii": 0,
        "dvolumn": "null",
        "dlength": "1",
        "dbreadth": "2",
        "dheight": "3"
      },
      "IsText": false,
      "IsText3D": false,
      "lighting": {
        "CastShadow": "1",
        "ReceiveShadow": "1",
        "ContributeGlobalIlumination": "1"
      },
      "IsIlluminate": true,
      "Transform_initialpos": {
        "#x_initialpos": "0",
        "#y_initialpos": "0",
        "#z_initialpos": "0"
      },
      "Transform_initialrotation": {
        "#x_initialrotation": "0",
        "#y_initialrotation": "0",
        "#z_initialrotation": "0"
      },
      "Transform_objectscale": {
        "#x_objectscale": "0",
        "#y_objectscale": "0",
        "#z_objectscale": "0"
      },
      "repeattransfrom": {
        "distfactorx": "null",
        "distfactory": "null",
        "distfactorz": "null"
      },
      "Interaction": {
        "XRGrabInteractable": "1",
        "XRInteractionMaskLayer": "nothing",
        "TrackPosition": "0",
        "TrackRotation": "0",
        "Throw_Detach": "0",
        "forcegravity": "0",
        "velocity": "0",
        "angularvelocity": "0"
      },
      "Smoothing": "0",
      "Smoothing_duration": "0",
      "attachtransform": {
        "#rotate_x": "null",
        "#rotate_y": "null",
        "#rotate_z": "null",
        "#pos_x": "null",
        "#pos_y": "null",
        "#pos_z": "null"
      },
      "XRRigidObject": {
        "value": "5",
        "mass": "20",
        "dragfriction": "1",
        "angulardrag": "0",
        "Isgravityenable": "1",
        "IsKinematic": "0",
        "CanInterpolate": "0",
        "CollisionPolling": "discreet"
      },
      "aud_hasaudio": "1",
      "aud_type": "static",
      "aud_src": "/path",
      "aud_volume": "10",
      "aud_PlayInloop": "0",
      "aud_IsSurround": "1",
      "aud_Dopplerlevel": "0.5",
      "aud_spread": "null",
      "aud_mindist": "null",
      "aud_maxdist": "null",
      "_Opttxt1": "null",
      "@context_img_source": "blank"
    },
    {
      "_objectname": "SnackCounter",
      "_sid": "_snackcounter",
      "_slabel": "This is used to issue snack to the user",
      "_IsHidden": 0,
      "_enumcount": 3,
      "_Is3DObject": 1,
      "HasChild": 0,
      "shape": "cuboid",
      "dimension": {
        "dradii": 0,
        "dvolumn": "null",
        "dlength": "1",
        "dbreadth": "2",
        "dheight": "3"
      },
      "IsText": false,
      "IsText3D": false,
      "lighting": {
        "CastShadow": "1",
        "ReceiveShadow": "1",
        "ContributeGlobalIlumination": "1"
      },
      "IsIlluminate": true,
      "Transform_initialpos": {
        "#x_initialpos": "0",
        "#y_initialpos": "0",
        "#z_initialpos": "0"
      },
      "Transform_initialrotation": {
        "#x_initialrotation": "0",
        "#y_initialrotation": "0",
        "#z_initialrotation": "0"
      },
      "Transform_objectscale": {
        "#x_objectscale": "0",
        "#y_objectscale": "0",
        "#z_objectscale": "0"
      },
      "repeattransfrom": {
        "distfactorx": "null",
        "distfactory": "null",
        "distfactorz": "null"
      },
      "Interaction": {
        "XRGrabInteractable": "1",
        "XRInteractionMaskLayer": "nothing",
        "TrackPosition": "0",
        "TrackRotation": "0",
        "Throw_Detach": "0",
        "forcegravity": "0",
        "velocity": "0",
        "angularvelocity": "0"
      },
      "Smoothing": "0",
      "Smoothing_duration": "0",
      "attachtransform": {
        "#rotate_x": "null",
        "#rotate_y": "null",
        "#rotate_z": "null",
        "#pos_x": "null",
        "#pos_y": "null",
        "#pos_z": "null"
      },
      "XRRigidObject": {
        "value": "5",
        "mass": "20",
        "dragfriction": "1",
        "angulardrag": "0",
        "Isgravityenable": "1",
        "IsKinematic": "0",
        "CanInterpolate": "0",
        "CollisionPolling": "discreet"
      },
      "aud_hasaudio": "1",
      "aud_type": "static",
      "aud_src": "/path",
      "aud_volume": "10",
      "aud_PlayInloop": "0",
      "aud_IsSurround": "1",
      "aud_Dopplerlevel": "0.5",
      "aud_spread": "null",
      "aud_mindist": "null",
      "aud_maxdist": "null",
      "_Opttxt1": "null",
      "@context_img_source": "blank"
    }
  ]
}
