{
  "behavior": [
    {
      "bid": "concert_full",
      "bname": "Venue limit reached",
      "bdescription": "If more than 100 people have reached the concert, no more people can come",
      "articlesused": "",
      "logic": "If#Number of people>100#:No more people come in!"
    },
    {
      "bid": "loudness",
      "bname": "Loud Music Limit",
      "bdescription": "If sound from the speakers gets above 100dB, turn off some speakers",
      "articlesused": "",
      "logic": "Do#num_of_speakers-=1#While#sound_level>100"
    }
  ]
}
