{
  "_scenename": "Concert",
  "_sid": "62657",
  "_slabel": "a performer on stage with audience below, who can interact with each other.",
  "_playarea": {
    "#pid": "p1",
    "#length_playarea": "200",
    "#breadth_playarea": "50",
    "#height_playarea": "10",
    "#comment": "Values in meters",
    "#x_scenecenter": 25,
    "#y_scenecenter": 2,
    "#z_scenecenter": 1.5
  },
  "_camera": {
    "IsSceneObject": false,
    "trackingorigin": "stage"
  },
  "_initialcamerapos": {
    "#x_initialcamerapos": 25,
    "#y_initialcamerapos": 12,
    "#z_initialcamerapos": 2
  },
  "_viewport": {
    "#x_viewport": 25,
    "#y_viewport": 0,
    "#w_viewport": 10,
    "#h_viewport": 1.5
  },
  "_clippingplane": {
    "near_cp": 0.01,
    "far_cp": 10000
  },
  "_horizon": false,
  "_dof": 3,
  "_skybox": 3,
  "_controllers": {
    "type": "gesture",
    "raycast": true,
    "raydistance": 200,
    "raythinkness": 1,
    "raycolor": "transparent",
    "raytype": "straightline"
  },
  "_gravity": {
    "value": 9.8
  },
  "_interaction": false,
  "_nestedscene": {
    "#value": false,
    "#scenecount": 0,
    "#sid_order": 0
  },
  "_audio": true,
  "_timeline": false,
  "_Opttxt1": "null",
  "@context_mock": "_blank",
  "usertype": [
    {
      "type": "multi",
      "uplayarea": {
        "#length_uplayarea": 195,
        "#breadth_uplayarea": 50,
        "#height_uplayarea": 10
      },
      "initialupos": {
        "#x_initialupos": 7,
        "#y_initialupos": 10,
        "#z_initialupos": 0.5
      },
      "uplayareacenter": {
        "#x_uplayareacenter": 25,
        "#y_uplayareacenter": 50,
        "#z_uplayareacenter": 5
      }
    },
    {
      "type": "single",
      "uplayarea": {
        "#length_uplayarea": 20,
        "#breadth_uplayarea": 5,
        "#height_uplayarea": 8
      },
      "initialupos": {
        "#x_initialupos": 25,
        "#y_initialupos": 2.5,
        "#z_initialupos": 1.5
      },
      "uplayareacenter": {
        "#x_uplayareacenter": 25,
        "#y_uplayareacenter": 2.5,
        "#z_uplayareacenter": 6
      }
    }
  ]
}
