{
  "animate_trigSync": {
    "tsyncid": 201,
    "tsOntrigger": true,
    "SyncObjList": ["TicketBooth"],
    "tSyncNote": "Ticket checker is activated when audience member arrives, and lets them in once the ticket is verified."
  },
  "animate_nontrigSync": {
    "ntsyncid": 202,
    "ntsOntrigger": true,
    "ntSyncObjList": ["Performer", "MusicSystem"],
    "ntSyncNote": "Performer starts performing, and music starts playing"
  },
  "animate_trigAsync": {
    "tasyncid": 203,
    "taOntrigger": true,
    "AsyncObjList": ["SnackCounter", "Lighting"],
    "tAsyncNote": "Snack counter dispatches snakcs when customers approach it, and lighting changes according to song being played"
  },
  "animate_nontrigAsync": {
    "ntasyncid": 204,
    "ntaOntrigger": false,
    "ntAsyncObjList": ["Performer", "Audience"],
    "ntAsyncNote": "Animation of perfomer performing and audience dancing"
  },

  "routine": [
    {
      "routeid": 101,
      "starttime": "18:00:00",
      "endtime": "23:00:00",
      "order": [201, 202, 204]
    },
    {
      "routeid": 102,
      "starttime": "18:00:00",
      "endtime": "23:00:00",
      "order": [201, 203]
    }
  ]
}
