{
    "ObjList":[
       "_gun",
       "_tree",
       "_sun",
       "_landplane",
       "_building",
       "_hill",
       "_zombie",
       "_bullet"
    ],
    "ObjAction":[
       {
          "sourceObj":"_bullet",
          "targetObj":[
             {
                "value":"_zombie",
                "actresid":"bullet_zombie",
                "IsCollision":"true",
                "response":"natural",
                "comment":"Our hero shoots zombies using gun. Bullet comes out from the gun and penetrate into the zombie's body",
                "Syncronous":"1",
                "repeat":[null]
             },
             {
                "value":"_lanplane",
                "actresid":"bullet_statinary",
                "IsCollision":"true",
                "response":"custom",
                "comment":"Bullet hits ground, tree, building, hill",
                "Syncronous":"1",
                "repeat":["_landplane", "_tree", "_building", "_hill"]
             }
          ]
       }
    ]
 }
 