{
    "articles": [
        {
            "_objectname": "Gun",
            "_sid": "_gun",
            "_slabel": "This is used to shoot zombies",
            "_IsHidden": "false",
            "_enumcount": "100",
            "_Is3DObject": {
                "value": "true",
                "HasChild": "false",
                "shape": {
                    "type": "L shape",
                    "dimension": {
                        "radii": "null",
                        "volumn": "null",
                        "length": "0.2",
                        "breadth": "0.01",
                        "height": "0.1"
                    }
                },
                "IsText": {
                    "value": "false",
                    "Is3D": "false"
                },
                "lighting": {
                    "CastShadow": "true",
                    "ReceiveShadow": "true",
                    "ContributeGlobalIlumination": "true"
                }
            },
            "IsIlluminate": "true",
            "Transform": {
                "_initialpos": {
                    "#x": "1",
                    "#y": "0",
                    "#z": "0"
                },
                "_initialrotation": {
                    "#x": "0",
                    "#y": "0",
                    "#z": "0"
                },
                "_objectscale": {
                    "#x": "0",
                    "#y": "0.1",
                    "#z": "0"
                },
                "repeat": {
                    "distfactorx": "null",
                    "distfactory": "null",
                    "distfactorz": "null"
                }
            },
            "Interaction": {
                "XRGrabInteractable": "true",
                "XRInteractionMask": {
                    "layer": "custom"
                },
                "TrackPosition": "true",
                "TrackRotation": "false",
                "Throw_Detach": {
                    "value": "true",
                    "forcegravity": "true",
                    "velocity": "3",
                    "angularvelocity": "0"
                },
                "Smoothing": {
                    "value": "true",
                    "duration": "0.5 sec"
                },
                "attachtransform": {
                    "#rotate_x": "",
                    "#rotate_y": "",
                    "#rotate_z": "",
                    "#pos_x": "",
                    "#pos_y": "",
                    "#pos_z": ""
                },
                "XRRigidObject": {
                    "value": "true",
                    "mass": "20",
                    "dragfriction": "5",
                    "angulardrag": "0",
                    "Isgravityenable": "true",
                    "IsKinematic": "true",
                    "CanInterpolate": "false",
                    "CollisionPolling": "continous"
                }
            },
            "_audio": {
                "value": "true",
                "type": "dynamic",
                "src": "/path",
                "volume": "10",
                "PlayInloop": "false",
                "IsSurround": "true",
                "Dopplerlevel": "0.9",
                "spread": "",
                "mindist": "",
                "maxdist": ""
            },
            "_timeline": "true",
            "_Opttxt1": "null",
            "@context_img_source": "_blank"
        },
        {
            "_objectname": "Tree",
            "_sid": "_tree",
            "_slabel": "This is tree",
            "_IsHidden": "false",
            "_enumcount": "1000",
            "_Is3DObject": {
                "value": "true",
                "HasChild": "false",
                "shape": {
                    "type": "cone",
                    "dimension": {
                        "radii": "null",
                        "volumn": "null",
                        "length": "2",
                        "breadth": "1",
                        "height": "10"
                    }
                },
                "IsText": {
                    "value": "false",
                    "Is3D": "false"
                },
                "lighting": {
                    "CastShadow": "true",
                    "ReceiveShadow": "true",
                    "ContributeGlobalIlumination": "true"
                }
            },
            "IsIlluminate": "false",
            "Transform": {
                "_initialpos": {
                    "#x": "20",
                    "#y": "0",
                    "#z": "0"
                },
                "_initialrotation": {
                    "#x": "20",
                    "#y": "0",
                    "#z": "0"
                },
                "_objectscale": {
                    "#x": "20",
                    "#y": "0",
                    "#z": "0"
                },
                "repeat": {
                    "distfactorx": "10",
                    "distfactory": "10",
                    "distfactorz": "0"
                }
            },
            "Interaction": {
                "XRGrabInteractable": "true",
                "XRInteractionMask": {
                    "layer": "everything"
                },
                "TrackPosition": "true",
                "TrackRotation": "true",
                "Throw_Detach": {
                    "value": "false",
                    "forcegravity": "true",
                    "velocity": "0",
                    "angularvelocity": "0"
                },
                "Smoothing": {
                    "value": "true",
                    "duration": "0.5 sec"
                },
                "attachtransform": {
                    "#rotate_x": "",
                    "#rotate_y": "",
                    "#rotate_z": "",
                    "#pos_x": "",
                    "#pos_y": "",
                    "#pos_z": ""
                },
                "XRRigidObject": {
                    "value": "10",
                    "mass": "100",
                    "dragfriction": "3",
                    "angulardrag": "2",
                    "Isgravityenable": "true",
                    "IsKinematic": "true",
                    "CanInterpolate": "false",
                    "CollisionPolling": "continous"
                }
            },
            "_audio": {
                "value": "true",
                "type": "static",
                "src": "/path",
                "volume": "5",
                "PlayInloop": "true",
                "IsSurround": "true",
                "Dopplerlevel": "0.9",
                "spread": "",
                "mindist": "",
                "maxdist": ""
            },
            "_timeline": "true",
            "_Opttxt1": "null",
            "@context_img_source": "_blank"
        },
        {
            "_objectname": "Sun",
            "_sid": "_sun",
            "_slabel": "This is Sun",
            "_IsHidden": "false",
            "_enumcount": "1",
            "_Is3DObject": {
                "value": "true",
                "HasChild": "false",
                "shape": {
                    "type": "sphere",
                    "dimension": {
                        "radii": "1000",
                        "volumn": "3140",
                        "length": "null",
                        "breadth": "null",
                        "height": "null"
                    }
                },
                "IsText": {
                    "value": "false",
                    "Is3D": "false"
                },
                "lighting": {
                    "CastShadow": "false",
                    "ReceiveShadow": "false",
                    "ContributeGlobalIlumination": "true"
                }
            },
            "IsIlluminate": "true",
            "Transform": {
                "_initialpos": {
                    "#x": "0",
                    "#y": "0",
                    "#z": "49000"
                },
                "_initialrotation": {
                    "#x": "2",
                    "#y": "0",
                    "#z": "0"
                },
                "_objectscale": {
                    "#x": "0",
                    "#y": "0",
                    "#z": "0"
                },
                "repeat": {
                    "distfactorx": "null",
                    "distfactory": "null",
                    "distfactorz": "null"
                }
            },
            "Interaction": {
                "XRGrabInteractable": "false",
                "XRInteractionMask": {
                    "layer": "nothing"
                },
                "TrackPosition": "true",
                "TrackRotation": "true",
                "Throw_Detach": {
                    "value": "false",
                    "forcegravity": "false",
                    "velocity": "0",
                    "angularvelocity": "0"
                },
                "Smoothing": {
                    "value": "true",
                    "duration": "0.5 sec"
                },
                "attachtransform": {
                    "#rotate_x": "",
                    "#rotate_y": "",
                    "#rotate_z": "",
                    "#pos_x": "",
                    "#pos_y": "",
                    "#pos_z": ""
                },
                "XRRigidObject": {
                    "value": "true",
                    "mass": "10000",
                    "dragfriction": "3",
                    "angulardrag": "2",
                    "Isgravityenable": "false",
                    "IsKinematic": "true",
                    "CanInterpolate": "false",
                    "CollisionPolling": "continous"
                }
            },
            "_audio": {
                "value": "false",
                "type": "static",
                "src": "/path",
                "volume": "10",
                "PlayInloop": "false",
                "IsSurround": "true",
                "Dopplerlevel": "0.9",
                "spread": "",
                "mindist": "",
                "maxdist": ""
            },
            "_timeline": "true",
            "_Opttxt1": "null",
            "@context_img_source": "_blank"
        },
        {
            "_objectname": "landPlane",
            "_sid": "_landplane",
            "_slabel": "This is landplane",
            "_IsHidden": "false",
            "_enumcount": "1",
            "_Is3DObject": {
                "value": "true",
                "HasChild": "false",
                "shape": {
                    "type": "plane",
                    "dimension": {
                        "radii": "0",
                        "volumn": "null",
                        "length": "null",
                        "breadth": "null",
                        "height": "0"
                    }
                },
                "IsText": {
                    "value": "false",
                    "Is3D": "false"
                },
                "lighting": {
                    "CastShadow": "true",
                    "ReceiveShadow": "true",
                    "ContributeGlobalIlumination": "flase"
                }
            },
            "IsIlluminate": "false",
            "Transform": {
                "_initialpos": {
                    "#x": "0",
                    "#y": "0",
                    "#z": "0"
                },
                "_initialrotation": {
                    "#x": "0",
                    "#y": "0",
                    "#z": "0"
                },
                "_objectscale": {
                    "#x": "0",
                    "#y": "0",
                    "#z": "0"
                },
                "repeat": {
                    "distfactorx": "null",
                    "distfactory": "null",
                    "distfactorz": "null"
                }
            },
            "Interaction": {
                "XRGrabInteractable": "false",
                "XRInteractionMask": {
                    "layer": "nothing"
                },
                "TrackPosition": "false",
                "TrackRotation": "false",
                "Throw_Detach": {
                    "value": "false",
                    "forcegravity": "false",
                    "velocity": "0",
                    "angularvelocity": "0"
                },
                "Smoothing": {
                    "value": "true",
                    "duration": "0.5 sec"
                },
                "attachtransform": {
                    "#rotate_x": "",
                    "#rotate_y": "",
                    "#rotate_z": "",
                    "#pos_x": "",
                    "#pos_y": "",
                    "#pos_z": ""
                },
                "XRRigidObject": {
                    "value": "10",
                    "mass": "100000",
                    "dragfriction": "0",
                    "angulardrag": "0",
                    "Isgravityenable": "true",
                    "IsKinematic": "true",
                    "CanInterpolate": "false",
                    "CollisionPolling": "discreet"
                }
            },
            "_audio": {
                "value": "false",
                "type": "static/dynamic",
                "src": "/path",
                "volume": "10",
                "PlayInloop": "false",
                "IsSurround": "true",
                "Dopplerlevel": "0.9",
                "spread": "",
                "mindist": "",
                "maxdist": ""
            },
            "_timeline": "true",
            "_Opttxt1": "null",
            "@context_img_source": "_blank"
        },
        {
            "_objectname": "Buildig",
            "_sid": "_building",
            "_slabel": "This is Building",
            "_IsHidden": "false",
            "_enumcount": "1000",
            "_Is3DObject": {
                "value": "true",
                "HasChild": "false",
                "shape": {
                    "type": "cube",
                    "dimension": {
                        "radii": "null",
                        "volumn": "1",
                        "length": "1",
                        "breadth": "1",
                        "height": "1"
                    }
                },
                "IsText": {
                    "value": "false",
                    "Is3D": "false"
                },
                "lighting": {
                    "CastShadow": "true",
                    "ReceiveShadow": "true",
                    "ContributeGlobalIlumination": "false"
                }
            },
            "IsIlluminate": "false",
            "Transform": {
                "_initialpos": {
                    "#x": "24",
                    "#y": "0",
                    "#z": "0"
                },
                "_initialrotation": {
                    "#x": "24",
                    "#y": "0",
                    "#z": "0"
                },
                "_objectscale": {
                    "#x": "24",
                    "#y": "0",
                    "#z": "0"
                },
                "repeat": {
                    "distfactorx": "10",
                    "distfactory": "10",
                    "distfactorz": "0"
                }
            },
            "Interaction": {
                "XRGrabInteractable": "false",
                "XRInteractionMask": {
                    "layer": "nothing"
                },
                "TrackPosition": "true",
                "TrackRotation": "true",
                "Throw_Detach": {
                    "value": "false",
                    "forcegravity": "false",
                    "velocity": "0",
                    "angularvelocity": "0"
                },
                "Smoothing": {
                    "value": "true",
                    "duration": "0.5 sec"
                },
                "attachtransform": {
                    "#rotate_x": "",
                    "#rotate_y": "",
                    "#rotate_z": "",
                    "#pos_x": "",
                    "#pos_y": "",
                    "#pos_z": ""
                },
                "XRRigidObject": {
                    "value": "10",
                    "mass": "100",
                    "dragfriction": "3",
                    "angulardrag": "2",
                    "Isgravityenable": "true",
                    "IsKinematic": "true",
                    "CanInterpolate": "false",
                    "CollisionPolling": "continous"
                }
            },
            "_audio": {
                "value": "true",
                "type": "static",
                "src": "/path",
                "volume": "7",
                "PlayInloop": "false",
                "IsSurround": "true",
                "Dopplerlevel": "0.9",
                "spread": "",
                "mindist": "",
                "maxdist": ""
            },
            "_timeline": "true",
            "_Opttxt1": "null",
            "@context_img_source": "_blank"
        },
        {
            "_objectname": "Hill",
            "_sid": "_hill",
            "_slabel": "This is Hill",
            "_IsHidden": "false",
            "_enumcount": "100",
            "_Is3DObject": {
                "value": "true",
                "HasChild": "false",
                "shape": {
                    "type": "cone",
                    "dimension": {
                        "radii": "null",
                        "volumn": "null",
                        "length": "100",
                        "breadth": "100",
                        "height": "1000"
                    }
                },
                "IsText": {
                    "value": "false",
                    "Is3D": "false"
                },
                "lighting": {
                    "CastShadow": "true",
                    "ReceiveShadow": "true",
                    "ContributeGlobalIlumination": "true"
                }
            },
            "IsIlluminate": "false",
            "Transform": {
                "_initialpos": {
                    "#x": "124",
                    "#y": "45",
                    "#z": "0"
                },
                "_initialrotation": {
                    "#x": "0",
                    "#y": "0",
                    "#z": "0"
                },
                "_objectscale": {
                    "#x": "0",
                    "#y": "0",
                    "#z": "0"
                },
                "repeat": {
                    "distfactorx": "30",
                    "distfactory": "20",
                    "distfactorz": "null"
                }
            },
            "Interaction": {
                "XRGrabInteractable": "false",
                "XRInteractionMask": {
                    "layer": "nothing"
                },
                "TrackPosition": "true",
                "TrackRotation": "true",
                "Throw_Detach": {
                    "value": "false",
                    "forcegravity": "false",
                    "velocity": "0",
                    "angularvelocity": "0"
                },
                "Smoothing": {
                    "value": "true",
                    "duration": "0.5 sec"
                },
                "attachtransform": {
                    "#rotate_x": "",
                    "#rotate_y": "",
                    "#rotate_z": "",
                    "#pos_x": "",
                    "#pos_y": "",
                    "#pos_z": ""
                },
                "XRRigidObject": {
                    "value": "10",
                    "mass": "100",
                    "dragfriction": "0",
                    "angulardrag": "0",
                    "Isgravityenable": "true",
                    "IsKinematic": "false",
                    "CanInterpolate": "false",
                    "CollisionPolling": "continous"
                }
            },
            "_audio": {
                "value": "false",
                "type": "static/dynamic",
                "src": "/path",
                "volume": "10",
                "PlayInloop": "false",
                "IsSurround": "true",
                "Dopplerlevel": "0.9",
                "spread": "",
                "mindist": "",
                "maxdist": ""
            },
            "_timeline": "true",
            "_Opttxt1": "null",
            "@context_img_source": "_blank"
        },
        {
            "_objectname": "Zombie",
            "_sid": "_zombie",
            "_slabel": "This is zombie",
            "_IsHidden": "false",
            "_enumcount": "100",
            "_Is3DObject": {
                "value": "true",
                "HasChild": "true",
                "shape": {
                    "type": "cylinder",
                    "dimension": {
                        "radii": "0",
                        "volumn": "null",
                        "length": "1",
                        "breadth": "1",
                        "height": "1"
                    }
                },
                "IsText": {
                    "value": "false",
                    "Is3D": "false"
                },
                "lighting": {
                    "CastShadow": "true",
                    "ReceiveShadow": "true",
                    "ContributeGlobalIlumination": "true"
                }
            },
            "IsIlluminate": "false",
            "Transform": {
                "_initialpos": {
                    "#x": "1024",
                    "#y": "120",
                    "#z": "0"
                },
                "_initialrotation": {
                    "#x": "0",
                    "#y": "0",
                    "#z": "0"
                },
                "_objectscale": {
                    "#x": "1024",
                    "#y": "120",
                    "#z": "0"
                },
                "repeat": {
                    "distfactorx": "100",
                    "distfactory": "120",
                    "distfactorz": "0"
                }
            },
            "Interaction": {
                "XRGrabInteractable": "true",
                "XRInteractionMask": {
                    "layer": "custom"
                },
                "TrackPosition": "true",
                "TrackRotation": "true",
                "Throw_Detach": {
                    "value": "true",
                    "forcegravity": "true",
                    "velocity": "3",
                    "angularvelocity": "2"
                },
                "Smoothing": {
                    "value": "true",
                    "duration": "0.5 sec"
                },
                "attachtransform": {
                    "#rotate_x": "",
                    "#rotate_y": "",
                    "#rotate_z": "",
                    "#pos_x": "",
                    "#pos_y": "",
                    "#pos_z": ""
                },
                "XRRigidObject": {
                    "value": "3",
                    "mass": "5",
                    "dragfriction": "3",
                    "angulardrag": "2",
                    "Isgravityenable": "true",
                    "IsKinematic": "true",
                    "CanInterpolate": "false",
                    "CollisionPolling": "discreet"
                }
            },
            "_audio": {
                "value": "true",
                "type": "dynamic",
                "src": "/path",
                "volume": "10",
                "PlayInloop": "false",
                "IsSurround": "true",
                "Dopplerlevel": "0.9",
                "spread": "",
                "mindist": "",
                "maxdist": ""
            },
            "_timeline": "true",
            "_Opttxt1": "null",
            "@context_img_source": "_blank"
        },
        {
            "_objectname": "Bullet",
            "_sid": "_bullet",
            "_slabel": "This is Bullet",
            "_IsHidden": "false",
            "_enumcount": "100000",
            "_Is3DObject": {
                "value": "true",
                "HasChild": "false",
                "shape": {
                    "type": "cone",
                    "dimension": {
                        "radii": "0",
                        "volumn": "1",
                        "length": "1",
                        "breadth": "1",
                        "height": "1"
                    }
                },
                "IsText": {
                    "value": "false",
                    "Is3D": "false"
                },
                "lighting": {
                    "CastShadow": "true",
                    "ReceiveShadow": "true",
                    "ContributeGlobalIlumination": "true"
                }
            },
            "IsIlluminate": "false",
            "Transform": {
                "_initialpos": {
                    "#x": "0",
                    "#y": "0",
                    "#z": "0"
                },
                "_initialrotation": {
                    "#x": "26",
                    "#y": "0",
                    "#z": "0"
                },
                "_objectscale": {
                    "#x": "26",
                    "#y": "0",
                    "#z": "2"
                },
                "repeat": {
                    "distfactorx": "10",
                    "distfactory": "0",
                    "distfactorz": "2"
                }
            },
            "Interaction": {
                "XRGrabInteractable": "true",
                "XRInteractionMask": {
                    "layer": "everything"
                },
                "TrackPosition": "true",
                "TrackRotation": "true",
                "Throw_Detach": {
                    "value": "true",
                    "forcegravity": "true",
                    "velocity": "3",
                    "angularvelocity": "2"
                },
                "Smoothing": {
                    "value": "true",
                    "duration": "0.5 sec"
                },
                "attachtransform": {
                    "#rotate_x": "",
                    "#rotate_y": "",
                    "#rotate_z": "",
                    "#pos_x": "",
                    "#pos_y": "",
                    "#pos_z": ""
                },
                "XRRigidObject": {
                    "value": "10",
                    "mass": "1",
                    "dragfriction": "3",
                    "angulardrag": "2",
                    "Isgravityenable": "true",
                    "IsKinematic": "true",
                    "CanInterpolate": "false",
                    "CollisionPolling": "continous"
                }
            },
            "_audio": {
                "value": "true",
                "type": "dynamic",
                "src": "/path",
                "volume": "10",
                "PlayInloop": "false",
                "IsSurround": "true",
                "Dopplerlevel": "0.9",
                "spread": "",
                "mindist": "",
                "maxdist": ""
            },
            "_timeline": "true",
            "_Opttxt1": "null",
            "@context_img_source": "_blank"
        }
    ]
}