{
	"setvalues": {
		"custom_variables": "$fall,$hits",
		"custom_functions": "#count",
		"_anypins": "_zombie",
		"point": "null",
		"ind_point": "1",
		"min_score": "0",
		"max_score": "null",
		"rObjList": [
			"_camera",
			"_gun",
            "_tree",
            "_sun",
            "_landplane",
            "_building",
            "_hill",
            "_zombie",
            "_bullet"
		]
	},
	"rules": [
		{
			"rid": "zombiefall",
			"rtitle": "rule for zombie fall",
			"logic": "aWYoIHtfYnVsbGV0ICRoaXRzIF9hbnlwaW5zfSkKdGhlbiAkZmFsbChfYW55cGlucykK"
		},
		{
			"rid": "scoreupdate",
			"rtitle": "rule for scoring",
			"logic":"aWYoJGhpdCA9IHRydWUpCnBvaW50ID0gI2NvdW50KCRmYWxsKF9hbnlwaW5zKSkgKiBpbmRfcG9pbnQKZWxzZQpwb2ludCA9IG51bGwK"
        }
	],
	"ruleorder": {
		"ordertype": "asc",
		"rorder": [
			"zombiefall",
			"scoreupdate"
		]
	}
}