{
    "_scenename": "VR Gaming Application",
    "_sid": "99999",
    "_slabel": "This is a interactive game",
    "_playarea": {
        "#pid": "p1",
        "#length": "1000000",
        "#breadth": "2000000",
        "#height": "50000",
        "#comment": "Values in meters",
        "scenecenter": {
            "#x": "0",
            "#y": "0",
            "#z": "0"
        }
    },
    "_camera": {
        "IsSceneObject": "true",
        "trackingorigin": "floor"
    },
    "_initialcamerapos": {
        "#x": "0",
        "#y": "5",
        "#z": "0"
    },
    "_viewport": {
        "#x": "0",
        "#y": "0",
        "#w": "10",
        "#h": "10"
    },
    "_clippingplane": {
        "near_cp": "0.01",
        "far_cp": "5000"
    },
    "_horizon": "true",
    "_dof": "6",
    "_skybox": "yes",
    "_controllers": {
        "type": "hand",
        "raycast": "true",
        "raydistance": "10",
        "raythinkness": "1",
        "raycolor": "red",
        "raytype": "curve"
    },
    "_gravity": {
        "value": "9.8"
    },
    "_interaction": "true",
    "_nestedscene": {
        "#value": "false",
        "#scenecount": "null",
        "#sid_order": "null"
    },
    "_audio": "true",
    "_timeline": "true",
    "_Opttxt1": "null",
    "@context_mock": "_blank",
    "usertype": [
        {
            "type": "single",
            "uplayarea": {
                "#length": "1000000",
                "#breadth": "2000000",
                "#height": "50000"
            },
            "initialupos": {
                "#x": "0",
                "#y": "0",
                "#z": "0"
            },
            "uplayareacenter": {
                "#x": "0",
                "#y": "5",
                "#z": "0"
            }
        }
    ]
}