{
    "ObjAction": [
        {
            "actresid": "_yogaactivity",
            "sourceObj": "_usermodel",
            "targetObj": "_yogamat",
            "IsCollision": true,
            "response": "custom",
            "comment": "Yoga mat interaction starts when user model interacts with yoga mat",
            "Syncronous": true,
            "repeatactionfor": "_yogamat"
        },
        {
            "actresid": "_roundtablemeeting",
            "sourceObj": "_usermodel",
            "targetObj": "_roundtable",
            "IsCollision": true,
            "response": "custom",
            "comment": "Round table interaction starts when user model interacts with round table",
            "Syncronous": true,
            "repeatactionfor": "_roundtable"
        },
        {
            "actresid": "_model2model",
            "sourceObj": "_usermodel",
            "targetObj": "_usermodel",
            "IsCollision": false,
            "response": "custom",
            "comment": "Chatting",
            "Syncronous": true,
            "repeatactionfor": "_mentormodel"
        }
    ]
}