{
    "articles": [
        {
            "_objectname": "Yoga Mat",
            "_sid": "_yogamat",
            "_slabel": "",
            "_IsHidden": 0,
            "_enumcount": 15,
            "_Is3DObject": 1,
            "HasChild": 0,
            "shape": "cuboid",
            "dimension": {
                "dradii": 0,
                "dvolumn": "10000",
                "dlength": "100",
                "dbreadth": "100",
                "dheigth": "1"
            },
            "IsText": false,
            "IsText3D": false,
            "lighting": {
                "CastShadow": "1",
                "ReceiveShadow": "1",
                "ContributeGlobalIlumination": "1"
            },
            "IsIlluminate": true,
            "Transform_initialpos": {
                "#x_initialpos": "0",
                "#y_initialpos": "5",
                "#z_initialpos": "0"
            },
            "Transform_initialrotation": {
                "#x_initialrotation": "0",
                "#y_initialrotation": "5",
                "#z_initialrotation": "0"
            },
            "Transform_objectscale": {
                "#x_objectscale": "0",
                "#y_objectscale": "5",
                "#z_objectscale": "0"
            },
            "repeattransfrom": {
                "distfactorx": "null",
                "distfactory": "null",
                "distfactorz": "null"
            },
            "Interaction": {
                "XRGrabInteractable": "1",
                "XRInteractionMaskLayer": "nothing/everything/custom",
                "TrackPosition": "1",
                "TrackRotation": "1",
                "Throw_Detach": "1",
                "forcegravity": "1",
                "velocity": "3",
                "angularvelocity": "2"
            },
            "Smoothing": "1",
            "Smoothing_duration": "0.5",
            "attachtransform": {
                "#rotate_x": "null",
                "#rotate_y": "null",
                "#rotate_z": "null",
                "#pos_x": "null",
                "#pos_y": "null",
                "#pos_z": "null"
            },
            "XRRigidObject": {
                "value": "1",
                "mass": "20",
                "dragfriction": "5",
                "angulardrag": "4",
                "Isgravityenable": "true",
                "IsKinematic": "1",
                "CanInterpolate": "0",
                "CollisionPolling": "discreet/continous"
            },
            "aud_hasaudio": "0",
            "aud_type": "null",
            "aud_src": "null",
            "aud_volume": "null",
            "aud_PlayInloop": "null",
            "aud_IsSurround": "null",
            "aud_Dopplerlevel": "null",
            "aud_spread": "null",
            "aud_mindist": "null",
            "aud_maxdist": "null",
            "_Opttxt1": "null",
            "@context_img_source": "blank"
        },
        {
            "_objectname": "User Model",
            "_sid": "_usermodel",
            "_slabel": "",
            "_IsHidden": 0,
            "_enumcount": 15,
            "_Is3DObject": 1,
            "HasChild": 0,
            "shape": "humanoid",
            "dimension": {
                "dradii": 5,
                "dvolumn": "20",
                "dlength": "2",
                "dbreadth": "2",
                "dheigth": "5"
            },
            "IsText": false,
            "IsText3D": false,
            "lighting": {
                "CastShadow": "1",
                "ReceiveShadow": "1",
                "ContributeGlobalIlumination": "1"
            },
            "IsIlluminate": true,
            "Transform_initialpos": {
                "#x_initialpos": "0",
                "#y_initialpos": "5",
                "#z_initialpos": "0"
            },
            "Transform_initialrotation": {
                "#x_initialrotation": "0",
                "#y_initialrotation": "5",
                "#z_initialrotation": "0"
            },
            "Transform_objectscale": {
                "#x_objectscale": "0",
                "#y_objectscale": "5",
                "#z_objectscale": "0"
            },
            "repeattransfrom": {
                "distfactorx": "null",
                "distfactory": "null",
                "distfactorz": "null"
            },
            "Interaction": {
                "XRGrabInteractable": "1",
                "XRInteractionMaskLayer": "nothing/everything/custom",
                "TrackPosition": "1",
                "TrackRotation": "1",
                "Throw_Detach": "1",
                "forcegravity": "1",
                "velocity": "3",
                "angularvelocity": "2"
            },
            "Smoothing": "1",
            "Smoothing_duration": "0.5",
            "attachtransform": {
                "#rotate_x": "null",
                "#rotate_y": "null",
                "#rotate_z": "null",
                "#pos_x": "null",
                "#pos_y": "null",
                "#pos_z": "null"
            },
            "XRRigidObject": {
                "value": "1",
                "mass": "20",
                "dragfriction": "5",
                "angulardrag": "4",
                "Isgravityenable": "true",
                "IsKinematic": "1",
                "CanInterpolate": "0",
                "CollisionPolling": "discreet/continous"
            },
            "aud_hasaudio": "1",
            "aud_type": "static/dynamic",
            "aud_src": "/path",
            "aud_volume": "10",
            "aud_PlayInloop": "0",
            "aud_IsSurround": "1",
            "aud_Dopplerlevel": "0.9",
            "aud_spread": "null",
            "aud_mindist": "null",
            "aud_maxdist": "null",
            "_Opttxt1": "null",
            "@context_img_source": "blank"
        },
        {
            "_objectname": "Medic Model",
            "_sid": "_medicmodel",
            "_slabel": "",
            "_IsHidden": 0,
            "_enumcount": 15,
            "_Is3DObject": 1,
            "HasChild": 0,
            "shape": "humanoid",
            "dimension": {
                "dradii": 5,
                "dvolumn": "20",
                "dlength": "2",
                "dbreadth": "2",
                "dheigth": "5"
            },
            "IsText": false,
            "IsText3D": false,
            "lighting": {
                "CastShadow": "1",
                "ReceiveShadow": "1",
                "ContributeGlobalIlumination": "1"
            },
            "IsIlluminate": true,
            "Transform_initialpos": {
                "#x_initialpos": "0",
                "#y_initialpos": "5",
                "#z_initialpos": "0"
            },
            "Transform_initialrotation": {
                "#x_initialrotation": "0",
                "#y_initialrotation": "5",
                "#z_initialrotation": "0"
            },
            "Transform_objectscale": {
                "#x_objectscale": "0",
                "#y_objectscale": "5",
                "#z_objectscale": "0"
            },
            "repeattransfrom": {
                "distfactorx": "null",
                "distfactory": "null",
                "distfactorz": "null"
            },
            "Interaction": {
                "XRGrabInteractable": "1",
                "XRInteractionMaskLayer": "nothing/everything/custom",
                "TrackPosition": "1",
                "TrackRotation": "1",
                "Throw_Detach": "1",
                "forcegravity": "1",
                "velocity": "3",
                "angularvelocity": "2"
            },
            "Smoothing": "1",
            "Smoothing_duration": "0.5",
            "attachtransform": {
                "#rotate_x": "null",
                "#rotate_y": "null",
                "#rotate_z": "null",
                "#pos_x": "null",
                "#pos_y": "null",
                "#pos_z": "null"
            },
            "XRRigidObject": {
                "value": "1",
                "mass": "20",
                "dragfriction": "5",
                "angulardrag": "4",
                "Isgravityenable": "true",
                "IsKinematic": "1",
                "CanInterpolate": "0",
                "CollisionPolling": "discreet/continous"
            },
            "aud_hasaudio": "1",
            "aud_type": "static/dynamic",
            "aud_src": "/path",
            "aud_volume": "10",
            "aud_PlayInloop": "0",
            "aud_IsSurround": "1",
            "aud_Dopplerlevel": "0.9",
            "aud_spread": "null",
            "aud_mindist": "null",
            "aud_maxdist": "null",
            "_Opttxt1": "null",
            "@context_img_source": "blank"
        },
        {
            "_objectname": "Round Table",
            "_sid": "_roundtable",
            "_slabel": "",
            "_IsHidden": 0,
            "_enumcount": 15,
            "_Is3DObject": 1,
            "HasChild": 0,
            "shape": "cylinder",
            "dimension": {
                "dradii": 100,
                "dvolumn": "null",
                "dlength": "null",
                "dbreadth": "null",
                "dheigth": "2"
            },
            "IsText": false,
            "IsText3D": false,
            "lighting": {
                "CastShadow": "1",
                "ReceiveShadow": "1",
                "ContributeGlobalIlumination": "1"
            },
            "IsIlluminate": true,
            "Transform_initialpos": {
                "#x_initialpos": "0",
                "#y_initialpos": "5",
                "#z_initialpos": "0"
            },
            "Transform_initialrotation": {
                "#x_initialrotation": "0",
                "#y_initialrotation": "5",
                "#z_initialrotation": "0"
            },
            "Transform_objectscale": {
                "#x_objectscale": "0",
                "#y_objectscale": "5",
                "#z_objectscale": "0"
            },
            "repeattransfrom": {
                "distfactorx": "null",
                "distfactory": "null",
                "distfactorz": "null"
            },
            "Interaction": {
                "XRGrabInteractable": "1",
                "XRInteractionMaskLayer": "nothing/everything/custom",
                "TrackPosition": "1",
                "TrackRotation": "1",
                "Throw_Detach": "1",
                "forcegravity": "1",
                "velocity": "3",
                "angularvelocity": "2"
            },
            "Smoothing": "1",
            "Smoothing_duration": "0.5",
            "attachtransform": {
                "#rotate_x": "null",
                "#rotate_y": "null",
                "#rotate_z": "null",
                "#pos_x": "null",
                "#pos_y": "null",
                "#pos_z": "null"
            },
            "XRRigidObject": {
                "value": "1",
                "mass": "20",
                "dragfriction": "5",
                "angulardrag": "4",
                "Isgravityenable": "true",
                "IsKinematic": "1",
                "CanInterpolate": "0",
                "CollisionPolling": "discreet/continous"
            },
            "aud_hasaudio": "0",
            "aud_type": "null",
            "aud_src": "null",
            "aud_volume": "null",
            "aud_PlayInloop": "null",
            "aud_IsSurround": "null",
            "aud_Dopplerlevel": "null",
            "aud_spread": "null",
            "aud_mindist": "null",
            "aud_maxdist": "null",
            "_Opttxt1": "null",
            "@context_img_source": "blank"
        },
        {
            "_objectname": "Activity Score",
            "_sid": "_activityscore",
            "_slabel": "",
            "_IsHidden": 0,
            "_enumcount": 1,
            "_Is3DObject": 0,
            "HasChild": 0,
            "shape": "plane",
            "dimension": {
                "dradii": "null",
                "dvolumn": "null",
                "dlength": "50",
                "dbreadth": "0",
                "dheigth": "20"
            },
            "IsText": false,
            "IsText3D": false,
            "lighting": {
                "CastShadow": "0",
                "ReceiveShadow": "0",
                "ContributeGlobalIlumination": "0"
            },
            "IsIlluminate": false,
            "Transform_initialpos": {
                "#x_initialpos": "30",
                "#y_initialpos": "30",
                "#z_initialpos": "0"
            },
            "Transform_initialrotation": {
                "#x_initialrotation": "0",
                "#y_initialrotation": "0",
                "#z_initialrotation": "0"
            },
            "Transform_objectscale": {
                "#x_objectscale": "0",
                "#y_objectscale": "0",
                "#z_objectscale": "0"
            },
            "repeattransfrom": {
                "distfactorx": "null",
                "distfactory": "null",
                "distfactorz": "null"
            },
            "Interaction": {
                "XRGrabInteractable": "1",
                "XRInteractionMaskLayer": "nothing/everything/custom",
                "TrackPosition": "0",
                "TrackRotation": "0",
                "Throw_Detach": "0",
                "forcegravity": "1",
                "velocity": "null",
                "angularvelocity": "null"
            },
            "Smoothing": "1",
            "Smoothing_duration": "0.5",
            "attachtransform": {
                "#rotate_x": "null",
                "#rotate_y": "null",
                "#rotate_z": "null",
                "#pos_x": "null",
                "#pos_y": "null",
                "#pos_z": "null"
            },
            "XRRigidObject": {
                "value": "1",
                "mass": "5",
                "dragfriction": "null",
                "angulardrag": "null",
                "Isgravityenable": "true",
                "IsKinematic": "0",
                "CanInterpolate": "0",
                "CollisionPolling": "discreet/continous"
            },
            "aud_hasaudio": "1",
            "aud_type": "static/dynamic",
            "aud_src": "/path",
            "aud_volume": "10",
            "aud_PlayInloop": "false",
            "aud_IsSurround": "true",
            "aud_Dopplerlevel": "0.9",
            "aud_spread": "",
            "aud_mindist": "",
            "aud_maxdist": "",
            "_Opttxt1": "null",
            "@context_img_source": "blank"
        },
        {
            "_objectname": "Session Time",
            "_sid": "_sessiontime",
            "_slabel": "",
            "_IsHidden": 0,
            "_enumcount": 1,
            "_Is3DObject": 0,
            "HasChild": 0,
            "shape": "plane",
            "dimension": {
                "dradii": "null",
                "dvolumn": "null",
                "dlength": "50",
                "dbreadth": "0",
                "dheigth": "20"
            },
            "IsText": false,
            "IsText3D": false,
            "lighting": {
                "CastShadow": "0",
                "ReceiveShadow": "0",
                "ContributeGlobalIlumination": "0"
            },
            "IsIlluminate": false,
            "Transform_initialpos": {
                "#x_initialpos": "30",
                "#y_initialpos": "30",
                "#z_initialpos": "0"
            },
            "Transform_initialrotation": {
                "#x_initialrotation": "0",
                "#y_initialrotation": "0",
                "#z_initialrotation": "0"
            },
            "Transform_objectscale": {
                "#x_objectscale": "0",
                "#y_objectscale": "0",
                "#z_objectscale": "0"
            },
            "repeattransfrom": {
                "distfactorx": "null",
                "distfactory": "null",
                "distfactorz": "null"
            },
            "Interaction": {
                "XRGrabInteractable": "1",
                "XRInteractionMaskLayer": "nothing/everything/custom",
                "TrackPosition": "0",
                "TrackRotation": "0",
                "Throw_Detach": "0",
                "forcegravity": "1",
                "velocity": "null",
                "angularvelocity": "null"
            },
            "Smoothing": "1",
            "Smoothing_duration": "0.5",
            "attachtransform": {
                "#rotate_x": "null",
                "#rotate_y": "null",
                "#rotate_z": "null",
                "#pos_x": "null",
                "#pos_y": "null",
                "#pos_z": "null"
            },
            "XRRigidObject": {
                "value": "1",
                "mass": "5",
                "dragfriction": "null",
                "angulardrag": "null",
                "Isgravityenable": "true",
                "IsKinematic": "0",
                "CanInterpolate": "0",
                "CollisionPolling": "discreet/continous"
            },
            "aud_hasaudio": "1",
            "aud_type": "static/dynamic",
            "aud_src": "/path",
            "aud_volume": "10",
            "aud_PlayInloop": "false",
            "aud_IsSurround": "true",
            "aud_Dopplerlevel": "0.9",
            "aud_spread": "",
            "aud_mindist": "",
            "aud_maxdist": "",
            "_Opttxt1": "null",
            "@context_img_source": "blank"
        },
        {
            "_objectname": "Time",
            "_sid": "_time",
            "_slabel": "",
            "_IsHidden": 0,
            "_enumcount": 1,
            "_Is3DObject": 0,
            "HasChild": 0,
            "shape": "cylinder",
            "dimension": {
                "dradii": "null",
                "dvolumn": "null",
                "dlength": "50",
                "dbreadth": "0",
                "dheigth": "20"
            },
            "IsText": false,
            "IsText3D": false,
            "lighting": {
                "CastShadow": "0",
                "ReceiveShadow": "0",
                "ContributeGlobalIlumination": "0"
            },
            "IsIlluminate": false,
            "Transform_initialpos": {
                "#x_initialpos": "30",
                "#y_initialpos": "30",
                "#z_initialpos": "0"
            },
            "Transform_initialrotation": {
                "#x_initialrotation": "0",
                "#y_initialrotation": "0",
                "#z_initialrotation": "0"
            },
            "Transform_objectscale": {
                "#x_objectscale": "0",
                "#y_objectscale": "0",
                "#z_objectscale": "0"
            },
            "repeattransfrom": {
                "distfactorx": "null",
                "distfactory": "null",
                "distfactorz": "null"
            },
            "Interaction": {
                "XRGrabInteractable": "1",
                "XRInteractionMaskLayer": "nothing/everything/custom",
                "TrackPosition": "0",
                "TrackRotation": "0",
                "Throw_Detach": "0",
                "forcegravity": "1",
                "velocity": "null",
                "angularvelocity": "null"
            },
            "Smoothing": "1",
            "Smoothing_duration": "0.5",
            "attachtransform": {
                "#rotate_x": "null",
                "#rotate_y": "null",
                "#rotate_z": "null",
                "#pos_x": "null",
                "#pos_y": "null",
                "#pos_z": "null"
            },
            "XRRigidObject": {
                "value": "1",
                "mass": "5",
                "dragfriction": "null",
                "angulardrag": "null",
                "Isgravityenable": "true",
                "IsKinematic": "0",
                "CanInterpolate": "0",
                "CollisionPolling": "discreet/continous"
            },
            "aud_hasaudio": "1",
            "aud_type": "static/dynamic",
            "aud_src": "/path",
            "aud_volume": "10",
            "aud_PlayInloop": "false",
            "aud_IsSurround": "true",
            "aud_Dopplerlevel": "0.9",
            "aud_spread": "",
            "aud_mindist": "",
            "aud_maxdist": "",
            "_Opttxt1": "null",
            "@context_img_source": "blank"
        }
    ]
}