{
    "behavior": [
        {
            "bid": "_yogaactivity",
            "bname": "Behaviour for yoga mat",
            "bdescription": "",
            "articlesused": "_yogamat, _usermodel",
            "logic": "start_activity"
        },
        {
            "bid": "_meetactivity",
            "bname": "Behaviour for round table meeting",
            "bdescription": "",
            "articlesused": "_roundtable, _usermodel, _mentormodel",
            "logic": "start_activity"
        },
        {
            "bid": "_chatting",
            "bname": "Behaviour for user-user chatting",
            "bdescription": "",
            "articlesused": "_mentormodel, _usermodel",
            "logic": "chatbox"
        },
        {
            "bid": "_activityscoreupdate",
            "bname": "Behaviour for activity score update",
            "bdescription": "",
            "articlesused": "_activityscore, _usermodel",
            "logic": "update_activity_score"
        }
    ],
    "borderasync": "",
    "bordersync": ""
}