{
    "animate_trigSync": {
        "tsyncid": 21,
        "tsOntrigger": true,
        "SyncObjList": [],
        "tSyncNote": "this statement is blank"
    },
    "animate_nontrigSync": {
        "ntsyncid": 22,
        "ntsOntrigger": false,
        "ntSyncObjList": [],
        "ntSyncNote": "this statement is blank"
    },
    "animate_trigAsync": {
        "tasyncid": 23,
        "taOntrigger": true,
        "tAsyncObjList": [
            "_yogamat",
            "_roundtable"
        ],
        "tAsyncNote": "All these change their state unpon trigger by user model"
    },
    "animate_nontrigAsync": {
        "ntasyncid": 24,
        "ntaOntrigger": false,
        "ntAsyncObjList": [
            "_activityscore",
            "_sessiontime"
        ],
        "ntAsyncNote": ""
    },
    "routine": [
        {
            "routeid": 11,
            "starttime": "00:30:00",
            "endtime": "00:55:00",
            "order": [
                21,
                23,
                22,
                24
            ]
        },
        {
            "routeid": 12,
            "starttime": "00:40:00",
            "endtime": "00:45:00",
            "order": [
                21,
                23
            ]
        },
        {
            "routeid": 13,
            "starttime": "00:10:00",
            "endtime": "00:50:00",
            "order": [
                22,
                24
            ]
        }
    ]
}