{
	"ObjAction": [
		{
			"actresid": "start_rollercoaster",
			"sourceObj": "start_button",
			"targetObj": "rollercoaster_cart",
			"IsCollision": false,
			"response": "start",
			"comment": "Pressing the start button should initiate the rollercoaster ride.",
			"Syncronous": true,
			"repeatactionfor": null
		},
		{
			"actresid": "stop_rollercoaster",
			"sourceObj": "stop_button",
			"targetObj": "rollercoaster_cart",
			"IsCollision": false,
			"response": "stop",
			"comment": "Pressing the stop button should halt the rollercoaster ride.",
			"Syncronous": true,
			"repeatactionfor": null
		},
		{
			"actresid": "increase_speed",
			"sourceObj": "speed_up_button",
			"targetObj": "rollercoaster_cart",
			"IsCollision": false,
			"response": "speed up",
			"comment": "Pressing the speed up button should increase the speed of the rollercoaster cart.",
			"Syncronous": true,
			"repeatactionfor": null
		},
		{
			"actresid": "decrease_speed",
			"sourceObj": "slow_down_button",
			"targetObj": "rollercoaster_cart",
			"IsCollision": false,
			"response": "slow down",
			"comment": "Pressing the slow down button should decrease the speed of the rollercoaster cart.",
			"Syncronous": true,
			"repeatactionfor": null
		}
	]
}

