{
  "articles": [
    {
      "_objectname": "Rollercoaster",
      "_sid": "_coaster",
      "_slabel": "This is used to roll on the tracks",
      "_IsHidden": "false",
      "_enumcount": 1,
      "_Is3DObject": "true",
      "HasChild": "false",
      "shape": "Cuboid",
      "dimension": {
          "dradii": "null",
          "dvolumn": "",
          "dlength": "30",
          "dbreadth": "10",
          "dheight": "5"
        },
      
      "IsText": "false",
      "IsText3D": "false",
      "lighting": {
        "CastShadow": "true",
        "ReceiveShadow": "true",
        "ContributeGlobalIlumination": "false"
      },
      "IsIlluminate": "false",
      "Transform_initialpos": {
        "#x_initialpos": "0",
        "#y_initialpos": "0",
        "#z_initialpos": "0"
      },
      "Transform_initialrotation": {
        "#x_initialrotation": "0",
        "#y_initialrotation": "0",
        "#z_initialrotation": "0"
      },
      "Transform_objectscale": {
        "#x_objectscale": "1",
        "#y_objectscale": "1",
        "#z_objectscale": "1"
      },
      "repeattransfrom": {
        "distfactorx": "null",
        "distfactory": "null",
        "distfactorz": "null"
      },
      "Interaction": {
        "XRGrabInteractable": "true",
        "XRInteractionMaskLayer": "null",
        "TrackPosition": "true",
        "TrackRotation": "true",
        "Throw_Detach": "false",
        "forcegravity": "true",
        "velocity": "true",
        "angularvelocity": "true"
      },
      "Smoothing": "true",
      "Smoothing_duration": "0.5",
      "attachtransform": {
        "#rotate_x": "",
        "#rotate_y": "",
        "#rotate_z": "",
        "#pos_x": "",
        "#pos_y": "",
        "#pos_z": ""
      },
      "XRRigidObject": {
        "value": "",
        "mass": "50",
        "dragfriction": "0.2",
        "angulardrag": "0.2",
        "Isgravityenable": "true",
        "IsKinematic": "",
        "CanInterpolate": "true",
        "CollisionPolling": "0.5"
      },
      "aud_hasaudio": "true",
      "aud_type": "music",
      "aud_src": "rollercoaster_music.mp3",
      "aud_volume": "0.8",
      "aud_PlayInloop": "true",
      "aud_IsSurround": "false",
      "aud_Dopplerlevel": "",
      "aud_spread": "",
      "aud_mindist": "10",
      "aud_maxdist": "50",
      "_Opttxt1": "",
      "@context_img_source": "rollercoaster.jpg"
    }
  ]
}

