{
	"behavior":[
	{
		"bid":"win",
		"bname":"Winning Rule",
		"bdescription":"Player wins if he reaches the final destination",
		"articlesused":"",
		"logic":"aWYoZGlzdD49dG90YWxfZGlzdCkKewp3aW47CmxldmVsKys7Cn0="
	},
	{
		"bid":"warning",
		"bname":"Speed Rule",
		"bdescription":"Player gets warning if he goes over speed limit",
		"articlesused":"",
		"logic":"d2FybmluZz0wOwppZihzcGVlZD5saW1pdCkKd2FybmluZysrOwppZih3YXJuaW5nPT0zKQpxdWl0Ow=="
	},
	{
		"bid":"disqualify",
		"bname":"Disqualification Rule",
		"bdescription":"Player gets disqualified if he hits 3 objects",
		"articlesused":"",
		"logic":"aGl0cz0wOwppZihoaXQpCmhpdHMrKzsKaWYoJGhpdHM9PTMpCmRpc3F1YWxpZnk7Cg=="
	}
	]
}

