{
    "_scenename": "Roller Coaster VR",
    "_sid": "14895",
    "_slabel": "Roller Coaster Virtual Reality Experience",
    "background":[
        {
           "type": "everest.jpg"
        },
        {
           "type": "space.jpg"
        }
     ],
    "_playarea": {
        "#pid": "p1",
        "#length_playarea": "100",
        "#breadth_playarea": "100",
        "#height_playarea": "100",
        "#comment": "The play area is the size of a small room and is enclosed for safety and all values are in feets",
        "#x_scenecenter": "0",
        "#y_scenecenter": "0",
        "#z_scenecenter": "0"
    },
    "_camera": {
        "IsSceneObject": "true",
        "trackingorigin": "head"
    },
    "_initialcamerapos": {
        "#x_initialcamerapos": "0",
        "#y_initialcamerapos": "5",
        "#z_initialcamerapos": "0"
    },
    "_viewport": {
        "#x_viewport": "0",
        "#y_viewport": "0",
        "#w_viewport": "1920",
        "#h_viewport": "1080"
    },
    "_clippingplane": {
        "near_cp": "0.1",
        "far_cp": "100"
    },
    "_horizon": "sky",
    "_dof": "true",
    "_skybox": "clouds",
    "_controllers": {
        "type": "handheld",
        "raycast": "true",
        "raydistance": "50",
        "raythickness": "0.01",
        "raycolor": "red",
        "raytype": "laser"
    },
    "_gravity": {
        "value": "9.8"
    },
    "_interaction": "true",
    "_nestedscene": {
        "#value": "false",
        "#scenecount": "",
        "#sid_order": ""
    },
    "_audio": "true",
    "_timeline": "true",
    "_Opttxt1": "This VR experience is designed for entertainment purposes only and should not be used by individuals with certain medical conditions or who are pregnant. Use at your own risk.",
    "@context_mock": "http://www.example.com/context/vr",
    "usertype":[
        {
          "type": "single",
          "uplayarea":{
          "#length_uplayarea":10,
          "#breadth_uplayarea":10,
          "#height_uplayarea":50
         },
         "initialupos":{
           "#x_initialupos":-5,
           "#y_initialupos":0,
           "#z_initialupos":0
             },
             "uplayareacenter":{
           "#x_uplayareacenter":-5,
           "#y_uplayareacenter":5,
           "#z_uplayareacenter":0
           }
        },
           {
          "type": "multi",
          "uplayarea":{
          "#length_uplayarea":15,
          "#breadth_uplayarea":15,
          "#height_uplayarea":50
         },
         "initialupos":{
           "#x_initialupos":5,
           "#y_initialupos":0,
           "#z_initialupos":0
             },
             "uplayareacenter":{
           "#x_uplayareacenter":5,
           "#y_uplayareacenter":5,
           "#z_uplayareacenter":0
           }
           }
         ]
}
