{	
     "animate_trigSync":{
                        "tsyncid":11,
						"tsOntrigger":true, 
						"SyncObjList":["_track"], 
						"tSyncNote":"Syncing track movements"
		    },
      "animate_nontrigSync":{
						"ntsyncid":12,
                        "ntsOntrigger":false, 
                        "ntSyncObjList":["_background", "_trees"], 
                        "ntSyncNote":"Syncing background and trees movement"
		    },
      "animate_nontrigAsync":{
						"ntasyncid":14,
                        "ntaOntrigger":false,
                        "ntAsyncObjList":["_sound", "_special_effects"], 
                        "ntAsyncNote":"Syncing sound and special effects"
		    },
	    
	   "routine": [     
                        {  "routeid":"21",    
                            "starttime":"00:00:00",   
                            "endtime":"00:01:00",  
                            "order":[] 
                        },
                        {
                            "routeid":"22",    
                            "starttime":"00:01:00",   
                            "endtime":"00:03:00",  
                            "order":[]                        
                        },
                        {
                            "routeid":"23",    
                            "starttime":"00:03:00",   
                            "endtime":"00:05:00",  
                            "order":[]  
                        }]
				  
}

