{
	"ObjAction": [
	{
	"actresid":"_hitVehicle",
	"sourceObj":"Vehicles",
    "targetObj":"CarBonet",	          
		"IsCollision":true,
    "response":"Air Bag opens , Windshield Crack ",
    "comment":"When an oncoming vehicle hits the user's car",
    "Syncronous":true,
	"repeatactionfor":"null"
	},
	
	{
	"actresid":"_Wiper",
	"sourceObj":"Dip Beam / Wiper switch",
    "targetObj":"Windshield_Wiper",	          
		"IsCollision":false,
    "response":"Wipers start turning",
    "comment":"User turns on the wiper in case of rain",
    "Syncronous":true,
	"repeatactionfor":"null"
	},
	
	{
	"actresid":"_skidmark",
	"sourceObj":"Brake",
    "targetObj":"skidmark",	         
		"IsCollision":false,
    "response":"Skid Mark on road ",
    "comment":"In case of instant brake after attaining high speeds",
    "Syncronous":true,
    "repeatactionfor":"null"
	},
	
	{
	"actresid":"_accident",
	"sourceObj":"CarBonet",
    "targetObj":"Pedestrian",	         
		"IsCollision":true,
    "response":"natural/custom",
    "comment":"A normal car accident due to reaction time of the user",
    "Syncronous":true,
    "repeatactionfor":"Trees , Vehicles , Animals"
	},
	
	{
	"actresid":"_gas",
	"sourceObj":"Accelerator",
    "targetObj":"Speedometer",	          
		"IsCollision":false,
    "response":"Increasing_Speed",
    "comment":"As the Aaccelerator is applied the speed of the car is increasing",
    "Syncronous":true,
    "repeatactionfor":"null"
	},
	
	{
	"actresid":"_brake",
	"sourceObj":"Brake",
    "targetObj":"Speedometer",	          
		"IsCollision":true,
    "response":"Decreasing Speed",
    "comment":"As the brake is applied the speed of the car is decreasing",
    "Syncronous":true,
    "repeatactionfor":"null"
	},

    {
        "actresid":"_uphill",
        "sourceObj":"Elevation_Up_Road",
        "targetObj":"Speedometer",	          
            "IsCollision":false,
        "response":"Decreasing Speed",
        "comment":"As the car goes uphill / on a flyover , the speedometer measure exponentially decreases",
        "Syncronous":true,
        "repeatactionfor":"null"
    },
    {
        "actresid":"_downhill",
        "sourceObj":"Elevation_Down_Road",
        "targetObj":"Speedometer",	          
            "IsCollision":false,
        "response":"Increasing Speed",
        "comment":"As the car goes down hill , the speedometer measure increases exponentially",
        "Syncronous":true,
        "repeatactionfor":"null"
    },
    {
        "actresid":"_indicator",
        "sourceObj":"Trafficator",
        "targetObj":"indicator",	          
            "IsCollision":false,
        "response":"indicator starts glowing",
        "comment":"As the Trafficator is turned the indicator light on dashboard starts blinking",
        "Syncronous":true,
        "repeatactionfor":"null"
    }

	]
}	