    {
        "articles": [{
                "_objectname": "Steering Wheel",
                "_sid": "_wheel",
                "_slabel": "This is used to steer the car",
                "_IsHidden": 0,
                "_enumcount": 1,
                "_Is3DObject": 1,
                "HasChild": 0,
                "shape": "circle",
                "dimension": {
                    "dradii": 5,
                    "dvolumn": "30",
                    "dlength": "null",
                    "dbreadth": "null",
                    "dheigth": "null"
                },
                "IsText": false,
                "IsText3D": false,
                "lighting": {
                    "CastShadow": "0",
                    "ReceiveShadow": "0",
                    "ContributeGlobalIlumination": "0"
                },
                "IsIlluminate": true,
                "Transform_initialpos": {
                    "#x_initialpos": "20",
                    "#y_initialpos": "10",
                    "#z_initialpos": "5"
                },
                "Transform_initialrotation": {
                    "#x_initialrotation": "0",
                    "#y_initialrotation": "0",
                    "#z_initialrotation": "0"
                },
                "Transform_objectscale": {
                    "#x_objectscale": "4",
                    "#y_objectscale": "4",
                    "#z_objectscale": "1"
                },
                "repeattransfrom": {
                    "distfactorx": "1",
                    "distfactory": "1",
                    "distfactorz": "1"
                },
                "Interaction": {
                    "XRGrabInteractable": "1",
                    "XRInteractionMaskLayer": "nothing",
                    "TrackPosition": "1",
                    "TrackRotation": "1",
                    "Throw_Detach": "1",
                    "forcegravity": "1",
                    "velocity": "3",
                    "angularvelocity": "2"
                },
                "Smoothing": "1",
                "Smoothing_duration": "0.5",
                "attachtransform": {
                    "#rotate_x": "null",
                    "#rotate_y": "null",
                    "#rotate_z": "null",
                    "#pos_x": "null",
                    "#pos_y": "null",
                    "#pos_z": "null"
                },
                "XRRigidObject": {
                    "value": "1",
                    "mass": "20",
                    "dragfriction": "5",
                    "angulardrag": "4",
                    "Isgravityenable": "true",
                    "IsKinematic": "1",
                    "CanInterpolate": "0",
                    "CollisionPolling": "discreet/continous"
                },
                "aud_hasaudio": "0",
                "aud_type": "static/dynamic",
                "aud_src": "/path",
                "aud_volume": "10",
                "aud_PlayInloop": "0",
                "aud_IsSurround": "1",
                "aud_Dopplerlevel": "0.9",
                "aud_spread": "null",
                "aud_mindist": "null",
                "aud_maxdist": "null",
                "_Opttxt1": "null",
                "@context_img_source": "blank"
            },

            {
                "_objectname": "Gear Handle",
                "_sid": "_gh",
                "_slabel": "Gear Handle",
                "_IsHidden": 0,
                "_enumcount": 1,
                "_Is3DObject": 1,
                "HasChild": 0,
                "shape": "cylindrical",
                "dimension": {
                    "dradii": 5,
                    "dvolumn": "30",
                    "dlength": "null",
                    "dbreadth": "null",
                    "dheigth": "null"
                },
                "IsText": false,
                "IsText3D": false,
                "lighting": {
                    "CastShadow": "0",
                    "ReceiveShadow": "0",
                    "ContributeGlobalIlumination": "0"
                },
                "IsIlluminate": true,
                "Transform_initialpos": {
                    "#x_initialpos": "20",
                    "#y_initialpos": "10",
                    "#z_initialpos": "5"
                },
                "Transform_initialrotation": {
                    "#x_initialrotation": "0",
                    "#y_initialrotation": "0",
                    "#z_initialrotation": "0"
                },
                "Transform_objectscale": {
                    "#x_objectscale": "4",
                    "#y_objectscale": "4",
                    "#z_objectscale": "1"
                },
                "repeattransfrom": {
                    "distfactorx": "1",
                    "distfactory": "1",
                    "distfactorz": "1"
                },
                "Interaction": {
                    "XRGrabInteractable": "1",
                    "XRInteractionMaskLayer": "nothing",
                    "TrackPosition": "1",
                    "TrackRotation": "1",
                    "Throw_Detach": "1",
                    "forcegravity": "1",
                    "velocity": "3",
                    "angularvelocity": "2"
                },
                "Smoothing": "1",
                "Smoothing_duration": "0.5",
                "attachtransform": {
                    "#rotate_x": "null",
                    "#rotate_y": "null",
                    "#rotate_z": "null",
                    "#pos_x": "null",
                    "#pos_y": "null",
                    "#pos_z": "null"
                },
                "XRRigidObject": {
                    "value": "1",
                    "mass": "20",
                    "dragfriction": "5",
                    "angulardrag": "4",
                    "Isgravityenable": "true",
                    "IsKinematic": "1",
                    "CanInterpolate": "0",
                    "CollisionPolling": "discreet/continous"
                },
                "aud_hasaudio": "0",
                "aud_type": "static/dynamic",
                "aud_src": "/path",
                "aud_volume": "10",
                "aud_PlayInloop": "0",
                "aud_IsSurround": "1",
                "aud_Dopplerlevel": "0.9",
                "aud_spread": "null",
                "aud_mindist": "null",
                "aud_maxdist": "null",
                "_Opttxt1": "null",
                "@context_img_source": "blank"
            },

            {
                "_objectname": "Trafficator",
                "_sid": "_tfor",
                "_slabel": "turn signal",
                "_IsHidden": 0,
                "_enumcount": 1,
                "_Is3DObject": 1,
                "HasChild": 0,
                "shape": "cylindrical",
                "dimension": {
                    "dradii": 5,
                    "dvolumn": "30",
                    "dlength": "null",
                    "dbreadth": "null",
                    "dheigth": "null"
                },
                "IsText": false,
                "IsText3D": false,
                "lighting": {
                    "CastShadow": "0",
                    "ReceiveShadow": "0",
                    "ContributeGlobalIlumination": "0"
                },
                "IsIlluminate": true,
                "Transform_initialpos": {
                    "#x_initialpos": "20",
                    "#y_initialpos": "10",
                    "#z_initialpos": "5"
                },
                "Transform_initialrotation": {
                    "#x_initialrotation": "0",
                    "#y_initialrotation": "0",
                    "#z_initialrotation": "0"
                },
                "Transform_objectscale": {
                    "#x_objectscale": "4",
                    "#y_objectscale": "4",
                    "#z_objectscale": "1"
                },
                "repeattransfrom": {
                    "distfactorx": "1",
                    "distfactory": "1",
                    "distfactorz": "1"
                },
                "Interaction": {
                    "XRGrabInteractable": "1",
                    "XRInteractionMaskLayer": "nothing",
                    "TrackPosition": "1",
                    "TrackRotation": "1",
                    "Throw_Detach": "1",
                    "forcegravity": "1",
                    "velocity": "3",
                    "angularvelocity": "2"
                },
                "Smoothing": "1",
                "Smoothing_duration": "0.5",
                "attachtransform": {
                    "#rotate_x": "null",
                    "#rotate_y": "null",
                    "#rotate_z": "null",
                    "#pos_x": "null",
                    "#pos_y": "null",
                    "#pos_z": "null"
                },
                "XRRigidObject": {
                    "value": "1",
                    "mass": "20",
                    "dragfriction": "5",
                    "angulardrag": "4",
                    "Isgravityenable": "true",
                    "IsKinematic": "1",
                    "CanInterpolate": "0",
                    "CollisionPolling": "discreet/continous"
                },
                "aud_hasaudio": "0",
                "aud_type": "static/dynamic",
                "aud_src": "/path",
                "aud_volume": "10",
                "aud_PlayInloop": "0",
                "aud_IsSurround": "1",
                "aud_Dopplerlevel": "0.9",
                "aud_spread": "null",
                "aud_mindist": "null",
                "aud_maxdist": "null",
                "_Opttxt1": "null",
                "@context_img_source": "blank"
            },

            {
                "_objectname": "Brake",
                "_sid": "_brake",
                "_slabel": "Brake",
                "_IsHidden": 0,
                "_enumcount": 1,
                "_Is3DObject": 1,
                "HasChild": 0,
                "shape": "rectangle",
                "dimension": {
                    "dradii": 5,
                    "dvolumn": "30",
                    "dlength": "null",
                    "dbreadth": "null",
                    "dheigth": "null"
                },
                "IsText": false,
                "IsText3D": false,
                "lighting": {
                    "CastShadow": "0",
                    "ReceiveShadow": "0",
                    "ContributeGlobalIlumination": "0"
                },
                "IsIlluminate": true,
                "Transform_initialpos": {
                    "#x_initialpos": "20",
                    "#y_initialpos": "10",
                    "#z_initialpos": "5"
                },
                "Transform_initialrotation": {
                    "#x_initialrotation": "0",
                    "#y_initialrotation": "0",
                    "#z_initialrotation": "0"
                },
                "Transform_objectscale": {
                    "#x_objectscale": "4",
                    "#y_objectscale": "4",
                    "#z_objectscale": "1"
                },
                "repeattransfrom": {
                    "distfactorx": "1",
                    "distfactory": "1",
                    "distfactorz": "1"
                },
                "Interaction": {
                    "XRGrabInteractable": "1",
                    "XRInteractionMaskLayer": "nothing",
                    "TrackPosition": "1",
                    "TrackRotation": "1",
                    "Throw_Detach": "1",
                    "forcegravity": "1",
                    "velocity": "3",
                    "angularvelocity": "2"
                },
                "Smoothing": "1",
                "Smoothing_duration": "0.5",
                "attachtransform": {
                    "#rotate_x": "null",
                    "#rotate_y": "null",
                    "#rotate_z": "null",
                    "#pos_x": "null",
                    "#pos_y": "null",
                    "#pos_z": "null"
                },
                "XRRigidObject": {
                    "value": "1",
                    "mass": "20",
                    "dragfriction": "5",
                    "angulardrag": "4",
                    "Isgravityenable": "true",
                    "IsKinematic": "1",
                    "CanInterpolate": "0",
                    "CollisionPolling": "discreet/continous"
                },
                "aud_hasaudio": "0",
                "aud_type": "static/dynamic",
                "aud_src": "/path",
                "aud_volume": "10",
                "aud_PlayInloop": "0",
                "aud_IsSurround": "1",
                "aud_Dopplerlevel": "0.9",
                "aud_spread": "null",
                "aud_mindist": "null",
                "aud_maxdist": "null",
                "_Opttxt1": "null",
                "@context_img_source": "blank"
            },
            {
                "_objectname": "Accelerator",
                "_sid": "_accl",
                "_slabel": "Accelerator",
                "_IsHidden": 0,
                "_enumcount": 1,
                "_Is3DObject": 1,
                "HasChild": 0,
                "shape": "rectangle",
                "dimension": {
                    "dradii": 5,
                    "dvolumn": "30",
                    "dlength": "null",
                    "dbreadth": "null",
                    "dheigth": "null"
                },
                "IsText": false,
                "IsText3D": false,
                "lighting": {
                    "CastShadow": "0",
                    "ReceiveShadow": "0",
                    "ContributeGlobalIlumination": "0"
                },
                "IsIlluminate": true,
                "Transform_initialpos": {
                    "#x_initialpos": "20",
                    "#y_initialpos": "10",
                    "#z_initialpos": "5"
                },
                "Transform_initialrotation": {
                    "#x_initialrotation": "0",
                    "#y_initialrotation": "0",
                    "#z_initialrotation": "0"
                },
                "Transform_objectscale": {
                    "#x_objectscale": "4",
                    "#y_objectscale": "4",
                    "#z_objectscale": "1"
                },
                "repeattransfrom": {
                    "distfactorx": "1",
                    "distfactory": "1",
                    "distfactorz": "1"
                },
                "Interaction": {
                    "XRGrabInteractable": "1",
                    "XRInteractionMaskLayer": "nothing",
                    "TrackPosition": "1",
                    "TrackRotation": "1",
                    "Throw_Detach": "1",
                    "forcegravity": "1",
                    "velocity": "3",
                    "angularvelocity": "2"
                },
                "Smoothing": "1",
                "Smoothing_duration": "0.5",
                "attachtransform": {
                    "#rotate_x": "null",
                    "#rotate_y": "null",
                    "#rotate_z": "null",
                    "#pos_x": "null",
                    "#pos_y": "null",
                    "#pos_z": "null"
                },
                "XRRigidObject": {
                    "value": "1",
                    "mass": "20",
                    "dragfriction": "5",
                    "angulardrag": "4",
                    "Isgravityenable": "true",
                    "IsKinematic": "1",
                    "CanInterpolate": "0",
                    "CollisionPolling": "discreet/continous"
                },
                "aud_hasaudio": "0",
                "aud_type": "static/dynamic",
                "aud_src": "/path",
                "aud_volume": "10",
                "aud_PlayInloop": "0",
                "aud_IsSurround": "1",
                "aud_Dopplerlevel": "0.9",
                "aud_spread": "null",
                "aud_mindist": "null",
                "aud_maxdist": "null",
                "_Opttxt1": "null",
                "@context_img_source": "blank"
            },
            {
                "_objectname": "Dip Beam / Wiper switch",
                "_sid": "_dbws",
                "_slabel": "Turn on wiper",
                "_IsHidden": 0,
                "_enumcount": 1,
                "_Is3DObject": 1,
                "HasChild": 0,
                "shape": "cylindrical",
                "dimension": {
                    "dradii": 5,
                    "dvolumn": "30",
                    "dlength": "null",
                    "dbreadth": "null",
                    "dheigth": "null"
                },
                "IsText": false,
                "IsText3D": false,
                "lighting": {
                    "CastShadow": "0",
                    "ReceiveShadow": "0",
                    "ContributeGlobalIlumination": "0"
                },
                "IsIlluminate": true,
                "Transform_initialpos": {
                    "#x_initialpos": "20",
                    "#y_initialpos": "10",
                    "#z_initialpos": "5"
                },
                "Transform_initialrotation": {
                    "#x_initialrotation": "0",
                    "#y_initialrotation": "0",
                    "#z_initialrotation": "0"
                },
                "Transform_objectscale": {
                    "#x_objectscale": "4",
                    "#y_objectscale": "4",
                    "#z_objectscale": "1"
                },
                "repeattransfrom": {
                    "distfactorx": "1",
                    "distfactory": "1",
                    "distfactorz": "1"
                },
                "Interaction": {
                    "XRGrabInteractable": "1",
                    "XRInteractionMaskLayer": "nothing",
                    "TrackPosition": "1",
                    "TrackRotation": "1",
                    "Throw_Detach": "1",
                    "forcegravity": "1",
                    "velocity": "3",
                    "angularvelocity": "2"
                },
                "Smoothing": "1",
                "Smoothing_duration": "0.5",
                "attachtransform": {
                    "#rotate_x": "null",
                    "#rotate_y": "null",
                    "#rotate_z": "null",
                    "#pos_x": "null",
                    "#pos_y": "null",
                    "#pos_z": "null"
                },
                "XRRigidObject": {
                    "value": "1",
                    "mass": "20",
                    "dragfriction": "5",
                    "angulardrag": "4",
                    "Isgravityenable": "true",
                    "IsKinematic": "1",
                    "CanInterpolate": "0",
                    "CollisionPolling": "discreet/continous"
                },
                "aud_hasaudio": "0",
                "aud_type": "static/dynamic",
                "aud_src": "/path",
                "aud_volume": "10",
                "aud_PlayInloop": "0",
                "aud_IsSurround": "1",
                "aud_Dopplerlevel": "0.9",
                "aud_spread": "null",
                "aud_mindist": "null",
                "aud_maxdist": "null",
                "_Opttxt1": "null",
                "@context_img_source": "blank"
            },

            {
                "_objectname": "Animals",
                "_sid": "_animal",
                "_slabel": "Animal",
                "_IsHidden": 0,
                "_enumcount": 1,
                "_Is3DObject": 1,
                "HasChild": 0,
                "shape": "Animal",
                "dimension": {
                    "dradii": 5,
                    "dvolumn": "30",
                    "dlength": "null",
                    "dbreadth": "null",
                    "dheigth": "null"
                },
                "IsText": false,
                "IsText3D": false,
                "lighting": {
                    "CastShadow": "0",
                    "ReceiveShadow": "0",
                    "ContributeGlobalIlumination": "0"
                },
                "IsIlluminate": true,
                "Transform_initialpos": {
                    "#x_initialpos": "20",
                    "#y_initialpos": "10",
                    "#z_initialpos": "5"
                },
                "Transform_initialrotation": {
                    "#x_initialrotation": "0",
                    "#y_initialrotation": "0",
                    "#z_initialrotation": "0"
                },
                "Transform_objectscale": {
                    "#x_objectscale": "4",
                    "#y_objectscale": "4",
                    "#z_objectscale": "1"
                },
                "repeattransfrom": {
                    "distfactorx": "1",
                    "distfactory": "1",
                    "distfactorz": "1"
                },
                "Interaction": {
                    "XRGrabInteractable": "1",
                    "XRInteractionMaskLayer": "nothing",
                    "TrackPosition": "1",
                    "TrackRotation": "1",
                    "Throw_Detach": "1",
                    "forcegravity": "1",
                    "velocity": "3",
                    "angularvelocity": "2"
                },
                "Smoothing": "1",
                "Smoothing_duration": "0.5",
                "attachtransform": {
                    "#rotate_x": "null",
                    "#rotate_y": "null",
                    "#rotate_z": "null",
                    "#pos_x": "null",
                    "#pos_y": "null",
                    "#pos_z": "null"
                },
                "XRRigidObject": {
                    "value": "1",
                    "mass": "20",
                    "dragfriction": "5",
                    "angulardrag": "4",
                    "Isgravityenable": "true",
                    "IsKinematic": "1",
                    "CanInterpolate": "0",
                    "CollisionPolling": "discreet/continous"
                },
                "aud_hasaudio": "0",
                "aud_type": "static/dynamic",
                "aud_src": "/path",
                "aud_volume": "10",
                "aud_PlayInloop": "0",
                "aud_IsSurround": "1",
                "aud_Dopplerlevel": "0.9",
                "aud_spread": "null",
                "aud_mindist": "null",
                "aud_maxdist": "null",
                "_Opttxt1": "null",
                "@context_img_source": "blank"
            },

            {
                "_objectname": "Trees",
                "_sid": "_tree",
                "_slabel": "A tree",
                "_IsHidden": 0,
                "_enumcount": 1,
                "_Is3DObject": 1,
                "HasChild": 0,
                "shape": "Tree",
                "dimension": {
                    "dradii": 5,
                    "dvolumn": "30",
                    "dlength": "null",
                    "dbreadth": "null",
                    "dheigth": "null"
                },
                "IsText": false,
                "IsText3D": false,
                "lighting": {
                    "CastShadow": "0",
                    "ReceiveShadow": "0",
                    "ContributeGlobalIlumination": "0"
                },
                "IsIlluminate": true,
                "Transform_initialpos": {
                    "#x_initialpos": "20",
                    "#y_initialpos": "10",
                    "#z_initialpos": "5"
                },
                "Transform_initialrotation": {
                    "#x_initialrotation": "0",
                    "#y_initialrotation": "0",
                    "#z_initialrotation": "0"
                },
                "Transform_objectscale": {
                    "#x_objectscale": "4",
                    "#y_objectscale": "4",
                    "#z_objectscale": "1"
                },
                "repeattransfrom": {
                    "distfactorx": "1",
                    "distfactory": "1",
                    "distfactorz": "1"
                },
                "Interaction": {
                    "XRGrabInteractable": "1",
                    "XRInteractionMaskLayer": "nothing",
                    "TrackPosition": "1",
                    "TrackRotation": "1",
                    "Throw_Detach": "1",
                    "forcegravity": "1",
                    "velocity": "3",
                    "angularvelocity": "2"
                },
                "Smoothing": "1",
                "Smoothing_duration": "0.5",
                "attachtransform": {
                    "#rotate_x": "null",
                    "#rotate_y": "null",
                    "#rotate_z": "null",
                    "#pos_x": "null",
                    "#pos_y": "null",
                    "#pos_z": "null"
                },
                "XRRigidObject": {
                    "value": "1",
                    "mass": "20",
                    "dragfriction": "5",
                    "angulardrag": "4",
                    "Isgravityenable": "true",
                    "IsKinematic": "1",
                    "CanInterpolate": "0",
                    "CollisionPolling": "discreet/continous"
                },
                "aud_hasaudio": "0",
                "aud_type": "static/dynamic",
                "aud_src": "/path",
                "aud_volume": "10",
                "aud_PlayInloop": "0",
                "aud_IsSurround": "1",
                "aud_Dopplerlevel": "0.9",
                "aud_spread": "null",
                "aud_mindist": "null",
                "aud_maxdist": "null",
                "_Opttxt1": "null",
                "@context_img_source": "blank"
            },

            {
                "_objectname": "Vehicles",
                "_sid": "_vc",
                "_slabel": "This is a vehicle",
                "_IsHidden": 0,
                "_enumcount": 1,
                "_Is3DObject": 1,
                "HasChild": 0,
                "shape": "rectangle",
                "dimension": {
                    "dradii": 5,
                    "dvolumn": "30",
                    "dlength": "null",
                    "dbreadth": "null",
                    "dheigth": "null"
                },
                "IsText": false,
                "IsText3D": false,
                "lighting": {
                    "CastShadow": "0",
                    "ReceiveShadow": "0",
                    "ContributeGlobalIlumination": "0"
                },
                "IsIlluminate": true,
                "Transform_initialpos": {
                    "#x_initialpos": "20",
                    "#y_initialpos": "10",
                    "#z_initialpos": "5"
                },
                "Transform_initialrotation": {
                    "#x_initialrotation": "0",
                    "#y_initialrotation": "0",
                    "#z_initialrotation": "0"
                },
                "Transform_objectscale": {
                    "#x_objectscale": "4",
                    "#y_objectscale": "4",
                    "#z_objectscale": "1"
                },
                "repeattransfrom": {
                    "distfactorx": "1",
                    "distfactory": "1",
                    "distfactorz": "1"
                },
                "Interaction": {
                    "XRGrabInteractable": "1",
                    "XRInteractionMaskLayer": "nothing",
                    "TrackPosition": "1",
                    "TrackRotation": "1",
                    "Throw_Detach": "1",
                    "forcegravity": "1",
                    "velocity": "3",
                    "angularvelocity": "2"
                },
                "Smoothing": "1",
                "Smoothing_duration": "0.5",
                "attachtransform": {
                    "#rotate_x": "null",
                    "#rotate_y": "null",
                    "#rotate_z": "null",
                    "#pos_x": "null",
                    "#pos_y": "null",
                    "#pos_z": "null"
                },
                "XRRigidObject": {
                    "value": "1",
                    "mass": "20",
                    "dragfriction": "5",
                    "angulardrag": "4",
                    "Isgravityenable": "true",
                    "IsKinematic": "1",
                    "CanInterpolate": "0",
                    "CollisionPolling": "discreet/continous"
                },
                "aud_hasaudio": "0",
                "aud_type": "static/dynamic",
                "aud_src": "/path",
                "aud_volume": "10",
                "aud_PlayInloop": "0",
                "aud_IsSurround": "1",
                "aud_Dopplerlevel": "0.9",
                "aud_spread": "null",
                "aud_mindist": "null",
                "aud_maxdist": "null",
                "_Opttxt1": "null",
                "@context_img_source": "blank"
            },

            {
                "_objectname": "Pedestrians",
                "_sid": "_pd",
                "_slabel": "Pedestrian",
                "_IsHidden": 0,
                "_enumcount": 1,
                "_Is3DObject": 1,
                "HasChild": 0,
                "shape": "humanoid",
                "dimension": {
                    "dradii": 5,
                    "dvolumn": "30",
                    "dlength": "null",
                    "dbreadth": "null",
                    "dheigth": "null"
                },
                "IsText": false,
                "IsText3D": false,
                "lighting": {
                    "CastShadow": "0",
                    "ReceiveShadow": "0",
                    "ContributeGlobalIlumination": "0"
                },
                "IsIlluminate": true,
                "Transform_initialpos": {
                    "#x_initialpos": "20",
                    "#y_initialpos": "10",
                    "#z_initialpos": "5"
                },
                "Transform_initialrotation": {
                    "#x_initialrotation": "0",
                    "#y_initialrotation": "0",
                    "#z_initialrotation": "0"
                },
                "Transform_objectscale": {
                    "#x_objectscale": "4",
                    "#y_objectscale": "4",
                    "#z_objectscale": "1"
                },
                "repeattransfrom": {
                    "distfactorx": "1",
                    "distfactory": "1",
                    "distfactorz": "1"
                },
                "Interaction": {
                    "XRGrabInteractable": "1",
                    "XRInteractionMaskLayer": "nothing",
                    "TrackPosition": "1",
                    "TrackRotation": "1",
                    "Throw_Detach": "1",
                    "forcegravity": "1",
                    "velocity": "3",
                    "angularvelocity": "2"
                },
                "Smoothing": "1",
                "Smoothing_duration": "0.5",
                "attachtransform": {
                    "#rotate_x": "null",
                    "#rotate_y": "null",
                    "#rotate_z": "null",
                    "#pos_x": "null",
                    "#pos_y": "null",
                    "#pos_z": "null"
                },
                "XRRigidObject": {
                    "value": "1",
                    "mass": "20",
                    "dragfriction": "5",
                    "angulardrag": "4",
                    "Isgravityenable": "true",
                    "IsKinematic": "1",
                    "CanInterpolate": "0",
                    "CollisionPolling": "discreet/continous"
                },
                "aud_hasaudio": "0",
                "aud_type": "static/dynamic",
                "aud_src": "/path",
                "aud_volume": "10",
                "aud_PlayInloop": "0",
                "aud_IsSurround": "1",
                "aud_Dopplerlevel": "0.9",
                "aud_spread": "null",
                "aud_mindist": "null",
                "aud_maxdist": "null",
                "_Opttxt1": "null",
                "@context_img_source": "blank"
            },

            {
                "_objectname": "Traffic Light",
                "_sid": "_tl",
                "_slabel": "Alerts user of the light to go or stop",
                "_IsHidden": 0,
                "_enumcount": 1,
                "_Is3DObject": 1,
                "HasChild": 0,
                "shape": "rectangle",
                "dimension": {
                    "dradii": 5,
                    "dvolumn": "30",
                    "dlength": "null",
                    "dbreadth": "null",
                    "dheigth": "null"
                },
                "IsText": false,
                "IsText3D": false,
                "lighting": {
                    "CastShadow": "0",
                    "ReceiveShadow": "0",
                    "ContributeGlobalIlumination": "0"
                },
                "IsIlluminate": true,
                "Transform_initialpos": {
                    "#x_initialpos": "20",
                    "#y_initialpos": "10",
                    "#z_initialpos": "5"
                },
                "Transform_initialrotation": {
                    "#x_initialrotation": "0",
                    "#y_initialrotation": "0",
                    "#z_initialrotation": "0"
                },
                "Transform_objectscale": {
                    "#x_objectscale": "4",
                    "#y_objectscale": "4",
                    "#z_objectscale": "1"
                },
                "repeattransfrom": {
                    "distfactorx": "1",
                    "distfactory": "1",
                    "distfactorz": "1"
                },
                "Interaction": {
                    "XRGrabInteractable": "1",
                    "XRInteractionMaskLayer": "nothing",
                    "TrackPosition": "1",
                    "TrackRotation": "1",
                    "Throw_Detach": "1",
                    "forcegravity": "1",
                    "velocity": "3",
                    "angularvelocity": "2"
                },
                "Smoothing": "1",
                "Smoothing_duration": "0.5",
                "attachtransform": {
                    "#rotate_x": "null",
                    "#rotate_y": "null",
                    "#rotate_z": "null",
                    "#pos_x": "null",
                    "#pos_y": "null",
                    "#pos_z": "null"
                },
                "XRRigidObject": {
                    "value": "1",
                    "mass": "20",
                    "dragfriction": "5",
                    "angulardrag": "4",
                    "Isgravityenable": "true",
                    "IsKinematic": "1",
                    "CanInterpolate": "0",
                    "CollisionPolling": "discreet/continous"
                },
                "aud_hasaudio": "0",
                "aud_type": "static/dynamic",
                "aud_src": "/path",
                "aud_volume": "10",
                "aud_PlayInloop": "0",
                "aud_IsSurround": "1",
                "aud_Dopplerlevel": "0.9",
                "aud_spread": "null",
                "aud_mindist": "null",
                "aud_maxdist": "null",
                "_Opttxt1": "null",
                "@context_img_source": "blank"
            },
            {
                "_objectname": "Road",
                "_sid": "_rd",
                "_slabel": "This is a road",
                "_IsHidden": 0,
                "_enumcount": 1,
                "_Is3DObject": 1,
                "HasChild": 0,
                "shape": "rectangle",
                "dimension": {
                    "dradii": 5,
                    "dvolumn": "30",
                    "dlength": "null",
                    "dbreadth": "null",
                    "dheigth": "null"
                },
                "IsText": false,
                "IsText3D": false,
                "lighting": {
                    "CastShadow": "0",
                    "ReceiveShadow": "0",
                    "ContributeGlobalIlumination": "0"
                },
                "IsIlluminate": true,
                "Transform_initialpos": {
                    "#x_initialpos": "20",
                    "#y_initialpos": "10",
                    "#z_initialpos": "5"
                },
                "Transform_initialrotation": {
                    "#x_initialrotation": "0",
                    "#y_initialrotation": "0",
                    "#z_initialrotation": "0"
                },
                "Transform_objectscale": {
                    "#x_objectscale": "4",
                    "#y_objectscale": "4",
                    "#z_objectscale": "1"
                },
                "repeattransfrom": {
                    "distfactorx": "1",
                    "distfactory": "1",
                    "distfactorz": "1"
                },
                "Interaction": {
                    "XRGrabInteractable": "1",
                    "XRInteractionMaskLayer": "nothing",
                    "TrackPosition": "1",
                    "TrackRotation": "1",
                    "Throw_Detach": "1",
                    "forcegravity": "1",
                    "velocity": "3",
                    "angularvelocity": "2"
                },
                "Smoothing": "1",
                "Smoothing_duration": "0.5",
                "attachtransform": {
                    "#rotate_x": "null",
                    "#rotate_y": "null",
                    "#rotate_z": "null",
                    "#pos_x": "null",
                    "#pos_y": "null",
                    "#pos_z": "null"
                },
                "XRRigidObject": {
                    "value": "1",
                    "mass": "20",
                    "dragfriction": "5",
                    "angulardrag": "4",
                    "Isgravityenable": "true",
                    "IsKinematic": "1",
                    "CanInterpolate": "0",
                    "CollisionPolling": "discreet/continous"
                },
                "aud_hasaudio": "0",
                "aud_type": "static/dynamic",
                "aud_src": "/path",
                "aud_volume": "10",
                "aud_PlayInloop": "0",
                "aud_IsSurround": "1",
                "aud_Dopplerlevel": "0.9",
                "aud_spread": "null",
                "aud_mindist": "null",
                "aud_maxdist": "null",
                "_Opttxt1": "null",
                "@context_img_source": "blank"
            },
            {
                "_objectname": "Skid Mark",
                "_sid": "_sdmrk",
                "_slabel": "these are marks left  by tires ",
                "_IsHidden": 0,
                "_enumcount": 1,
                "_Is3DObject": 1,
                "HasChild": 0,
                "shape": "rectangle",
                "dimension": {
                    "dradii": 5,
                    "dvolumn": "30",
                    "dlength": "null",
                    "dbreadth": "null",
                    "dheigth": "null"
                },
                "IsText": false,
                "IsText3D": false,
                "lighting": {
                    "CastShadow": "0",
                    "ReceiveShadow": "0",
                    "ContributeGlobalIlumination": "0"
                },
                "IsIlluminate": true,
                "Transform_initialpos": {
                    "#x_initialpos": "20",
                    "#y_initialpos": "10",
                    "#z_initialpos": "5"
                },
                "Transform_initialrotation": {
                    "#x_initialrotation": "0",
                    "#y_initialrotation": "0",
                    "#z_initialrotation": "0"
                },
                "Transform_objectscale": {
                    "#x_objectscale": "4",
                    "#y_objectscale": "4",
                    "#z_objectscale": "1"
                },
                "repeattransfrom": {
                    "distfactorx": "1",
                    "distfactory": "1",
                    "distfactorz": "1"
                },
                "Interaction": {
                    "XRGrabInteractable": "1",
                    "XRInteractionMaskLayer": "nothing",
                    "TrackPosition": "1",
                    "TrackRotation": "1",
                    "Throw_Detach": "1",
                    "forcegravity": "1",
                    "velocity": "3",
                    "angularvelocity": "2"
                },
                "Smoothing": "1",
                "Smoothing_duration": "0.5",
                "attachtransform": {
                    "#rotate_x": "null",
                    "#rotate_y": "null",
                    "#rotate_z": "null",
                    "#pos_x": "null",
                    "#pos_y": "null",
                    "#pos_z": "null"
                },
                "XRRigidObject": {
                    "value": "1",
                    "mass": "20",
                    "dragfriction": "5",
                    "angulardrag": "4",
                    "Isgravityenable": "true",
                    "IsKinematic": "1",
                    "CanInterpolate": "0",
                    "CollisionPolling": "discreet/continous"
                },
                "aud_hasaudio": "0",
                "aud_type": "static/dynamic",
                "aud_src": "/path",
                "aud_volume": "10",
                "aud_PlayInloop": "0",
                "aud_IsSurround": "1",
                "aud_Dopplerlevel": "0.9",
                "aud_spread": "null",
                "aud_mindist": "null",
                "aud_maxdist": "null",
                "_Opttxt1": "null",
                "@context_img_source": "blank"
            },
            {
                "_objectname": "CarBonet",
                "_sid": "_cbnet",
                "_slabel": "This is used as the front view of the car",
                "_IsHidden": 0,
                "_enumcount": 1,
                "_Is3DObject": 1,
                "HasChild": 0,
                "shape": "rectangle",
                "dimension": {
                    "dradii": 5,
                    "dvolumn": "30",
                    "dlength": "null",
                    "dbreadth": "null",
                    "dheigth": "null"
                },
                "IsText": false,
                "IsText3D": false,
                "lighting": {
                    "CastShadow": "0",
                    "ReceiveShadow": "0",
                    "ContributeGlobalIlumination": "0"
                },
                "IsIlluminate": true,
                "Transform_initialpos": {
                    "#x_initialpos": "20",
                    "#y_initialpos": "10",
                    "#z_initialpos": "5"
                },
                "Transform_initialrotation": {
                    "#x_initialrotation": "0",
                    "#y_initialrotation": "0",
                    "#z_initialrotation": "0"
                },
                "Transform_objectscale": {
                    "#x_objectscale": "4",
                    "#y_objectscale": "4",
                    "#z_objectscale": "1"
                },
                "repeattransfrom": {
                    "distfactorx": "1",
                    "distfactory": "1",
                    "distfactorz": "1"
                },
                "Interaction": {
                    "XRGrabInteractable": "1",
                    "XRInteractionMaskLayer": "nothing",
                    "TrackPosition": "1",
                    "TrackRotation": "1",
                    "Throw_Detach": "1",
                    "forcegravity": "1",
                    "velocity": "3",
                    "angularvelocity": "2"
                },
                "Smoothing": "1",
                "Smoothing_duration": "0.5",
                "attachtransform": {
                    "#rotate_x": "null",
                    "#rotate_y": "null",
                    "#rotate_z": "null",
                    "#pos_x": "null",
                    "#pos_y": "null",
                    "#pos_z": "null"
                },
                "XRRigidObject": {
                    "value": "1",
                    "mass": "20",
                    "dragfriction": "5",
                    "angulardrag": "4",
                    "Isgravityenable": "true",
                    "IsKinematic": "1",
                    "CanInterpolate": "0",
                    "CollisionPolling": "discreet/continous"
                },
                "aud_hasaudio": "0",
                "aud_type": "static/dynamic",
                "aud_src": "/path",
                "aud_volume": "10",
                "aud_PlayInloop": "0",
                "aud_IsSurround": "1",
                "aud_Dopplerlevel": "0.9",
                "aud_spread": "null",
                "aud_mindist": "null",
                "aud_maxdist": "null",
                "_Opttxt1": "null",
                "@context_img_source": "blank"
            },
            {
                "_objectname": "Windshield_Wiper",
                "_sid": "_wish",
                "_slabel": "This is used as the windshield",
                "_IsHidden": 0,
                "_enumcount": 1,
                "_Is3DObject": 1,
                "HasChild": 0,
                "shape": "rectangle",
                "dimension": {
                    "dradii": 5,
                    "dvolumn": "30",
                    "dlength": "null",
                    "dbreadth": "null",
                    "dheigth": "null"
                },
                "IsText": false,
                "IsText3D": false,
                "lighting": {
                    "CastShadow": "0",
                    "ReceiveShadow": "0",
                    "ContributeGlobalIlumination": "0"
                },
                "IsIlluminate": true,
                "Transform_initialpos": {
                    "#x_initialpos": "20",
                    "#y_initialpos": "10",
                    "#z_initialpos": "5"
                },
                "Transform_initialrotation": {
                    "#x_initialrotation": "0",
                    "#y_initialrotation": "0",
                    "#z_initialrotation": "0"
                },
                "Transform_objectscale": {
                    "#x_objectscale": "4",
                    "#y_objectscale": "4",
                    "#z_objectscale": "1"
                },
                "repeattransfrom": {
                    "distfactorx": "1",
                    "distfactory": "1",
                    "distfactorz": "1"
                },
                "Interaction": {
                    "XRGrabInteractable": "1",
                    "XRInteractionMaskLayer": "nothing",
                    "TrackPosition": "1",
                    "TrackRotation": "1",
                    "Throw_Detach": "1",
                    "forcegravity": "1",
                    "velocity": "3",
                    "angularvelocity": "2"
                },
                "Smoothing": "1",
                "Smoothing_duration": "0.5",
                "attachtransform": {
                    "#rotate_x": "null",
                    "#rotate_y": "null",
                    "#rotate_z": "null",
                    "#pos_x": "null",
                    "#pos_y": "null",
                    "#pos_z": "null"
                },
                "XRRigidObject": {
                    "value": "1",
                    "mass": "20",
                    "dragfriction": "5",
                    "angulardrag": "4",
                    "Isgravityenable": "true",
                    "IsKinematic": "1",
                    "CanInterpolate": "0",
                    "CollisionPolling": "discreet/continous"
                },
                "aud_hasaudio": "0",
                "aud_type": "static/dynamic",
                "aud_src": "/path",
                "aud_volume": "10",
                "aud_PlayInloop": "0",
                "aud_IsSurround": "1",
                "aud_Dopplerlevel": "0.9",
                "aud_spread": "null",
                "aud_mindist": "null",
                "aud_maxdist": "null",
                "_Opttxt1": "null",
                "@context_img_source": "blank"
            },
            {
                "_objectname": "Speedometer",
                "_sid": "_spdm",
                "_slabel": "This is used to display the speed",
                "_IsHidden": 0,
                "_enumcount": 1,
                "_Is3DObject": 1,
                "HasChild": 0,
                "shape": "circle",
                "dimension": {
                    "dradii": 5,
                    "dvolumn": "30",
                    "dlength": "null",
                    "dbreadth": "null",
                    "dheigth": "null"
                },
                "IsText": false,
                "IsText3D": false,
                "lighting": {
                    "CastShadow": "0",
                    "ReceiveShadow": "0",
                    "ContributeGlobalIlumination": "0"
                },
                "IsIlluminate": true,
                "Transform_initialpos": {
                    "#x_initialpos": "20",
                    "#y_initialpos": "10",
                    "#z_initialpos": "5"
                },
                "Transform_initialrotation": {
                    "#x_initialrotation": "0",
                    "#y_initialrotation": "0",
                    "#z_initialrotation": "0"
                },
                "Transform_objectscale": {
                    "#x_objectscale": "4",
                    "#y_objectscale": "4",
                    "#z_objectscale": "1"
                },
                "repeattransfrom": {
                    "distfactorx": "1",
                    "distfactory": "1",
                    "distfactorz": "1"
                },
                "Interaction": {
                    "XRGrabInteractable": "1",
                    "XRInteractionMaskLayer": "nothing",
                    "TrackPosition": "1",
                    "TrackRotation": "1",
                    "Throw_Detach": "1",
                    "forcegravity": "1",
                    "velocity": "3",
                    "angularvelocity": "2"
                },
                "Smoothing": "1",
                "Smoothing_duration": "0.5",
                "attachtransform": {
                    "#rotate_x": "null",
                    "#rotate_y": "null",
                    "#rotate_z": "null",
                    "#pos_x": "null",
                    "#pos_y": "null",
                    "#pos_z": "null"
                },
                "XRRigidObject": {
                    "value": "1",
                    "mass": "20",
                    "dragfriction": "5",
                    "angulardrag": "4",
                    "Isgravityenable": "true",
                    "IsKinematic": "1",
                    "CanInterpolate": "0",
                    "CollisionPolling": "discreet/continous"
                },
                "aud_hasaudio": "0",
                "aud_type": "static/dynamic",
                "aud_src": "/path",
                "aud_volume": "10",
                "aud_PlayInloop": "0",
                "aud_IsSurround": "1",
                "aud_Dopplerlevel": "0.9",
                "aud_spread": "null",
                "aud_mindist": "null",
                "aud_maxdist": "null",
                "_Opttxt1": "null",
                "@context_img_source": "blank"
            },
            {
                "_objectname": "Elevation_Up_Road",
                "_sid": "_uprd",
                "_slabel": "This is used as a elevated road",
                "_IsHidden": 0,
                "_enumcount": 1,
                "_Is3DObject": 1,
                "HasChild": 0,
                "shape": "rectangle",
                "dimension": {
                    "dradii": 5,
                    "dvolumn": "30",
                    "dlength": "null",
                    "dbreadth": "null",
                    "dheigth": "null"
                },
                "IsText": false,
                "IsText3D": false,
                "lighting": {
                    "CastShadow": "0",
                    "ReceiveShadow": "0",
                    "ContributeGlobalIlumination": "0"
                },
                "IsIlluminate": true,
                "Transform_initialpos": {
                    "#x_initialpos": "20",
                    "#y_initialpos": "10",
                    "#z_initialpos": "5"
                },
                "Transform_initialrotation": {
                    "#x_initialrotation": "0",
                    "#y_initialrotation": "0",
                    "#z_initialrotation": "0"
                },
                "Transform_objectscale": {
                    "#x_objectscale": "4",
                    "#y_objectscale": "4",
                    "#z_objectscale": "1"
                },
                "repeattransfrom": {
                    "distfactorx": "1",
                    "distfactory": "1",
                    "distfactorz": "1"
                },
                "Interaction": {
                    "XRGrabInteractable": "1",
                    "XRInteractionMaskLayer": "nothing",
                    "TrackPosition": "1",
                    "TrackRotation": "1",
                    "Throw_Detach": "1",
                    "forcegravity": "1",
                    "velocity": "3",
                    "angularvelocity": "2"
                },
                "Smoothing": "1",
                "Smoothing_duration": "0.5",
                "attachtransform": {
                    "#rotate_x": "null",
                    "#rotate_y": "null",
                    "#rotate_z": "null",
                    "#pos_x": "null",
                    "#pos_y": "null",
                    "#pos_z": "null"
                },
                "XRRigidObject": {
                    "value": "1",
                    "mass": "20",
                    "dragfriction": "5",
                    "angulardrag": "4",
                    "Isgravityenable": "true",
                    "IsKinematic": "1",
                    "CanInterpolate": "0",
                    "CollisionPolling": "discreet/continous"
                },
                "aud_hasaudio": "0",
                "aud_type": "static/dynamic",
                "aud_src": "/path",
                "aud_volume": "10",
                "aud_PlayInloop": "0",
                "aud_IsSurround": "1",
                "aud_Dopplerlevel": "0.9",
                "aud_spread": "null",
                "aud_mindist": "null",
                "aud_maxdist": "null",
                "_Opttxt1": "null",
                "@context_img_source": "blank"
            },
            {
                "_objectname": "Eleveation_Down_Road",
                "_sid": "_dnrd",
                "_slabel": "This is used as a elevated road",
                "_IsHidden": 0,
                "_enumcount": 1,
                "_Is3DObject": 1,
                "HasChild": 0,
                "shape": "rectangle",
                "dimension": {
                    "dradii": 5,
                    "dvolumn": "30",
                    "dlength": "null",
                    "dbreadth": "null",
                    "dheigth": "null"
                },
                "IsText": false,
                "IsText3D": false,
                "lighting": {
                    "CastShadow": "0",
                    "ReceiveShadow": "0",
                    "ContributeGlobalIlumination": "0"
                },
                "IsIlluminate": true,
                "Transform_initialpos": {
                    "#x_initialpos": "20",
                    "#y_initialpos": "10",
                    "#z_initialpos": "5"
                },
                "Transform_initialrotation": {
                    "#x_initialrotation": "0",
                    "#y_initialrotation": "0",
                    "#z_initialrotation": "0"
                },
                "Transform_objectscale": {
                    "#x_objectscale": "4",
                    "#y_objectscale": "4",
                    "#z_objectscale": "1"
                },
                "repeattransfrom": {
                    "distfactorx": "1",
                    "distfactory": "1",
                    "distfactorz": "1"
                },
                "Interaction": {
                    "XRGrabInteractable": "1",
                    "XRInteractionMaskLayer": "nothing",
                    "TrackPosition": "1",
                    "TrackRotation": "1",
                    "Throw_Detach": "1",
                    "forcegravity": "1",
                    "velocity": "3",
                    "angularvelocity": "2"
                },
                "Smoothing": "1",
                "Smoothing_duration": "0.5",
                "attachtransform": {
                    "#rotate_x": "null",
                    "#rotate_y": "null",
                    "#rotate_z": "null",
                    "#pos_x": "null",
                    "#pos_y": "null",
                    "#pos_z": "null"
                },
                "XRRigidObject": {
                    "value": "1",
                    "mass": "20",
                    "dragfriction": "5",
                    "angulardrag": "4",
                    "Isgravityenable": "true",
                    "IsKinematic": "1",
                    "CanInterpolate": "0",
                    "CollisionPolling": "discreet/continous"
                },
                "aud_hasaudio": "0",
                "aud_type": "static/dynamic",
                "aud_src": "/path",
                "aud_volume": "10",
                "aud_PlayInloop": "0",
                "aud_IsSurround": "1",
                "aud_Dopplerlevel": "0.9",
                "aud_spread": "null",
                "aud_mindist": "null",
                "aud_maxdist": "null",
                "_Opttxt1": "null",
                "@context_img_source": "blank"
            },
            {
                "_objectname": "Indicator",
                "_sid": "_indi",
                "_slabel": "This is used to signal the car turning",
                "_IsHidden": 0,
                "_enumcount": 1,
                "_Is3DObject": 1,
                "HasChild": 0,
                "shape": "triangle",
                "dimension": {
                    "dradii": 5,
                    "dvolumn": "30",
                    "dlength": "null",
                    "dbreadth": "null",
                    "dheigth": "null"
                },
                "IsText": false,
                "IsText3D": false,
                "lighting": {
                    "CastShadow": "0",
                    "ReceiveShadow": "0",
                    "ContributeGlobalIlumination": "0"
                },
                "IsIlluminate": true,
                "Transform_initialpos": {
                    "#x_initialpos": "20",
                    "#y_initialpos": "10",
                    "#z_initialpos": "5"
                },
                "Transform_initialrotation": {
                    "#x_initialrotation": "0",
                    "#y_initialrotation": "0",
                    "#z_initialrotation": "0"
                },
                "Transform_objectscale": {
                    "#x_objectscale": "4",
                    "#y_objectscale": "4",
                    "#z_objectscale": "1"
                },
                "repeattransfrom": {
                    "distfactorx": "1",
                    "distfactory": "1",
                    "distfactorz": "1"
                },
                "Interaction": {
                    "XRGrabInteractable": "1",
                    "XRInteractionMaskLayer": "nothing",
                    "TrackPosition": "1",
                    "TrackRotation": "1",
                    "Throw_Detach": "1",
                    "forcegravity": "1",
                    "velocity": "3",
                    "angularvelocity": "2"
                },
                "Smoothing": "1",
                "Smoothing_duration": "0.5",
                "attachtransform": {
                    "#rotate_x": "null",
                    "#rotate_y": "null",
                    "#rotate_z": "null",
                    "#pos_x": "null",
                    "#pos_y": "null",
                    "#pos_z": "null"
                },
                "XRRigidObject": {
                    "value": "1",
                    "mass": "20",
                    "dragfriction": "5",
                    "angulardrag": "4",
                    "Isgravityenable": "true",
                    "IsKinematic": "1",
                    "CanInterpolate": "0",
                    "CollisionPolling": "discreet/continous"
                },
                "aud_hasaudio": "0",
                "aud_type": "static/dynamic",
                "aud_src": "/path",
                "aud_volume": "10",
                "aud_PlayInloop": "0",
                "aud_IsSurround": "1",
                "aud_Dopplerlevel": "0.9",
                "aud_spread": "null",
                "aud_mindist": "null",
                "aud_maxdist": "null",
                "_Opttxt1": "null",
                "@context_img_source": "blank"
            },

            {
                "_objectname": "Feedback",
                "_sid": "_feedback",
                "_slabel": "Displays Performance Parameter",
                "_IsHidden": 0,
                "_enumcount": 1,
                "_Is3DObject": 1,
                "HasChild": 0,
                "shape": "rectangle",
                "dimension": {
                    "dradii": 5,
                    "dvolumn": "30",
                    "dlength": "null",
                    "dbreadth": "null",
                    "dheigth": "null"
                },
                "IsText": true,
                "IsText3D": true,
                "lighting": {
                    "CastShadow": "0",
                    "ReceiveShadow": "0",
                    "ContributeGlobalIlumination": "0"
                },
                "IsIlluminate": true,
                "Transform_initialpos": {
                    "#x_initialpos": "20",
                    "#y_initialpos": "10",
                    "#z_initialpos": "5"
                },
                "Transform_initialrotation": {
                    "#x_initialrotation": "0",
                    "#y_initialrotation": "0",
                    "#z_initialrotation": "0"
                },
                "Transform_objectscale": {
                    "#x_objectscale": "4",
                    "#y_objectscale": "4",
                    "#z_objectscale": "1"
                },
                "repeattransfrom": {
                    "distfactorx": "1",
                    "distfactory": "1",
                    "distfactorz": "1"
                },
                "Interaction": {
                    "XRGrabInteractable": "1",
                    "XRInteractionMaskLayer": "nothing",
                    "TrackPosition": "1",
                    "TrackRotation": "1",
                    "Throw_Detach": "1",
                    "forcegravity": "1",
                    "velocity": "3",
                    "angularvelocity": "2"
                },
                "Smoothing": "1",
                "Smoothing_duration": "0.5",
                "attachtransform": {
                    "#rotate_x": "null",
                    "#rotate_y": "null",
                    "#rotate_z": "null",
                    "#pos_x": "null",
                    "#pos_y": "null",
                    "#pos_z": "null"
                },
                "XRRigidObject": {
                    "value": "1",
                    "mass": "20",
                    "dragfriction": "5",
                    "angulardrag": "4",
                    "Isgravityenable": "true",
                    "IsKinematic": "1",
                    "CanInterpolate": "0",
                    "CollisionPolling": "discreet/continous"
                },
                "aud_hasaudio": "0",
                "aud_type": "static/dynamic",
                "aud_src": "/path",
                "aud_volume": "10",
                "aud_PlayInloop": "0",
                "aud_IsSurround": "1",
                "aud_Dopplerlevel": "0.9",
                "aud_spread": "null",
                "aud_mindist": "null",
                "aud_maxdist": "null",
                "_Opttxt1": "null",
                "@context_img_source": "blank"
            },
            {
                "_objectname": "customize_setting",
                "_sid": "_customize",
                "_slabel": "This is used to select type of car, terrain and difficulty",
                "_IsHidden": 0,
                "_enumcount": 1,
                "_Is3DObject": 1,
                "HasChild": 0,
                "shape": "rectangle",
                "dimension": {
                    "dradii": 5,
                    "dvolumn": "30",
                    "dlength": "null",
                    "dbreadth": "null",
                    "dheigth": "null"
                },
                "IsText": false,
                "IsText3D": false,
                "lighting": {
                    "CastShadow": "0",
                    "ReceiveShadow": "0",
                    "ContributeGlobalIlumination": "0"
                },
                "IsIlluminate": true,
                "Transform_initialpos": {
                    "#x_initialpos": "20",
                    "#y_initialpos": "10",
                    "#z_initialpos": "5"
                },
                "Transform_initialrotation": {
                    "#x_initialrotation": "0",
                    "#y_initialrotation": "0",
                    "#z_initialrotation": "0"
                },
                "Transform_objectscale": {
                    "#x_objectscale": "4",
                    "#y_objectscale": "4",
                    "#z_objectscale": "1"
                },
                "repeattransfrom": {
                    "distfactorx": "1",
                    "distfactory": "1",
                    "distfactorz": "1"
                },
                "Interaction": {
                    "XRGrabInteractable": "1",
                    "XRInteractionMaskLayer": "nothing",
                    "TrackPosition": "1",
                    "TrackRotation": "1",
                    "Throw_Detach": "1",
                    "forcegravity": "1",
                    "velocity": "3",
                    "angularvelocity": "2"
                },
                "Smoothing": "1",
                "Smoothing_duration": "0.5",
                "attachtransform": {
                    "#rotate_x": "null",
                    "#rotate_y": "null",
                    "#rotate_z": "null",
                    "#pos_x": "null",
                    "#pos_y": "null",
                    "#pos_z": "null"
                },
                "XRRigidObject": {
                    "value": "1",
                    "mass": "20",
                    "dragfriction": "5",
                    "angulardrag": "4",
                    "Isgravityenable": "true",
                    "IsKinematic": "1",
                    "CanInterpolate": "0",
                    "CollisionPolling": "discreet/continous"
                },
                "aud_hasaudio": "0",
                "aud_type": "static/dynamic",
                "aud_src": "/path",
                "aud_volume": "10",
                "aud_PlayInloop": "0",
                "aud_IsSurround": "1",
                "aud_Dopplerlevel": "0.9",
                "aud_spread": "null",
                "aud_mindist": "null",
                "aud_maxdist": "null",
                "_Opttxt1": "null",
                "@context_img_source": "blank"
            },
            {
                "_objectname": "Login_Register",
                "_sid": "_lgre",
                "_slabel": "This is used to login /register page to the user",
                "_IsHidden": 0,
                "_enumcount": 1,
                "_Is3DObject": 1,
                "HasChild": 0,
                "shape": "rectangle",
                "dimension": {
                    "dradii": 5,
                    "dvolumn": "30",
                    "dlength": "null",
                    "dbreadth": "null",
                    "dheigth": "null"
                },
                "IsText": false,
                "IsText3D": false,
                "lighting": {
                    "CastShadow": "0",
                    "ReceiveShadow": "0",
                    "ContributeGlobalIlumination": "0"
                },
                "IsIlluminate": true,
                "Transform_initialpos": {
                    "#x_initialpos": "20",
                    "#y_initialpos": "10",
                    "#z_initialpos": "5"
                },
                "Transform_initialrotation": {
                    "#x_initialrotation": "0",
                    "#y_initialrotation": "0",
                    "#z_initialrotation": "0"
                },
                "Transform_objectscale": {
                    "#x_objectscale": "4",
                    "#y_objectscale": "4",
                    "#z_objectscale": "1"
                },
                "repeattransfrom": {
                    "distfactorx": "1",
                    "distfactory": "1",
                    "distfactorz": "1"
                },
                "Interaction": {
                    "XRGrabInteractable": "1",
                    "XRInteractionMaskLayer": "nothing",
                    "TrackPosition": "1",
                    "TrackRotation": "1",
                    "Throw_Detach": "1",
                    "forcegravity": "1",
                    "velocity": "3",
                    "angularvelocity": "2"
                },
                "Smoothing": "1",
                "Smoothing_duration": "0.5",
                "attachtransform": {
                    "#rotate_x": "null",
                    "#rotate_y": "null",
                    "#rotate_z": "null",
                    "#pos_x": "null",
                    "#pos_y": "null",
                    "#pos_z": "null"
                },
                "XRRigidObject": {
                    "value": "1",
                    "mass": "20",
                    "dragfriction": "5",
                    "angulardrag": "4",
                    "Isgravityenable": "true",
                    "IsKinematic": "1",
                    "CanInterpolate": "0",
                    "CollisionPolling": "discreet/continous"
                },
                "aud_hasaudio": "0",
                "aud_type": "static/dynamic",
                "aud_src": "/path",
                "aud_volume": "10",
                "aud_PlayInloop": "0",
                "aud_IsSurround": "1",
                "aud_Dopplerlevel": "0.9",
                "aud_spread": "null",
                "aud_mindist": "null",
                "aud_maxdist": "null",
                "_Opttxt1": "null",
                "@context_img_source": "blank"
            }
            

        ]
    }