{  "scenes" : [{
    "_scenename":"off-road Driving ",
    "_sid":"45189",
    "_slabel":"This is a driving training simulator",
       "_playarea":{
       "#pid":"p1",
       "#length":"5",
       "#breadth":"5",
       "#height":"5",
       "#comment":"Values in feets",
       "#x_scenecenter":0,
       "#y_scenecenter":5,
       "#z_scenecenter":0
       },   
    "_camera":
   { 
      "IsSceneObject":true,
      "trackingorigin":"floor"
    },
    "_initialcamerapos":{
       "#x_initialcamerapos":"0",
       "#y_initialcamerapos":"5",
       "#z_initialcamerapos":"0"
    },
    "_viewport":{
       "#x_viewport":"0",
       "#y_viewport":"0",
       "#w_viewport":"1",
       "#h_viewport":"1"
      },    
     "_clippingplane":{
     "near_cp":0.01,
     "far_cp":1000
     }, 
    "_horizon":true,
    "_dof":6,
    "_skybox":6,
    "_controllers":
     {
         "type":"hand", "raycast":true, "raydistance":10, "raythinkness":1, "raycolor":"yellow", "raytype":"straightline"
      },
    "_gravity":{
      "value":10
    },
    "_interaction":true,
    "_nestedscene":{
       "#value":false,
       "#scenecount":0,
       "#sid_order":0
    },
    "_audio":true,
    "_timeline":true,
    "_Opttxt1":"Drive Safe",
    "@context_mock":"_blank",
    "usertype":[
    {
      "type": "single",
      "uplayarea":{
      "#length_uplayarea":20,
      "#breadth_uplayarea":20,
      "#height_uplayarea":50
     },
     "initialupos":{
       "#x_initialupos":-10,
       "#y_initialupos":0,
       "#z_initialupos":0
         },
         "uplayareacenter":{
       "#x_uplayareacenter":-10,
       "#y_uplayareacenter":10,
       "#z_uplayareacenter":0
       }
    },
       {
      "type": "multi",
      "uplayarea":{
      "#length_uplayarea":25,
      "#breadth_uplayarea":25,
      "#height_uplayarea":50
     },
     "initialupos":{
       "#x_initialupos":-10,
       "#y_initialupos":0,
       "#z_initialupos":0
         },
         "uplayareacenter":{
       "#x_uplayareacenter":-10,
       "#y_uplayareacenter":10,
       "#z_uplayareacenter":0
       }
       }
     ]
 },




 {
  "_scenename":"City Driving ",
  "_sid":"45190",
  "_slabel":"This is a driving training simulator",
     "_playarea":{
     "#pid":"p1",
     "#length":"5",
     "#breadth":"5",
     "#height":"5",
     "#comment":"Values in feets",
     "#x_scenecenter":0,
     "#y_scenecenter":5,
     "#z_scenecenter":0
     },   
  "_camera":
 { 
    "IsSceneObject":true,
    "trackingorigin":"floor"
  },
  "_initialcamerapos":{
     "#x_initialcamerapos":"0",
     "#y_initialcamerapos":"5",
     "#z_initialcamerapos":"0"
  },
  "_viewport":{
     "#x_viewport":"0",
     "#y_viewport":"0",
     "#w_viewport":"1",
     "#h_viewport":"1"
    },    
   "_clippingplane":{
   "near_cp":0.01,
   "far_cp":1000
   }, 
  "_horizon":true,
  "_dof":6,
  "_skybox":6,
  "_controllers":
   {
       "type":"hand", "raycast":true, "raydistance":10, "raythinkness":1, "raycolor":"white", "raytype":"straightline"
    },
  "_gravity":{
    "value":10
  },
  "_interaction":true,
  "_nestedscene":{
     "#value":false,
     "#scenecount":0,
     "#sid_order":0
  },
  "_audio":true,
  "_timeline":true,
  "_Opttxt1":"Drive Safe",
  "@context_mock":"_blank",
  "usertype":[
  {
    "type": "single",
    "uplayarea":{
    "#length_uplayarea":20,
    "#breadth_uplayarea":20,
    "#height_uplayarea":50
   },
   "initialupos":{
     "#x_initialupos":-10,
     "#y_initialupos":0,
     "#z_initialupos":0
       },
       "uplayareacenter":{
     "#x_uplayareacenter":-10,
     "#y_uplayareacenter":10,
     "#z_uplayareacenter":0
     }
  },
     {
    "type": "multi",
    "uplayarea":{
    "#length_uplayarea":25,
    "#breadth_uplayarea":25,
    "#height_uplayarea":50
   },
   "initialupos":{
     "#x_initialupos":-10,
     "#y_initialupos":0,
     "#z_initialupos":0
       },
       "uplayareacenter":{
     "#x_uplayareacenter":-10,
     "#y_uplayareacenter":10,
     "#z_uplayareacenter":0
     }
     }
   ]
 },

 {
  "_scenename":"High - Way Driving ",
  "_sid":"45191",
  "_slabel":"This is a driving training simulator",
     "_playarea":{
     "#pid":"p1",
     "#length":"5",
     "#breadth":"5",
     "#height":"5",
     "#comment":"Values in feets",
     "#x_scenecenter":0,
     "#y_scenecenter":5,
     "#z_scenecenter":0
     },   
  "_camera":
 { 
    "IsSceneObject":true,
    "trackingorigin":"floor"
  },
  "_initialcamerapos":{
     "#x_initialcamerapos":"0",
     "#y_initialcamerapos":"5",
     "#z_initialcamerapos":"0"
  },
  "_viewport":{
     "#x_viewport":"0",
     "#y_viewport":"0",
     "#w_viewport":"1",
     "#h_viewport":"1"
    },    
   "_clippingplane":{
   "near_cp":0.01,
   "far_cp":1000
   }, 
  "_horizon":true,
  "_dof":6,
  "_skybox":6,
  "_controllers":
   {
       "type":"hand", "raycast":true, "raydistance":10, "raythinkness":1, "raycolor":"white", "raytype":"straightline"
    },
  "_gravity":{
    "value":10
  },
  "_interaction":true,
  "_nestedscene":{
     "#value":false,
     "#scenecount":0,
     "#sid_order":0
  },
  "_audio":true,
  "_timeline":true,
  "_Opttxt1":"Drive Safe",
  "@context_mock":"_blank",
  "usertype":[
  {
    "type": "single",
    "uplayarea":{
    "#length_uplayarea":20,
    "#breadth_uplayarea":20,
    "#height_uplayarea":50
   },
   "initialupos":{
     "#x_initialupos":-10,
     "#y_initialupos":0,
     "#z_initialupos":0
       },
       "uplayareacenter":{
     "#x_uplayareacenter":-10,
     "#y_uplayareacenter":10,
     "#z_uplayareacenter":0
     }
  },
     {
    "type": "multi",
    "uplayarea":{
    "#length_uplayarea":25,
    "#breadth_uplayarea":25,
    "#height_uplayarea":50
   },
   "initialupos":{
     "#x_initialupos":-10,
     "#y_initialupos":0,
     "#z_initialupos":0
       },
       "uplayareacenter":{
     "#x_uplayareacenter":-10,
     "#y_uplayareacenter":10,
     "#z_uplayareacenter":0
     }
     }
   ]
 },

 {
  "_scenename":"Login/Register",
  "_sid":"45192",
  "_slabel":"Learn to Drive",
     "_playarea":{
     "#pid":"p1",
     "#length":"5",
     "#breadth":"5",
     "#height":"5",
     "#comment":"Values in feets",
     "#x_scenecenter":0,
     "#y_scenecenter":5,
     "#z_scenecenter":0
     },   
  "_camera":
 { 
    "IsSceneObject":true,
    "trackingorigin":"5 + floor"
  },
  "_initialcamerapos":{
     "#x_initialcamerapos":"0",
     "#y_initialcamerapos":"5",
     "#z_initialcamerapos":"0"
  },
  "_viewport":{
     "#x_viewport":"0",
     "#y_viewport":"0",
     "#w_viewport":"1",
     "#h_viewport":"1"
    },    
   "_clippingplane":{
   "near_cp":0.01,
   "far_cp":1000
   }, 
  "_horizon":false,
  "_dof":6,
  "_skybox":6,
  "_controllers":
   {
       "type":"hand", "raycast":true, "raydistance":10, "raythinkness":1, "raycolor":"white", "raytype":"straightline"
    },
  "_gravity":{
    "value":10
  },
  "_interaction":true,
  "_nestedscene":{
     "#value":false,
     "#scenecount":0,
     "#sid_order":0
  },
  "_audio":true,
  "_timeline":true,
  "_Opttxt1":"Drive Safe",
  "@context_mock":"_blank",
  "usertype":[
  {
    "type": "single",
    "uplayarea":{
    "#length_uplayarea":20,
    "#breadth_uplayarea":20,
    "#height_uplayarea":50
   },
   "initialupos":{
     "#x_initialupos":-10,
     "#y_initialupos":0,
     "#z_initialupos":0
       },
       "uplayareacenter":{
     "#x_uplayareacenter":-10,
     "#y_uplayareacenter":10,
     "#z_uplayareacenter":0
     }
  }

   ]
 },

 {
  "_scenename":"Customize car , Environment and Difficulty",
  "_sid":"45193",
  "_slabel":"Make your Selection",
     "_playarea":{
     "#pid":"p1",
     "#length":"5",
     "#breadth":"5",
     "#height":"5",
     "#comment":"Values in feets",
     "#x_scenecenter":0,
     "#y_scenecenter":5,
     "#z_scenecenter":0
     },   
  "_camera":
 { 
    "IsSceneObject":true,
    "trackingorigin":"5 + floor"
  },
  "_initialcamerapos":{
     "#x_initialcamerapos":"0",
     "#y_initialcamerapos":"5",
     "#z_initialcamerapos":"0"
  },
  "_viewport":{
     "#x_viewport":"0",
     "#y_viewport":"0",
     "#w_viewport":"1",
     "#h_viewport":"1"
    },    
   "_clippingplane":{
   "near_cp":0.01,
   "far_cp":1000
   }, 
  "_horizon":false,
  "_dof":6,
  "_skybox":6,
  "_controllers":
   {
       "type":"hand", "raycast":true, "raydistance":10, "raythinkness":1, "raycolor":"white", "raytype":"straightline"
    },
  "_gravity":{
    "value":10
  },
  "_interaction":true,
  "_nestedscene":{
     "#value":false,
     "#scenecount":0,
     "#sid_order":0
  },
  "_audio":true,
  "_timeline":true,
  "_Opttxt1":"Drive Safe",
  "@context_mock":"_blank",
  "usertype":[
  {
    "type": "single",
    "uplayarea":{
    "#length_uplayarea":20,
    "#breadth_uplayarea":20,
    "#height_uplayarea":50
   },
   "initialupos":{
     "#x_initialupos":-10,
     "#y_initialupos":0,
     "#z_initialupos":0
       },
       "uplayareacenter":{
     "#x_uplayareacenter":-10,
     "#y_uplayareacenter":10,
     "#z_uplayareacenter":0
     }
  }

   ]
 },

 {
  "_scenename":"ScoreBoard",
  "_sid":"45194",
  "_slabel":"Result of this Round",
     "_playarea":{
     "#pid":"p1",
     "#length":"5",
     "#breadth":"5",
     "#height":"5",
     "#comment":"Values in feets",
     "#x_scenecenter":0,
     "#y_scenecenter":5,
     "#z_scenecenter":0
     },   
  "_camera":
 { 
    "IsSceneObject":true,
    "trackingorigin":"5 + floor"
  },
  "_initialcamerapos":{
     "#x_initialcamerapos":"0",
     "#y_initialcamerapos":"5",
     "#z_initialcamerapos":"0"
  },
  "_viewport":{
     "#x_viewport":"0",
     "#y_viewport":"0",
     "#w_viewport":"1",
     "#h_viewport":"1"
    },    
   "_clippingplane":{
   "near_cp":0.01,
   "far_cp":1000
   }, 
  "_horizon":false,
  "_dof":6,
  "_skybox":6,
  "_controllers":
   {
       "type":"hand", "raycast":true, "raydistance":10, "raythinkness":1, "raycolor":"orange", "raytype":"straightline"
    },
  "_gravity":{
    "value":0
  },
  "_interaction":false,
  "_nestedscene":{
     "#value":false,
     "#scenecount":0,
     "#sid_order":0
  },
  "_audio":true,
  "_timeline":true,
  "_Opttxt1":"Drive Safe",
  "@context_mock":"_blank",
  "usertype":[
  {
    "type": "single",
    "uplayarea":{
    "#length_uplayarea":20,
    "#breadth_uplayarea":20,
    "#height_uplayarea":50
   },
   "initialupos":{
     "#x_initialupos":-10,
     "#y_initialupos":0,
     "#z_initialupos":0
       },
       "uplayareacenter":{
     "#x_uplayareacenter":-10,
     "#y_uplayareacenter":10,
     "#z_uplayareacenter":0
     }
  }

   ]
 }


]
}