{
	
	"animate_trigSync":[{
	   "tsyncid":"turn_signal_sync",
	   "tsOntrigger":"true", 
	   "SyncObjList":["indicator_light"], 
	   "tSyncNote":"Turn signal light should turn on when the turn signal is activated."
	},
	{
		"tsyncid":"!Credential",
		"tsOntrigger":"true", 
		"SyncObjList":["Invalid_credential"], 
		"tSyncNote":"When user enters invalid credentials a message is displayed."
	},
	{
		"tsyncid":"CustSet",
		"tsOntrigger":"true", 
		"SyncObjList":["customize_setting"], 
		"tSyncNote":"User is able to select the type of terrain , difficulty level and choose modification settings of car."
	}
	],
	
	"animate_nontrigSync":{
	   "ntsyncid":"pedestrian_sync",
	   "ntsOntrigger":"false", 
	   "ntSyncObjList":["pedestrian"], 
	   "ntSyncNote":"Pedestrian should be walking on the sidewalk."
	},

	
	"animate_trigAsync":[{
	   "tasyncid":"steering_wheel_async",
	   "taOntrigger":"true", 
	   "tAsyncObjList":["steering_wheel"], 
	   "tAsyncNote":"The steering wheel should rotate when the user turns it."
	},
	{
		"tasyncid":"LogReg",
		"taOntrigger":"true", 
		"tAsyncObjList":["Login_Register"], 
		"tAsyncNote":"The steering wheel should rotate when the user turns it."
	 }
],
	
	"animate_nontrigAsync":[{
	   "ntasyncid":"tree_async",
	   "ntaOntrigger":"false", 
	   "ntAsyncObjList":["trees", "bushes"], 
	   "ntAsyncNote":"Trees and bushes should sway in the wind."
	},
	{
		"ntasyncid":"Get_Feed",
		"ntaOntrigger":"false", 
		"ntAsyncObjList":["Feedback"], 
		"ntAsyncNote":"Trees and bushes should sway in the wind."
	}
],

	   
	"routine": [
		{  
		   "routeid":"route1",
		   "starttime":"10:00:00",
		   "endtime":"10:10:00",  
		   "order":["LogReg","!Credential","CustSet","turn_signal_sync", "steering_wheel_async", "pedestrian_sync", "Get_Feed"]
		},
		{  
		   "routeid":"route2",
		   "starttime":"10:15:00",
		   "endtime":"10:25:00",  
		   "order":["LogReg","!Credential","turn_signal_sync", "steering_wheel_async", "pedestrian_sync", "Get_Feed"]
		},
		{  
		   "routeid":"route3",
		   "starttime":"10:30:00",
		   "endtime":"10:40:00",  
		   "order":["LogReg","!Credential","turn_signal_sync", "steering_wheel_async", "pedestrian_sync"]
		},
		{  
		   "routeid":"route4",
		   "starttime":"11:00:00",
		   "endtime":"11:20:00",  
		   "order":["LogReg","!Credential","CustSet","turn_signal_sync", "steering_wheel_async", "pedestrian_sync"]
		}
	]
} 
