{
   "ObjList": [
      "_fielder1",
      "_fielder2",
      "_fielder3",
      "_fielder4",
      "_bowler",
      "_field",
      "_ball",
      "_umpire",
      "_bat",
      "_stumps_batting",
      "_stumps_bowling",
      "audience",
      "_batter",
      "_scoreboard"
   ],
   "ObjAction": [
      {
         "sourceObj": "_ball",
         "targetObj": [
            {
               "value": "_fielder1",
               "actresid": "ball_fielder1",
               "IsCollision": true,
               "response": "collect",
               "comment": "fielder1 collects the ball.",
               "Syncronous": true,
               "repeat": [
                  "_fielder2",
                  "_fielder3",
                  "_fielder4",
                  "_bowler"
               ]
            },
            {
               "value": "_stumps_batting",
               "actresid": "ball_stumps_batting",
               "IsCollision": true,
               "response": "natural",
               "comment": "the stumps get knocked by the ball.",
               "Syncronous": true,
               "repeat": [
                  "_stumps_bowling"
               ]
            }
         ]
      },
      {
         "sourceObj": "_bat",
         "targetObj": [
            {
               "value": "_ball",
               "actresid": "_bat_ball",
               "IsCollision": true,
               "response": "hit",
               "comment": "batter hits the ball.",
               "Syncronous": true,
               "repeat": [
                  null
               ]
            },
            {
               "value": "_stumps_batting",
               "actresid": "_bat_stumps_batting",
               "IsCollision": true,
               "response": "natural",
               "comment": "batter hits the stumps_batting.",
               "Syncronous": true,
               "repeat": [
                  null
               ]
            }
         ]
      },
      {
         "sourceObj": "_batter",
         "targetObj": [
            {
               "value": "_umpire",
               "actresid": "_batter_umpire",
               "IsCollision": false,
               "response": "Signal",
               "comment": "Umpire gives the required Signal.",
               "Syncronous": true,
               "repeat": [
                  null
               ]
            }
         ]
      },
      {
         "sourceObj": "_fielder1",
         "targetObj": [
            {
               "value": "umpire",
               "actresid": "_fielder1_umpire",
               "IsCollision": false,
               "response": "Signal",
               "comment": "Umpire gives the required Signal.",
               "Syncronous": true,
               "repeat": [
                  null
               ]
            }
         ]
      },
      {
         "sourceObj": "_fielder2",
         "targetObj": [
            {
               "value": "umpire",
               "actresid": "_fielder2_umpire",
               "IsCollision": false,
               "response": "Signal",
               "comment": "Umpire gives the required Signal.",
               "Syncronous": true,
               "repeat": [
                  null
               ]
            }
         ]
      },
      {
         "sourceObj": "_fielder3",
         "targetObj": [
            {
               "value": "umpire",
               "actresid": "_fielder3_umpire",
               "IsCollision": false,
               "response": "Signal",
               "comment": "Umpire gives the required Signal.",
               "Syncronous": true,
               "repeat": [
                  null
               ]
            }
         ]
      },
      {
         "sourceObj": "_fielder4",
         "targetObj": [
            {
               "value": "umpire",
               "actresid": "_fielder4_umpire",
               "IsCollision": false,
               "response": "Signal",
               "comment": "Umpire gives the required Signal.",
               "Syncronous": true,
               "repeat": [
                  null
               ]
            }
         ]
      },
      {
         "sourceObj": "_bowler",
         "targetObj": [
            {
               "value": "umpire",
               "actresid": "_bowler_umpire",
               "IsCollision": false,
               "response": "Signal",
               "comment": "Umpire gives the required Signal.",
               "Syncronous": true,
               "repeat": [
                  null
               ]
            }
         ]
      },
      {
         "sourceObj": "_umpire",
         "targetObj": [
            {
               "value": "_scoreboard",
               "actresid": "_umpire_scoreboard",
               "IsCollision": false,
               "response": "update",
               "comment": "Scoreboard updates according to umpire's Signal.",
               "Syncronous": true,
               "repeat": [
                  null
               ]
            }
         ]
      }
   ]
}