{
     "articles": [
          {
               "_objectname": "Ball",
               "_sid": "ball-01",
               "_slabel": "This object is the cricket ball",
               "_IsHidden": 0,
               "_enumcount": 1,
               "_Is3DObject": 1,
               "HasChild": 0,
               "shape": "sphere",
               "dimension": {
                    "dradii": "1.4in",
                    "dvolumn": "9.43in",
                    "dlength": "2.8in",
                    "dbreadth": "",
                    "dheight": ""
               },
               "IsText": false,
               "IsText3D": false,
               "lighting": {
                    "CastShadow": "1",
                    "ReceiveShadow": "1",
                    "ContributeGlobalIlumination": "0"
               },
               "IsIlluminate": false,
               "Transform_initialpos": {
                    "#x_initialpos": "0",
                    "#y_initialpos": "5",
                    "#z_initialpos": "0"
               },
               "Transform_initialrotation": {
                    "#x_initialrotation": "0",
                    "#y_initialrotation": "5",
                    "#z_initialrotation": "0"
               },
               "Transform_objectscale": {
                    "#x_objectscale": "0",
                    "#y_objectscale": "5",
                    "#z_objectscale": "0"
               },
               "repeattransfrom": {
                    "distfactorx": "null",
                    "distfactory": "null",
                    "distfactorz": "null"
               },
               "Interaction": {
                    "XRGrabInteractable": "0",
                    "XRInteractionMaskLayer": "nothing/everything/custom",
                    "TrackPosition": "1",
                    "TrackRotation": "1",
                    "Throw_Detach": "1",
                    "forcegravity": "1",
                    "velocity": "1",
                    "angularvelocity": "1"
               },
               "Smoothing": "0",
               "Smoothing_duration": "0.5",
               "attachtransform": {
                    "#rotate_x": "null",
                    "#rotate_y": "null",
                    "#rotate_z": "null",
                    "#pos_x": "null",
                    "#pos_y": "null",
                    "#pos_z": "null"
               },
               "XRRigidObject": {
                    "value": "1",
                    "mass": "155.9g",
                    "dragfriction": "1",
                    "angulardrag": "4",
                    "Isgravityenable": "1",
                    "IsKinematic": "1",
                    "CanInterpolate": "0",
                    "CollisionPolling": "1"
               },
               "aud_hasaudio": "1",
               "aud_type": "static/dynamic",
               "aud_src": "/path",
               "aud_volume": "10",
               "aud_PlayInloop": "0",
               "aud_IsSurround": "1",
               "aud_Dopplerlevel": "0.9",
               "aud_spread": "null",
               "aud_mindist": "null",
               "aud_maxdist": "null",
               "_Opttxt1": "null",
               "@context_img_source": "blank"
          },
          {
               "_objectname": "Bat",
               "_sid": "bat-01",
               "_slabel": "This object is the cricket bat",
               "_IsHidden": 0,
               "_enumcount": 2,
               "_Is3DObject": 1,
               "HasChild": 0,
               "shape": "combination of cuboid and cylinder",
               "dimension": {
                    "dradii": "NULL",
                    "dvolumn": "446cin",
                    "dlength": "42in",
                    "dbreadth": "",
                    "dheight": "122cm"
               },
               "IsText": false,
               "IsText3D": false,
               "lighting": {
                    "CastShadow": "1",
                    "ReceiveShadow": "1",
                    "ContributeGlobalIlumination": "0"
               },
               "IsIlluminate": false,
               "Transform_initialpos": {
                    "#x_initialpos": "0",
                    "#y_initialpos": "5",
                    "#z_initialpos": "0"
               },
               "Transform_initialrotation": {
                    "#x_initialrotation": "0",
                    "#y_initialrotation": "5",
                    "#z_initialrotation": "0"
               },
               "Transform_objectscale": {
                    "#x_objectscale": "0",
                    "#y_objectscale": "5",
                    "#z_objectscale": "0"
               },
               "repeattransfrom": {
                    "distfactorx": "null",
                    "distfactory": "null",
                    "distfactorz": "null"
               },
               "Interaction": {
                    "XRGrabInteractable": "0",
                    "XRInteractionMaskLayer": "nothing/everything/custom",
                    "TrackPosition": "1",
                    "TrackRotation": "1",
                    "Throw_Detach": "1",
                    "forcegravity": "1",
                    "velocity": "NULL",
                    "angularvelocity": "NULL"
               },
               "Smoothing": "0",
               "Smoothing_duration": "0.5",
               "attachtransform": {
                    "#rotate_x": "null",
                    "#rotate_y": "null",
                    "#rotate_z": "null",
                    "#pos_x": "null",
                    "#pos_y": "null",
                    "#pos_z": "null"
               },
               "XRRigidObject": {
                    "value": "1",
                    "mass": "1.1kg",
                    "dragfriction": "1",
                    "angulardrag": "4",
                    "Isgravityenable": "1",
                    "IsKinematic": "1",
                    "CanInterpolate": "0",
                    "CollisionPolling": "1"
               },
               "aud_hasaudio": "1",
               "aud_type": "static/dynamic",
               "aud_src": "/path",
               "aud_volume": "10",
               "aud_PlayInloop": "0",
               "aud_IsSurround": "1",
               "aud_Dopplerlevel": "0.9",
               "aud_spread": "null",
               "aud_mindist": "null",
               "aud_maxdist": "null",
               "_Opttxt1": "null",
               "@context_img_source": "blank"
          },
          {
               "_objectname": "Stumps",
               "_sid": "stump",
               "_slabel": "This object is the cricket stump",
               "_IsHidden": 0,
               "_enumcount": 6,
               "_Is3DObject": 1,
               "HasChild": 0,
               "shape": "combination of cuboid and cylinder",
               "dimension": {
                    "dradii": "1.75cm",
                    "dvolumn": "3.53cin",
                    "dlength": "",
                    "dbreadth": "",
                    "dheight": "76.2cm"
               },
               "IsText": false,
               "IsText3D": false,
               "lighting": {
                    "CastShadow": "1",
                    "ReceiveShadow": "1",
                    "ContributeGlobalIlumination": "0"
               },
               "IsIlluminate": false,
               "Transform_initialpos": {
                    "#x_initialpos": "0",
                    "#y_initialpos": "5",
                    "#z_initialpos": "0"
               },
               "Transform_initialrotation": {
                    "#x_initialrotation": "0",
                    "#y_initialrotation": "5",
                    "#z_initialrotation": "0"
               },
               "Transform_objectscale": {
                    "#x_objectscale": "0",
                    "#y_objectscale": "5",
                    "#z_objectscale": "0"
               },
               "repeattransfrom": {
                    "distfactorx": "null",
                    "distfactory": "null",
                    "distfactorz": "null"
               },
               "Interaction": {
                    "XRGrabInteractable": "0",
                    "XRInteractionMaskLayer": "nothing/everything/custom",
                    "TrackPosition": "1",
                    "TrackRotation": "1",
                    "Throw_Detach": "1",
                    "forcegravity": "1",
                    "velocity": "NULL",
                    "angularvelocity": "NULL"
               },
               "Smoothing": "0",
               "Smoothing_duration": "0.5",
               "attachtransform": {
                    "#rotate_x": "null",
                    "#rotate_y": "null",
                    "#rotate_z": "null",
                    "#pos_x": "null",
                    "#pos_y": "null",
                    "#pos_z": "null"
               },
               "XRRigidObject": {
                    "value": "1",
                    "mass": "0.68 kg",
                    "dragfriction": "1",
                    "angulardrag": "4",
                    "Isgravityenable": "1",
                    "IsKinematic": "1",
                    "CanInterpolate": "0",
                    "CollisionPolling": "1"
               },
               "aud_hasaudio": "1",
               "aud_type": "static/dynamic",
               "aud_src": "/path",
               "aud_volume": "10",
               "aud_PlayInloop": "0",
               "aud_IsSurround": "1",
               "aud_Dopplerlevel": "0.9",
               "aud_spread": "null",
               "aud_mindist": "null",
               "aud_maxdist": "null",
               "_Opttxt1": "null",
               "@context_img_source": "blank"
          },
          {
               "_objectname": "Umpire",
               "_sid": "umpire",
               "_slabel": "This object is an umpire",
               "_IsHidden": 0,
               "_enumcount": 2,
               "_Is3DObject": 1,
               "HasChild": 0,
               "shape": "Undefined shape",
               "dimension": {
                    "dradii": "",
                    "dvolumn": "",
                    "dlength": "",
                    "dbreadth": "",
                    "dheight": "177cm"
               },
               "IsText": false,
               "IsText3D": false,
               "lighting": {
                    "CastShadow": "1",
                    "ReceiveShadow": "1",
                    "ContributeGlobalIlumination": "0"
               },
               "IsIlluminate": false,
               "Transform_initialpos": {
                    "#x_initialpos": "0",
                    "#y_initialpos": "5",
                    "#z_initialpos": "0"
               },
               "Transform_initialrotation": {
                    "#x_initialrotation": "0",
                    "#y_initialrotation": "5",
                    "#z_initialrotation": "0"
               },
               "Transform_objectscale": {
                    "#x_objectscale": "0",
                    "#y_objectscale": "5",
                    "#z_objectscale": "0"
               },
               "repeattransfrom": {
                    "distfactorx": "null",
                    "distfactory": "null",
                    "distfactorz": "null"
               },
               "Interaction": {
                    "XRGrabInteractable": "0",
                    "XRInteractionMaskLayer": "nothing/everything/custom",
                    "TrackPosition": "1",
                    "TrackRotation": "1",
                    "Throw_Detach": "1",
                    "forcegravity": "1",
                    "velocity": "NULL",
                    "angularvelocity": "NULL"
               },
               "Smoothing": "0",
               "Smoothing_duration": "0.5",
               "attachtransform": {
                    "#rotate_x": "null",
                    "#rotate_y": "null",
                    "#rotate_z": "null",
                    "#pos_x": "null",
                    "#pos_y": "null",
                    "#pos_z": "null"
               },
               "XRRigidObject": {
                    "value": "1",
                    "mass": "70kg",
                    "dragfriction": "0",
                    "angulardrag": "4",
                    "Isgravityenable": "1",
                    "IsKinematic": "1",
                    "CanInterpolate": "0",
                    "CollisionPolling": "1"
               },
               "aud_hasaudio": "1",
               "aud_type": "static/dynamic",
               "aud_src": "/path",
               "aud_volume": "10",
               "aud_PlayInloop": "0",
               "aud_IsSurround": "1",
               "aud_Dopplerlevel": "0.9",
               "aud_spread": "null",
               "aud_mindist": "null",
               "aud_maxdist": "null",
               "_Opttxt1": "null",
               "@context_img_source": "blank"
          },
          {
               "_objectname": "Player",
               "_sid": "player",
               "_slabel": "This object is a player",
               "_IsHidden": 0,
               "_enumcount": 11,
               "_Is3DObject": 1,
               "HasChild": 0,
               "shape": "Undefined shape",
               "dimension": {
                    "dradii": "",
                    "dvolumn": "",
                    "dlength": "",
                    "dbreadth": "",
                    "dheight": "177cm"
               },
               "IsText": false,
               "IsText3D": false,
               "lighting": {
                    "CastShadow": "1",
                    "ReceiveShadow": "1",
                    "ContributeGlobalIlumination": "0"
               },
               "IsIlluminate": false,
               "Transform_initialpos": {
                    "#x_initialpos": "0",
                    "#y_initialpos": "5",
                    "#z_initialpos": "0"
               },
               "Transform_initialrotation": {
                    "#x_initialrotation": "0",
                    "#y_initialrotation": "5",
                    "#z_initialrotation": "0"
               },
               "Transform_objectscale": {
                    "#x_objectscale": "0",
                    "#y_objectscale": "5",
                    "#z_objectscale": "0"
               },
               "repeattransfrom": {
                    "distfactorx": "null",
                    "distfactory": "null",
                    "distfactorz": "null"
               },
               "Interaction": {
                    "XRGrabInteractable": "0",
                    "XRInteractionMaskLayer": "nothing/everything/custom",
                    "TrackPosition": "1",
                    "TrackRotation": "1",
                    "Throw_Detach": "1",
                    "forcegravity": "1",
                    "velocity": "NULL",
                    "angularvelocity": "NULL"
               },
               "Smoothing": "0",
               "Smoothing_duration": "0.5",
               "attachtransform": {
                    "#rotate_x": "null",
                    "#rotate_y": "null",
                    "#rotate_z": "null",
                    "#pos_x": "null",
                    "#pos_y": "null",
                    "#pos_z": "null"
               },
               "XRRigidObject": {
                    "value": "1",
                    "mass": "70kg",
                    "dragfriction": "0",
                    "angulardrag": "4",
                    "Isgravityenable": "1",
                    "IsKinematic": "1",
                    "CanInterpolate": "0",
                    "CollisionPolling": "1"
               },
               "aud_hasaudio": "1",
               "aud_type": "static/dynamic",
               "aud_src": "/path",
               "aud_volume": "10",
               "aud_PlayInloop": "0",
               "aud_IsSurround": "1",
               "aud_Dopplerlevel": "0.9",
               "aud_spread": "null",
               "aud_mindist": "null",
               "aud_maxdist": "null",
               "_Opttxt1": "null",
               "@context_img_source": "blank"
          }
     ]
}

