{
	"setvalues":
	{
		"custom_variables": "$runs, $wickets, $balls,",
		"custom_functions": "#calculate_strike_rate, #calculate_average",
		"max_runs": "null",
		"max_wickets": "10",
		"max_balls": "120",
		"rObjList": [
			"_bowler",
			"_fielder1",
			"_fielder2",
			"_fielder3",
			"_fielder4",
			"_scoreboard",
            "_ball",
            "_umpire",
            "_bat",
            "_stumps_batting",
            "_stumps_bowling",
            "audience",
            "_batter"
		]
	},
	
	"rules": [
		{
			"rid": "runscore",
			"rtitle": "rule for run scoring",
			"logic": "aWYgKCRfYmF0c21hbiA9PSAnb3V0Jykgewokd2lja2V0cyA9ICR3aWNrZXRzICsgMTsKfQplbHNlIHsKJHJ1bnMgPSAkcnVucyArICRfYmF0c21hbjsKfQo="
		},
		{
			"rid": "wicketscore",
			"rtitle": "rule for wicket scoring",
			"logic": "aWYgKCRfYm93bGVyID09ICd3aWNrZXQnKSB7CiR3aWNrZXRzID0gJHdpY2tldHMgKyAxOwp9"
		},
		{
			"rid": "ballsplayed",
			"rtitle": "rule for balls played",
			"logic": "JGJhbGxzID0gJGJhbGxzICsgMTsK"
		},
			{
			"rid": "calculate_strike_rate",
			"rtitle": "rule for calculating strike rate",
			"logic": "aWYgKCRiYWxscyA+IDApIHsKcmV0dXJuICgkcnVucyAvICRiYWxscykgKiAxMDA7Cn0KZWxzZSB7CnJldHVybiAwOwp9Cg=="
		},
		{
			"rid": "calculate_average",
			"rtitle": "rule for calculating average",
			"logic": "aWYgKCR3aWNrZXRzID4gMCkgewpyZXR1cm4gJHJ1bnMgLyAkd2lja2V0czsKfQplbHNlIHsKcmV0dXJuICdOL0EnOwp9Cg=="
		}
	],
	
	"ruleorder": {
		"ordertype": "asc",
		"rorder": ["runscore", "wicketscore", "ballsplayed", "calculate_strike_rate", "calculate_average"]
	}
}

