{
     "_scenename": "batters_view",
     "_sid": "sb01",
     "_slabel": "This is scene from batters perspective in a cricket Game",
     "_playarea": {
          "#pid": "pb01",
          "#length_playarea": "137",
          "#breadth_playarea": "137",
          "#height_playarea": "25",
          "#comment": "Value in meters",
          "#x_scenecenter": "66",
          "#y_scenecenter": "60",
          "#z_scenecenter": "0"
     },
     "_camera": {
          "IsSceneObject": true,
          "trackingorigin": "1.7+floor"
     },
     "_initialcamerapos": {
          "#x_initialcamerapos": "66",
          "#y_initialcamerapos": "60",
          "#z_initialcamerapos": "1.7"
     },
     "_viewport": {
          "#x_viewport": 0,
          "#y_viewport": 0,
          "#w_viewport": 1,
          "#h_viewport": 1
     },
     "_clippingplane": {
          "near_cp": 0.01,
          "far_cp": 1000
     },
     "_horizon": true,
     "_dof": 6,
     "_skybox": 1,
     "_controllers": {
          "type": "Hand",
          "raycast": true,
          "raydistance": 10,
          "raythinkness": 1,
          "raycolor": "red",
          "raytype": "curve"
     },
     "_gravity": {
          "value": 10
     },
     "_interaction": true,
     "_nestedscene": {
          "#value": false,
          "#scenecount": 0,
          "#sid_order": 0
     },
     "_audio": true,
     "_timeline": true,
     "_Opttxt1": "null",
     "@context_mock": "_blank",
     "usertype": {
               "type": "single",
               "uplayarea": {
                    "#length_uplayarea": 137,
                    "#breadth_uplayarea": 137,
                    "#height_uplayarea": 25
               },
               "initialupos": {
                    "#x_initialupos": -10,
                    "#y_initialupos": 0,
                    "#z_initialupos": 0
               },
               "uplayareacenter": {
                    "#x_uplayareacenter": -10,
                    "#y_uplayareacenter": 10,
                    "#z_uplayareacenter": 0
               }
          }
}