{
	"animate_trigSync": {
		"tsyncid": "bat_swing",
		"tsOntrigger": true,
		"syncObjList": [
			{
				"objId": "bat",
				"animId": "swing",
				"duration": 1.5
			}
		],
		"tSyncNote": "Animate bat swing on trigger"
	},
	"animate_nontrigSync": {
		"ntsyncid": 2,
		"ntsOntrigger": false,
		"ntSyncObjList": [
			{
				"objId": "ball",
				"animId": "hit",
				"duration": 0.5
			},
			{
				"objId": "bat",
				"animId": "hit_reaction",
				"duration": 0.5
			}
		],
		"ntSyncNote": "Animate ball hit and bat reaction"
	},
	"animate_trigAsync": {
		"tasyncid": 3,
		"taOntrigger": true,
		"tAsyncObjList": [
			{
				"objId": "glove",
				"animId": "catch",
				"duration": 0.5
			},
			{
				"objId": "ball",
				"animId": "catched",
				"duration": 0
			}
		],
		"tAsyncNote": "Animate catching ball on trigger"
	},
	"animate_nontrigAsync": {
		"ntasyncid": 4,
		"ntaOntrigger": false,
		"ntAsyncObjList": [
			{
				"objId": "ball",
				"animId": "fall",
				"duration": 0.5
			}
		],
		"ntAsyncNote": "Animate ball falling"
	},
	"routine": [
		{
			"routeid": 1,
			"starttime": "00:00:00",
			"endtime": "00:01:30",
			"order": [
				{
					"id": "bat_swing",
					"trigger": true,
					"delay": 0,
					"duration": 0
				},
				{
					"id": "ball_hit",
					"trigger": false,
					"delay": 1,
					"duration": 0
				},
				{
					"id": "catch_ball",
					"trigger": true,
					"delay": 0,
					"duration": 0
				},
				{
					"id": "fall_ball",
					"trigger": false,
					"delay": 1,
					"duration": 0
				}
			]
		},
		{
			"routeid": 2,
			"starttime": "00:02:00",
			"endtime": "00:03:30",
			"order": [
				{
					"id": "bat_swing",
					"trigger": true,
					"delay": 0,
					"duration": 0
				},
				{
					"id": "ball_hit",
					"trigger": false,
					"delay": 1,
					"duration": 0
				},
				{
					"id": "catch_ball",
					"trigger": true,
					"delay": 0,
					"duration": 0
				},
				{
					"id": "fall_ball",
					"trigger": false,
					"delay": 1,
					"duration": 0
				}
			]
		}
	]
}