{
	"ObjAction": [
		{
			"actresid": "Target_hit",
			"sourceObj": "gun",
			"targetObj": "target",
			"IsCollision": "true",
			"response": "Give points",
			"comment": "Bullet hits the target",
			"Syncronous": "1",
			"repeatactionfor": "null"
		},
		{
			"actresid": "Target_miss",
			"sourceObj": "gun",
			"targetObj": "target",
			"IsCollision": "false",
			"response": "Give 0 points",
			"comment": "BUllet misses the target",
			"Syncronous": "1",
			"repeatactionfor": "null"
		}
	]
}
