{
    "articles": [
        {
            "_objectname": "Target",
            "_sid": "01",
            "_slabel": "Beginner Target which will be idle",
            "_IsHidden": "false",
            "_enumcount": "1",
            "_Is3DObject": "true",
            "HasChild": "false",
            "shape": "sphere",
            "dimension": {
                "dradii": "0.1m",
                "dvolumn": "null",
                "dlength": "null",
                "dbreadth": "null",
                "dheight": "null"
            },
            "IsText": "false",
            "IsText3D": "false",
            "lighting": {
                "CastShadow": "true",
                "ReceiveShadow": "true",
                "ContributeGlobalIlumination": "true"
            },
            "IsIlluminate": "true",
            "Transform_initialpos": {
                "#x_initialpos": "0m",
                "#y_initialpos": "1m",
                "#z_initialpos": "3m"
            },
            "Transform_initialrotation": {
                "#x_initialrotation": "0deg",
                "#y_initialrotation": "0deg",
                "#z_initialrotation": "0deg"
            },
            "Transform_objectscale": {
                "#x_objectscale": "1",
                "#y_objectscale": "1",
                "#z_objectscale": "1"
            },
            "repeattransfrom": {
                "distfactorx": "0m",
                "distfactory": "0m",
                "distfactorz": "0m"
            },
            "Interaction": {
                "XRGrabInteractable": "true",
                "XRInteractionMaskLayer": "",
                "TrackPosition": "true",
                "TrackRotation": "true",
                "Throw_Detach": "true",
                "forcegravity": "",
                "velocity": "",
                "angularvelocity": ""
            },
            "Smoothing": "true",
            "Smoothing_duration": "0.2s",
            "attachtransform": {
                "#rotate_x": "null",
                "#rotate_y": "null",
                "#rotate_z": "null",
                "#pos_x": "null",
                "#pos_y": "null",
                "#pos_z": "null"
            },
            "XRRigidObject": {
                "value": "true",
                "mass": "1kg",
                "dragfriction": "0.1",
                "angulardrag": "0.05",
                "Isgravityenable": "true",
                "IsKinematic": "false",
                "CanInterpolate": "false",
                "CollisionPolling": "true"
            },
            "aud_hasaudio": "false",
            "aud_type": "null",
            "aud_src": "null",
            "aud_volume": "null",
            "aud_PlayInloop": "null",
            "aud_IsSurround": "null",
            "aud_Dopplerlevel": "null",
            "aud_spread": "null",
            "aud_mindist": "null",
            "aud_maxdist": "null",
            "_Opttxt1": "null",
            "@context_img_source": "null"
        },
        {
            "_objectname": "Shooting Range Arena",
            "_sid": "Ground",
            "_slabel": "The customised ground for the shooting range",
            "_IsHidden": "0",
            "_enumcount": "1",
            "_Is3DObject": "0",
            "HasChild": "0",
            "shape": "Rectangle",
            "dimension": {
                "dradii": "null",
                "dvolumn": "null",
                "dlength": "200",
                "dbreadth": "100",
                "dheight": "null"
            },
            "IsText": "false",
            "IsText3D": "false",
            "lighting": {
                "CastShadow": "0",
                "ReceiveShadow": "1",
                "ContributeGlobalIlumination": "1"
            },
            "IsIlluminate": "true",
            "Transform_initialpos": {
                "#x_initialpos": "0",
                "#y_initialpos": "0",
                "#z_initialpos": "0"
            },
            "Transform_initialrotation": {
                "#x_initialrotation": "0",
                "#y_initialrotation": "0",
                "#z_initialrotation": "0"
            },
            "Transform_objectscale": {
                "#x_objectscale": "0",
                "#y_objectscale": "0",
                "#z_objectscale": "0"
            },
            "repeattransfrom": {
                "distfactorx": "null",
                "distfactory": "null",
                "distfactorz": "null"
            },
            "Interaction": {
                "XRGrabInteractable": "0",
                "XRInteractionMaskLayer": "everything",
                "TrackPosition": "0",
                "TrackRotation": "0",
                "Throw_Detach": "0",
                "forcegravity": "0",
                "velocity": "0",
                "angularvelocity": "0"
            },
            "Smoothing": "1",
            "Smoothing_duration": "0.5",
            "attachtransform": {
                "#rotate_x": "null",
                "#rotate_y": "null",
                "#rotate_z": "null",
                "#pos_x": "null",
                "#pos_y": "null",
                "#pos_z": "null"
            },
            "XRRigidObject": {
                "value": "1",
                "mass": "50000",
                "dragfriction": "0",
                "angulardrag": "0",
                "Isgravityenable": "true",
                "IsKinematic": "0",
                "CanInterpolate": "0",
                "CollisionPolling": "continous"
            },
            "aud_hasaudio": "1",
            "aud_type": "static/dynamic",
            "aud_src": "/path",
            "aud_volume": "10",
            "aud_PlayInloop": "0",
            "aud_IsSurround": "1",
            "aud_Dopplerlevel": "0.8",
            "aud_spread": "null",
            "aud_mindist": "null",
            "aud_maxdist": "null",
            "_Opttxt1": "null",
            "@context_img_source": "blank"
        },
        {
            "_objectname": "Weapons",
            "_sid": "01",
            "_slabel": "All available weapons",
            "_IsHidden": "1",
            "_enumcount": "4",
            "_Is3DObject": "0",
            "HasChild": "0",
            "shape": "cuboid",
            "dimension": {
                "dradii": "10mm",
                "dvolumn": "0.000471m^3",
                "dlength": "null",
                "dbreadth": "null",
                "dheight": "1.5m"
            },
            "IsText": "false",
            "IsText3D": "false",
            "lighting": {
                "CastShadow": "0",
                "ReceiveShadow": "0",
                "ContributeGlobalIlumination": "1"
            },
            "IsIlluminate": "true",
            "Transform_initialpos": {
                "#x_initialpos": "0",
                "#y_initialpos": "0",
                "#z_initialpos": "0"
            },
            "Transform_initialrotation": {
                "#x_initialrotation": "0",
                "#y_initialrotation": "0",
                "#z_initialrotation": "0"
            },
            "Transform_objectscale": {
                "#x_objectscale": "0",
                "#y_objectscale": "0",
                "#z_objectscale": "0"
            },
            "repeattransfrom": {
                "distfactorx": "null",
                "distfactory": "null",
                "distfactorz": "null"
            },
            "Interaction": {
                "XRGrabInteractable": "0",
                "XRInteractionMaskLayer": "everything",
                "TrackPosition": "0",
                "TrackRotation": "0",
                "Throw_Detach": "0",
                "forcegravity": "0",
                "velocity": "0",
                "angularvelocity": "0"
            },
            "Smoothing": "1",
            "Smoothing_duration": "0.5",
            "attachtransform": {
                "#rotate_x": "null",
                "#rotate_y": "null",
                "#rotate_z": "null",
                "#pos_x": "null",
                "#pos_y": "null",
                "#pos_z": "null"
            },
            "XRRigidObject": {
                "value": "1",
                "mass": "null",
                "dragfriction": "0",
                "angulardrag": "0",
                "Isgravityenable": "false",
                "IsKinematic": "0",
                "CanInterpolate": "0",
                "CollisionPolling": "continous"
            },
            "aud_hasaudio": "1",
            "aud_type": "static/dynamic",
            "aud_src": "/path",
            "aud_volume": "10",
            "aud_PlayInloop": "0",
            "aud_IsSurround": "1",
            "aud_Dopplerlevel": "0.8",
            "aud_spread": "null",
            "aud_mindist": "null",
            "aud_maxdist": "null",
            "_Opttxt1": "null",
            "@context_img_source": "blank"
        }
    ]
}
