{
    "_scenename": "Virtual Shooting",
    "_sid": "VR0001",
    "_slabel": "ShootingRange",
    "_playarea": {
        "#pid": "001",
        "#length_playarea": "10",
        "#breadth_playarea": "10",
        "#height_playarea": "3",
        "#comment": "Shooting Range for One Player and one spectator",
        "#x_scenecenter": "5",
        "#y_scenecenter": "1.5",
        "#z_scenecenter": "5"
    },
    "_camera": {
        "IsSceneObject": "true",
        "trackingorigin": "EyeLevel"
    },
    "_initialcamerapos": {
        "#x_initialcamerapos": "0",
        "#y_initialcamerapos": "1.6",
        "#z_initialcamerapos": "0"
    },
    "_viewport": {
        "#x_viewport": "0",
        "#y_viewport": "0",
        "#w_viewport": "800",
        "#h_viewport": "600"
    },
    "_clippingplane": {
        "near_cp": "0.1",
        "far_cp": "100"
    },
    "_horizon": "50",
    "_dof": "true",
    "_skybox": "ShootingRangeSky",
    "_controllers": {
        "type": "wand",
        "raycast": "true",
        "raydistance": "10",
        "raythinkness": "0.01",
        "raycolor": "#00ff00",
        "raytype": "laser"
    },
    "_gravity": {
        "value": "9.8"
    },
    "_interaction": "ObjectGrabbing, vibration",
    "_nestedscene": {
        "#value": "false",
        "#scenecount": "0",
        "#sid_order": ""
    },
    "_audio": "ambient_music.mp3",
    "_timeline": "timeline.json",
    "_Opttxt1": "Wide range of guns are available in the game. You can choose any gun from the list of guns available in the game",
    "@context_mock": "",
    "usertype": [
        {
            "type": "Player1",
            "uplayarea": {
                "#length_uplayarea": "4",
                "#breadth_uplayarea": "4",
                "#height_uplayarea": "2.5"
            },
            "initialupos": {
                "#x_initialupos": "1",
                "#y_initialupos": "1.25",
                "#z_initialupos": "1"
            },
            "uplayareacenter": {
                "#x_uplayareacenter": "3",
                "#y_uplayareacenter": "1.25",
                "#z_uplayareacenter": "3"
            }
        },
        {
            "type": "Spectator",
            "uplayarea": {
                "#length_uplayarea": "2",
                "#breadth_uplayarea": "2",
                "#height_uplayarea": "2.5"
            },
            "initialupos": {
                "#x_initialupos": "6",
                "#y_initialupos": "1.25",
                "#z_initialupos": "7"
            },
            "uplayareacenter": {
                "#x_uplayareacenter": "7",
                "#y_uplayareacenter": "1.25",
                "#z_uplayareacenter": "8"
            }
        }
    ]
}