{
    "animate_trigSync": {
        "tsyncid": 1,
        "tsOntrigger": true,
        "SyncObjList": ["Gun", "Target"],
        "tSyncNote": "When the gun is fired and the bullet hits the target"
    },
    "animate_nontrigSync": {
        "ntsyncid": 2,
        "ntsOntrigger": false,
        "ntSyncObjList": ["Bullet", "Ground"],
        "ntSyncNote": "When the bullet hits the ground"
    },
    "animate_trigAsync": {
        "tasyncid": 3,
        "taOntrigger": true,
        "tAsyncObjList": ["Player", "Scoreboard"],
        "tAsyncNote": "When the player hits the target, update the scoreboard"
    },
    "animate_nontrigAsync": {
        "ntasyncid": 4,
        "ntaOntrigger": false,
        "ntAsyncObjList": ["Gun"],
        "ntAsyncNote": "Gun reloading"
    },
    "routine": [
        {
            "routeid": 1,
            "starttime": "00:00:00",
            "endtime": "00:05:00",
            "order": [1, 2, 4]
        },
        {
            "routeid": 2,
            "starttime": "00:02:30",
            "endtime": "00:03:00",
            "order": [1, 2, 3]
        },
        {
            "routeid": 3,
            "starttime": "00:03:00",
            "endtime": "00:05:00",
            "order": [1, 3]
        }
    ]
}
